#time,msd
0.0,0.0
4.0,89591.33958987391
8.0,109103.78740396566
12.0,119709.52031107346
16.0,128373.41990985378
20.0,138967.3531595401
24.0,148159.1250599876
28.0,155463.4486542908
32.0,163317.94904841742
36.0,172002.1643454576
40.0,177760.93902568897
44.0,183619.01401941894
48.0,191888.29021185136
52.0,196967.01719172747
56.0,201357.6596401452
60.0,207709.58486335687
64.0,214530.4605992157
68.0,218619.3356365519
72.0,222293.9396969164
76.0,228122.02440986497
80.0,230320.6078418222
84.0,233930.55841085035
88.0,236907.6263244887
92.0,239277.15715989572
96.0,245022.90642735714
100.0,248447.8985122234
104.0,252579.31768302727
108.0,253242.05954656558
112.0,255407.89390499966
116.0,259142.1956888622
120.0,259420.74479894788
124.0,263728.24945337325
128.0,264546.5171909562
132.0,267202.8898977969
136.0,269914.7397066795
140.0,275196.9836389567
144.0,275395.19444629166
148.0,277074.0190472063
152.0,278876.44201906404
156.0,279937.1537482926
160.0,283288.8522123264
164.0,282724.69105875044
168.0,284382.29962115176
172.0,286908.7850926595
176.0,287185.6263943872
180.0,291539.5072270315
184.0,292010.06988485006
188.0,293071.6594702201
192.0,294483.90212558146
196.0,295346.3252661162
200.0,299226.17870288366
204.0,300312.06177590473
208.0,301440.95058324153
212.0,301283.4261478062
216.0,303289.711389889
220.0,305855.2895031641
224.0,306182.5738699703
228.0,309430.58922340407
232.0,310342.0066245296
236.0,312563.74954002467
240.0,312674.07676106924
244.0,313301.27926109004
248.0,315082.7588566118
252.0,318335.7769945557
256.0,320207.1432253683
260.0,320811.25775361486
264.0,322648.10261633166
268.0,321772.4629680091
272.0,324116.6285349453
276.0,325649.9304892085
280.0,326382.974112156
284.0,327487.09883035184
288.0,327615.50958236674
292.0,326964.0931925592
296.0,328096.32381235895
300.0,326176.01558992156
304.0,326024.1973759481
308.0,327991.48644447373
312.0,327530.3044558755
316.0,330464.5932785636
320.0,330279.21394863527
324.0,331973.2705627068
328.0,331868.15709834406
332.0,332851.80253331596
336.0,333502.5355247158
340.0,335566.0351232834
344.0,337975.3499722268
348.0,340096.46432037133
352.0,339970.1122522708
356.0,341686.86211271916
360.0,341330.43212752877
364.0,342015.9215439176
368.0,343383.3861517428
372.0,346051.95389835315
376.0,347053.2666556831
380.0,348037.38637881103
384.0,350300.2727458124
388.0,352209.56592071644
392.0,352809.8427789087
396.0,351824.8359807004
400.0,352578.6299043021
404.0,355419.0758068911
408.0,358128.2369064322
412.0,361845.7315602103
416.0,364646.55178755574
420.0,366309.50261777366
424.0,367795.9107644893
428.0,369373.06517802586
432.0,369549.344188827
436.0,372204.6797055641
440.0,376033.2251671432
444.0,374954.14096107153
448.0,375286.6777201325
452.0,376563.1034412023
456.0,376566.6916085068
460.0,374701.97962885804
464.0,376865.48955362616
468.0,376666.4541597557
472.0,375550.3765422
476.0,375048.20968294784
480.0,374056.3350049252
484.0,376041.6244851254
488.0,375190.72528056474
492.0,377507.490192967
496.0,379278.857780276
500.0,379657.63611296285
504.0,381296.2615155447
508.0,382069.23088129505
512.0,382416.00730077346
516.0,381657.6872325218
520.0,379777.70028117904
524.0,379952.86128050287
528.0,379385.96398783394
532.0,380774.85685969365
536.0,383215.0789336382
540.0,384214.46271360666
544.0,385002.52037128416
548.0,386704.47036023485
552.0,387307.3152793512
556.0,387229.214374276
560.0,389988.1981087769
564.0,389311.43088830984
568.0,391819.57861008495
572.0,391597.7500993293
576.0,393421.87107551796
580.0,394956.20311818074
584.0,395676.60156899743
588.0,398384.7019917751
592.0,397909.32501097495
596.0,398579.08712642296
600.0,400126.2865352316
604.0,400607.6257340445
608.0,402539.2033215873
612.0,402636.31580027926
616.0,404330.02184339095
620.0,403358.3691649538
624.0,405481.3409695892
628.0,405420.6491577074
632.0,406847.06249611534
636.0,408038.11514048994
640.0,408211.4670877595
644.0,406999.6145470536
648.0,409781.82162235887
652.0,409767.02298679843
656.0,409082.1328188916
660.0,412932.9057487722
664.0,413458.13385762257
668.0,412435.0803127732
672.0,412199.8349586397
676.0,411841.2401079616
680.0,413466.54633635253
684.0,413259.38994719274
688.0,416636.57991412224
692.0,415249.1677797027
696.0,416846.5717097974
700.0,415448.39128099947
704.0,418949.5405102058
708.0,419591.8528829522
712.0,420875.3832968207
716.0,419492.6687858663
720.0,424248.4044083411
724.0,424842.19249249285
728.0,424297.889452
732.0,424690.0726333232
736.0,423930.1116933823
740.0,421769.2895010534
744.0,423448.4386460957
748.0,423300.18040962226
752.0,423974.1058852294
756.0,422250.65796898707
760.0,421512.34800845187
764.0,421662.86644448986
768.0,421927.43821085163
772.0,422414.3985619114
776.0,423984.77366232616
780.0,425111.0827650989
784.0,424336.7779618447
788.0,424471.8954394081
792.0,425699.2741695276
796.0,425425.5645161485
800.0,426123.5304271274
804.0,427812.7471995206
808.0,426894.2649185767
812.0,424967.63430838945
816.0,424753.6973323091
820.0,423427.59738518385
824.0,420858.23990916327
828.0,419898.5575742799
832.0,418872.54697922844
836.0,418763.68723421457
840.0,418077.6144946471
844.0,416420.98115854803
848.0,416035.5835731801
852.0,418506.9582731383
856.0,417813.9196908804
860.0,416220.9641753679
864.0,416590.27179501334
868.0,416139.5587796297
872.0,417903.63712175697
876.0,417776.9163844442
880.0,418401.23642911296
884.0,417953.66357739974
888.0,416322.61194688693
892.0,417529.259842929
896.0,420262.1596300239
900.0,419720.48548962513
904.0,419089.9185205195
908.0,419450.5530527327
912.0,418279.0834082193
916.0,415664.7145200248
920.0,414933.9830315628
924.0,412961.2725303844
928.0,415073.2075758178
932.0,414468.2619432088
936.0,411871.6112089458
940.0,415055.0495629537
944.0,416062.6335154629
948.0,415343.5925944577
952.0,417066.9942825695
956.0,416966.6156096801
960.0,419044.8684939316
964.0,419010.97297735856
968.0,418317.5210148322
972.0,418225.0159655991
976.0,416392.1046671034
980.0,416349.0854401043
984.0,418740.51755948353
988.0,418456.2763673096
992.0,415465.69595070585
996.0,415946.2778098783
1000.0,413402.5477409562
1004.0,410637.9117419034
1008.0,412835.2577686085
1012.0,410023.6417575441
1016.0,411200.7152531159
1020.0,410829.9963182127
1024.0,408257.5941993686
1028.0,410613.30602218263
1032.0,410209.5209572558
1036.0,408856.2079290455
1040.0,411285.6654096026
1044.0,411392.15076514997
1048.0,412388.8418786231
1052.0,409748.11773921625
1056.0,408704.4936190812
1060.0,410496.055247848
1064.0,409659.846544789
1068.0,408963.2487306224
1072.0,408345.3773973353
1076.0,407532.40822258196
1080.0,406500.5468793026
1084.0,408793.3077104047
1088.0,405466.10369530536
1092.0,405729.4446984653
1096.0,406394.8772038186
1100.0,406019.3677433395
1104.0,404069.62651107815
1108.0,402484.9348753846
1112.0,402503.3454260506
1116.0,404041.86253158504
1120.0,401767.76429262076
1124.0,401639.9644789514
1128.0,400293.8995697078
1132.0,398700.3293707324
1136.0,402816.9360637459
1140.0,401083.95374090434
1144.0,403349.71209811233
1148.0,401295.2506844527
1152.0,399689.01783839444
1156.0,403905.1971740833
1160.0,403432.29413102247
1164.0,401688.27063385077
1168.0,402538.3593346202
1172.0,401645.2649317393
1176.0,402445.3386458166
1180.0,403002.8803523223
1184.0,404051.13565873593
1188.0,402742.4130194489
1192.0,402966.7625794613
1196.0,404767.1656793771
1200.0,403450.8169140486
1204.0,405297.6270903691
1208.0,405278.00682820537
1212.0,403984.94974022306
1216.0,403687.9681357904
1220.0,403676.11038267583
1224.0,403953.4560266176
1228.0,401775.959364947
1232.0,400944.63504671585
1236.0,399007.8884674
1240.0,397741.7018068809
1244.0,395574.1088508991
1248.0,393400.186989045
1252.0,394386.1406565512
1256.0,393908.79959857167
1260.0,393149.07938167016
1264.0,393078.1107605129
1268.0,392200.6436311961
1272.0,391570.5872730065
1276.0,392754.08030944015
1280.0,392004.67125854245
1284.0,393496.9552684233
1288.0,393677.0713663512
1292.0,391895.80335441575
1296.0,392452.0967064005
1300.0,391031.1599937444
1304.0,390980.31131362205
1308.0,390831.84557501937
1312.0,389972.2917019636
1316.0,389391.97279857
1320.0,387313.2737120209
1324.0,387176.552543643
1328.0,389785.36282974
1332.0,390527.0927600332
1336.0,389099.52342581167
1340.0,391703.59010907996
1344.0,389728.7743396204
1348.0,391227.161300144
1352.0,392421.6960209858
1356.0,390488.72806331934
1360.0,391831.1440976364
1364.0,390288.80482362525
1368.0,389397.6264792005
1372.0,389336.25402080826
1376.0,390632.73854401696
1380.0,391671.6051418907
1384.0,391852.59052442946
1388.0,391121.69190931984
1392.0,392817.80492663593
1396.0,391362.3585100983
1400.0,389555.7306942592
1404.0,390549.0939441443
1408.0,390543.798445172
1412.0,388742.0380603398
1416.0,389872.69418732123
1420.0,393963.29930979473
1424.0,394995.02835124487
1428.0,396272.0026567451
1432.0,395631.8835109854
1436.0,395671.1861104884
1440.0,398225.28559234634
1444.0,399086.2794072575
1448.0,399379.79300346214
1452.0,399698.84840160364
1456.0,401050.3312784534
1460.0,404588.0352951343
1464.0,403463.51349781797
1468.0,405430.6299109666
1472.0,406466.5823652415
1476.0,408116.10416651744
1480.0,407359.57765317755
1484.0,409715.01634807256
1488.0,408358.65711189056
1492.0,412053.2762801353
1496.0,412221.85167269275
1500.0,411565.4727084232
1504.0,412491.22941080586
1508.0,412589.41941398405
1512.0,413167.821438896
1516.0,413930.37141965947
1520.0,417287.62194729724
1524.0,415063.4919666616
1528.0,416139.7397740844
1532.0,416455.5715019428
1536.0,418658.1903348944
1540.0,419835.87026428647
1544.0,419075.0974724796
1548.0,420913.64283053594
1552.0,422259.26018312876
1556.0,420599.2741672365
1560.0,423174.9243688288
1564.0,424135.58006752515
1568.0,423469.512686173
1572.0,424358.58435744635
1576.0,423113.9639988981
1580.0,421139.26248255523
1584.0,420836.4229484924
1588.0,421176.8442854559
1592.0,420230.12481009506
1596.0,422815.6784195221
1600.0,422153.3033585681
1604.0,422441.9010855227
1608.0,421212.23494992586
1612.0,423762.2111359688
1616.0,423114.61328312405
1620.0,424563.65520645044
1624.0,423519.75160024903
1628.0,424650.0065957884
1632.0,421048.9116166006
1636.0,421908.69078574737
1640.0,424297.09939559066
1644.0,422941.10191480943
1648.0,423552.1421745028
1652.0,423133.4767009031
1656.0,426318.3667857627
1660.0,426684.0234745915
1664.0,428036.47986249934
1668.0,425872.5564684556
1672.0,423712.0858361545
1676.0,424926.7904480448
1680.0,423862.19915185473
1684.0,425473.16665862204
1688.0,424210.10966999823
1692.0,424536.65237270057
1696.0,425004.2721451183
1700.0,423965.18105983443
1704.0,424279.1134041391
1708.0,424531.36254808644
1712.0,424552.08493537095
1716.0,427576.0826123859
1720.0,426218.9805167078
1724.0,425262.91385971406
1728.0,426533.082127172
1732.0,427684.2311409043
1736.0,428637.25186526397
1740.0,430180.0698387091
1744.0,432663.7613110781
1748.0,431568.76577306003
1752.0,431532.25141139823
1756.0,432056.9002788976
1760.0,432497.0219241125
1764.0,431146.10565311403
1768.0,431084.68265220325
1772.0,429441.87985356175
1776.0,429918.35099355225
1780.0,430201.58957529115
1784.0,432139.022932562
1788.0,433914.968718146
1792.0,434991.8705754813
1796.0,435726.423788879
1800.0,434556.6522804755
1804.0,437692.54940217506
1808.0,438220.1230186567
1812.0,437988.03112623596
1816.0,438336.66607289657
1820.0,438948.33795505343
1824.0,443527.3141685687
1828.0,443451.5525179141
1832.0,442836.4632639582
1836.0,440772.21385295544
1840.0,440672.3213601999
1844.0,441695.9623776901
1848.0,444326.2242344247
1852.0,442846.45908428734
1856.0,439977.1440847131
1860.0,439884.9254846737
1864.0,436488.86906080524
1868.0,434911.32540944964
1872.0,436052.89168168954
1876.0,435156.2645783422
1880.0,435276.80939631123
1884.0,433417.1203680737
1888.0,431555.0373558365
1892.0,429160.8532401815
1896.0,429318.0748123767
1900.0,429803.61034106545
1904.0,428564.26073657814
1908.0,427955.15965764463
1912.0,428745.52694546373
1916.0,427922.38709503616
1920.0,426313.7368789906
1924.0,429337.83216540323
1928.0,427994.13064751145
1932.0,429518.2655139242
1936.0,428057.67688165023
1940.0,427873.3226503108
1944.0,429659.90090263804
1948.0,429078.70933260815
1952.0,427703.5198399395
1956.0,427687.7273950493
1960.0,428864.61755895737
1964.0,428756.33483880135
1968.0,431704.2422342797
1972.0,431992.82610841695
1976.0,431750.17814502737
1980.0,433113.905369521
1984.0,432829.1828621834
1988.0,433124.45311671175
1992.0,433016.84105084016
1996.0,434173.7611832587
2000.0,435219.4629852016
2004.0,437983.8275956425
2008.0,438352.4401180341
2012.0,435495.26675517805
2016.0,435921.3183485581
2020.0,436289.03327232535
2024.0,440576.2888553305
2028.0,438848.0274434121
2032.0,439356.1819314861
2036.0,440021.22202529147
2040.0,439802.7066166289
2044.0,441162.9882918618
2048.0,441415.50558425905
2052.0,441063.0072491839
2056.0,441292.00593780424
2060.0,442902.802997686
2064.0,442806.53023961646
2068.0,441545.3800854621
2072.0,442531.0053465959
2076.0,440442.37548190093
2080.0,437705.9952050947
2084.0,435751.1605806894
2088.0,436018.32630967174
2092.0,434890.201193257
2096.0,435306.1664929354
2100.0,433522.29958506307
2104.0,431890.3623943948
2108.0,431902.64145208633
2112.0,432233.57171139354
2116.0,432940.6276732738
2120.0,432222.687123564
2124.0,430262.25342546386
2128.0,432535.06682489754
2132.0,431902.1601536191
2136.0,434482.33176880085
2140.0,435083.5775397706
2144.0,435673.65183010366
2148.0,434231.9733721265
2152.0,433927.5457988913
2156.0,435133.6629090981
2160.0,435623.9200102314
2164.0,432521.01394856814
2168.0,433266.08637420234
2172.0,432645.80839828454
2176.0,431088.3373604839
2180.0,431696.35341007024
2184.0,431089.5888048404
2188.0,434731.38278540183
2192.0,436102.2143469202
2196.0,435257.5360005755
2200.0,433369.28510561667
2204.0,433282.63194084674
2208.0,434007.9239474021
2212.0,431282.00139979494
2216.0,431076.1843902909
2220.0,431530.80837064394
2224.0,430312.1635482285
2228.0,428145.21554442594
2232.0,425468.48514218454
2236.0,424168.5050889288
2240.0,425625.79583573306
2244.0,424856.27944262873
2248.0,420972.1853629131
2252.0,420702.61690038256
2256.0,419827.73221755284
2260.0,420304.32618011546
2264.0,417699.3671311107
2268.0,419123.92686370993
2272.0,418539.9133855068
2276.0,418534.10890914506
2280.0,419913.56618925993
2284.0,419437.03800983913
2288.0,424102.2849327643
2292.0,420394.7294169697
2296.0,423982.18699546315
2300.0,422428.5062724375
2304.0,425640.9492199363
2308.0,427547.1754093318
2312.0,428597.8844380484
2316.0,430660.5697398901
2320.0,431300.1732888786
2324.0,430812.44422285946
2328.0,433070.4442960774
2332.0,434625.2407179264
2336.0,431650.49569964915
2340.0,433744.90615730674
2344.0,431915.1952061063
2348.0,433051.52726794477
2352.0,433490.80315910804
2356.0,433817.63306480885
2360.0,430826.0909271767
2364.0,432108.7337691907
2368.0,432580.9058724624
2372.0,432565.71394914226
2376.0,433527.52157749207
2380.0,434993.82465526625
2384.0,435306.75695565756
2388.0,435376.71224019805
2392.0,435684.47111899476
2396.0,436846.5382854298
2400.0,434952.51595255715
2404.0,433938.4840671062
2408.0,435077.17136967584
2412.0,434267.49432239373
2416.0,434351.9056479352
2420.0,435576.0317583152
2424.0,438003.6436074115
2428.0,434755.1974663531
2432.0,438100.0623909116
2436.0,440046.43631167756
2440.0,440496.7091824294
2444.0,439326.36488774687
2448.0,439456.2190687523
2452.0,443052.5939864795
2456.0,442350.8255696181
2460.0,446341.34762704826
2464.0,445760.5441635613
2468.0,447027.71656011854
2472.0,448586.479551159
2476.0,446442.81473459717
2480.0,448654.5963071372
2484.0,450102.29998692893
2488.0,448371.61073426553
2492.0,449298.14466347103
2496.0,449832.22562629514
2500.0,450010.2620019275
2504.0,448730.23043801624
2508.0,449935.8754079882
2512.0,448539.599648259
2516.0,448996.6654913962
2520.0,449196.1511329336
2524.0,451170.06155812
2528.0,452763.44227689586
2532.0,452757.8107953472
2536.0,449928.75115131406
2540.0,450358.5886004522
2544.0,450223.08700769785
2548.0,449899.5607202015
2552.0,448685.5297563669
2556.0,449058.0665081084
2560.0,447537.16042068624
2564.0,445919.75182320026
2568.0,446546.9955960357
2572.0,446805.1782940263
2576.0,443734.2175782024
2580.0,442957.05804867274
2584.0,446303.5962030003
2588.0,446132.871319808
2592.0,445255.54343523795
2596.0,444388.2306671425
2600.0,445169.87400609144
2604.0,442209.36085813434
2608.0,442603.448222832
2612.0,440900.1242855267
2616.0,437696.8190542033
2620.0,438871.9949933326
2624.0,437199.7229406134
2628.0,436313.3117329747
2632.0,432055.2719252913
2636.0,429122.71662324213
2640.0,429543.30548658816
2644.0,426905.4068511511
2648.0,426228.47305798
2652.0,426390.7238660607
2656.0,425733.77522772347
2660.0,423131.66365807387
2664.0,424739.63985758583
2668.0,425859.6510237819
2672.0,425314.2013288504
2676.0,426005.2437473681
2680.0,424740.7961938228
2684.0,427649.563486771
2688.0,427379.8718318628
2692.0,429950.53026756074
2696.0,427411.8565187721
2700.0,426335.13311594195
2704.0,426513.0660247948
2708.0,426960.15281470935
2712.0,425903.4256798991
2716.0,425564.8190347799
2720.0,425053.42766060244
2724.0,425901.44405175874
2728.0,424952.7987591173
2732.0,421615.5322542953
2736.0,419407.7783083072
2740.0,421124.87947018555
2744.0,419021.16253534675
2748.0,420568.46268039057
2752.0,418225.2687332115
2756.0,415420.8240285241
2760.0,414414.24772307917
2764.0,417352.8646424051
2768.0,418156.60641962406
2772.0,416197.59355596034
2776.0,414429.39416880795
2780.0,416178.3625898873
2784.0,418333.2819465269
2788.0,419905.8209070564
2792.0,420241.9096692448
2796.0,422112.69124734635
2800.0,422810.46910654486
2804.0,421140.26123333024
2808.0,422207.8855144899
2812.0,425644.8239229201
2816.0,427088.53164457076
2820.0,429502.8183601245
2824.0,427567.68928784644
2828.0,428061.0708550686
2832.0,428907.2753088933
2836.0,428823.70859765843
2840.0,431239.71844212775
2844.0,428192.69145796803
2848.0,429999.6511911992
2852.0,430281.7029030769
2856.0,431990.98333042924
2860.0,433070.23042773624
2864.0,432170.102840258
2868.0,434084.1484018053
2872.0,433613.4840638365
2876.0,432492.737901228
2880.0,433201.91543354
2884.0,433172.95328662195
2888.0,433005.6143928191
2892.0,433642.93552523875
2896.0,431432.11759736313
2900.0,431558.9863765497
2904.0,431282.29088261916
2908.0,431512.54911386466
2912.0,429416.7297515585
2916.0,429429.98859761975
2920.0,427234.46672855184
2924.0,427255.49208428385
2928.0,425554.42565434653
2932.0,425911.2119180813
2936.0,422656.82377082156
2940.0,424473.85607186274
2944.0,420991.3626782212
2948.0,420236.42017264216
2952.0,419457.2945685943
2956.0,420209.9724857117
2960.0,422154.2757376021
2964.0,417477.21375643834
2968.0,417087.88930958125
2972.0,415928.974064226
2976.0,417039.2576161547
2980.0,415215.3625384282
2984.0,418787.14319391013
2988.0,418441.08595439716
2992.0,414681.8881888603
2996.0,416367.70582418505
3000.0,417723.1771653859
3004.0,416764.59807947144
3008.0,414795.52492295107
3012.0,415772.32570543437
3016.0,415102.4656900588
3020.0,416105.1912563573
3024.0,415745.91182245157
3028.0,415898.2407186063
3032.0,411950.0683123962
3036.0,413563.60725500126
3040.0,410510.4951647545
3044.0,408173.8579521939
3048.0,407375.18339443306
3052.0,407689.7825390084
3056.0,406884.1706574329
3060.0,409971.97881861136
3064.0,409084.02006228856
3068.0,409943.90698645957
3072.0,407154.9223815497
3076.0,408437.553363907
3080.0,407765.46678500436
3084.0,406834.12695399404
3088.0,409464.022220928
3092.0,407423.81257235055
3096.0,407768.1977073418
3100.0,405400.9397294028
3104.0,404483.1306463473
3108.0,406338.88247215183
3112.0,407185.8630279398
3116.0,404346.91845405125
3120.0,402400.13548593206
3124.0,403153.5285355842
3128.0,401916.80253342126
3132.0,403730.31526816264
3136.0,405230.8218272624
3140.0,404820.304052643
3144.0,405237.46933488094
3148.0,404638.0700010438
3152.0,405955.18908589706
3156.0,405982.3990173689
3160.0,406258.5391387893
3164.0,406241.4953260813
3168.0,406000.79916371166
3172.0,406987.4892951831
3176.0,408442.4890790414
3180.0,408805.8812026754
3184.0,408769.5915766098
3188.0,405513.1435669731
3192.0,408808.6127363719
3196.0,410847.5905455503
3200.0,411014.96445704025
3204.0,408998.62052402925
3208.0,411549.3817541123
3212.0,411679.68987430015
3216.0,412252.21832336945
3220.0,413420.84258306003
3224.0,414032.2383449045
3228.0,413300.46307667147
3232.0,409685.13634858
3236.0,412000.90651645354
3240.0,412908.38695848547
3244.0,415217.92849412793
3248.0,415798.0981937313
3252.0,416079.41887278564
3256.0,414571.8798605182
3260.0,415637.58017441037
3264.0,414985.3544869509
3268.0,414122.2883142043
3272.0,411649.5806429751
3276.0,411105.58305383724
3280.0,411947.7805732135
3284.0,410879.34187834617
3288.0,409835.7299515505
3292.0,410945.0825486451
3296.0,410722.61588005355
3300.0,410471.44111357856
3304.0,411320.56098981784
3308.0,412121.9927068767
3312.0,410014.7124014206
3316.0,405670.73235904827
3320.0,408598.25094753876
3324.0,407134.0011967673
3328.0,407584.48438949283
3332.0,407709.6023680729
3336.0,408174.1842568141
3340.0,407461.87669154664
3344.0,407204.5587939723
3348.0,409881.39647011075
3352.0,410119.01122065727
3356.0,409041.04104790714
3360.0,410785.7742105824
3364.0,409930.76216178085
3368.0,412174.24550237105
3372.0,412565.22365217353
3376.0,411889.2240193684
3380.0,412063.1249594316
3384.0,413457.8290009285
3388.0,414840.97595418984
3392.0,413818.7048199257
3396.0,414180.0990786774
3400.0,410816.255993171
3404.0,411821.9500304094
3408.0,412233.2938849879
3412.0,410824.6882200194
3416.0,411164.1448377697
3420.0,410235.42826804164
3424.0,408315.34338481474
3428.0,410124.91581903555
3432.0,412128.4589949238
3436.0,412315.4380623422
3440.0,411660.7111700067
3444.0,413655.8630689301
3448.0,410862.77128112974
3452.0,410354.4266334288
3456.0,413409.2951817147
3460.0,415980.6273910915
3464.0,414584.8432631266
3468.0,414246.58490755985
3472.0,414575.4736410722
3476.0,411779.6827032602
3480.0,413465.723548601
3484.0,413031.1730515432
3488.0,410643.31566645403
3492.0,410611.5662251441
3496.0,412979.08941030264
3500.0,411009.44396099035
3504.0,412009.12463971926
3508.0,411787.1389097262
3512.0,411666.75352393487
3516.0,411443.2999293713
3520.0,409159.33638193394
3524.0,407610.08615739393
3528.0,407197.26057235565
3532.0,405666.02437223744
3536.0,405028.22759485914
3540.0,405205.3396696063
3544.0,406954.0126470422
3548.0,409535.29700075765
3552.0,409254.05450246355
3556.0,409008.7089722057
3560.0,408504.4146375504
3564.0,409998.7759657628
3568.0,408197.51997378375
3572.0,408988.72334779956
3576.0,408418.47452102404
3580.0,409836.2533379027
3584.0,406873.9188587363
3588.0,405333.1525251581
3592.0,405421.1667798075
3596.0,405634.4749165152
3600.0,402692.31850166584
3604.0,403387.99003449874
3608.0,402782.4143886987
3612.0,403751.74881745706
3616.0,402298.21171890054
3620.0,399632.7598255953
3624.0,400471.4003243338
3628.0,398252.75458055106
3632.0,399033.31316702947
3636.0,399704.89702654217
3640.0,399886.31464258523
3644.0,400327.9642595626
3648.0,398520.62439194287
3652.0,399374.6692505577
3656.0,400579.9123457839
3660.0,402540.2783423819
3664.0,399668.55664421164
3668.0,399035.133023354
3672.0,396845.6576167017
3676.0,396895.19216844975
3680.0,395177.2994045117
3684.0,395420.69800040504
3688.0,396479.2069596557
3692.0,394356.7680135458
3696.0,397405.2201189558
3700.0,397813.0856265442
3704.0,396833.9430126123
3708.0,400395.9285886667
3712.0,398267.80700419465
3716.0,399764.8805620128
3720.0,396680.3841548037
3724.0,397292.5346740277
3728.0,400020.59105236456
3732.0,398059.39636789414
3736.0,397828.353194149
3740.0,399137.55366858025
3744.0,401801.3057612903
3748.0,400057.28727046057
3752.0,401381.95033715625
3756.0,400752.108590548
3760.0,401885.4052020601
3764.0,398780.2452752474
3768.0,402648.4091226582
3772.0,400844.309613842
3776.0,401828.55580675777
3780.0,404359.815478869
3784.0,406491.18676064664
3788.0,404741.2576923403
3792.0,406291.55732473603
3796.0,406760.7124401173
3800.0,404229.2939330353
3804.0,403265.64449683
3808.0,404918.5136090752
3812.0,404170.6567176229
3816.0,404307.63020170986
3820.0,403913.58165269106
3824.0,405557.3760333779
3828.0,404830.8144190877
3832.0,408003.8713669185
3836.0,409050.1556125826
3840.0,409580.56428552873
3844.0,409774.08295145305
3848.0,408150.4151935803
3852.0,409909.93759967847
3856.0,408092.90749585384
3860.0,411017.98422569846
3864.0,411623.01129556383
3868.0,411592.1512710606
3872.0,412348.92079641816
3876.0,415385.94290597795
3880.0,412699.6515160005
3884.0,413179.38702538965
3888.0,415854.8007450268
3892.0,417851.67382715846
3896.0,415834.81926173484
3900.0,415825.2512340063
3904.0,419947.9049629627
3908.0,419117.49910462013
3912.0,418663.913002916
3916.0,418273.23415526445
3920.0,418944.34777414444
3924.0,419283.8843808231
3928.0,419909.1554779161
3932.0,420285.6627599724
3936.0,420254.0355728108
3940.0,418048.7947828437
3944.0,417574.9661259372
3948.0,416212.47794132686
3952.0,415998.6355781072
3956.0,415304.35749678244
3960.0,416871.96352952695
3964.0,415236.52548437606
3968.0,413351.01894362894
3972.0,412752.6688009269
3976.0,412195.42851630773
3980.0,410068.8306647636
3984.0,408433.4768593157
3988.0,410005.1561412125
3992.0,408583.91750465124
3996.0,404371.89238436206
4000.0,405988.1069687951
4004.0,404141.4707537711
4008.0,405769.75334252015
4012.0,403255.16817761766
4016.0,403085.0647249453
4020.0,400917.55723167595
4024.0,400632.5808409148
4028.0,399370.53619833523
4032.0,399189.6389636982
4036.0,399557.3842267762
4040.0,400812.44465034275
4044.0,398572.70296930673
4048.0,400973.6897792905
4052.0,398766.80674215144
4056.0,398922.24939469714
4060.0,398456.8767880957
4064.0,399961.93507928826
4068.0,401268.28881818836
4072.0,401033.3179527755
4076.0,402259.7400639033
4080.0,403871.8392671827
4084.0,402664.78534316056
4088.0,404629.7169551588
4092.0,404532.2973741785
4096.0,403449.44833377557
4100.0,404213.68201289146
4104.0,405482.51626108517
4108.0,406337.27741618856
4112.0,405154.38797644945
4116.0,406745.39044647524
4120.0,405687.2448353815
4124.0,404706.2961352017
4128.0,406334.2565055718
4132.0,406929.3444404825
4136.0,408148.9541731446
4140.0,407081.27379741945
4144.0,410370.95156595064
4148.0,406793.84756237024
4152.0,406921.5568018406
4156.0,407499.5540969791
4160.0,406774.2461139787
4164.0,403882.4511192529
4168.0,401959.4506378312
4172.0,403640.7009687647
4176.0,405595.72716637695
4180.0,407829.249647637
4184.0,408828.5383087014
4188.0,408358.8318002858
4192.0,408560.2912210316
4196.0,413968.5080522621
4200.0,415848.05869854265
4204.0,416828.8154211747
4208.0,418604.5958352116
4212.0,419034.9611578678
4216.0,420979.9054962845
4220.0,419443.55369700375
4224.0,422713.9714932407
4228.0,424366.57578949875
4232.0,426836.82510317327
4236.0,427701.75383579254
4240.0,429158.2031785873
4244.0,431396.0860436048
4248.0,430130.21502890537
4252.0,432074.3457821151
4256.0,432261.07648310746
4260.0,432128.4993380154
4264.0,434541.5333071643
4268.0,434960.3490002702
4272.0,436974.2112398926
4276.0,438502.2804286183
4280.0,439474.23584199435
4284.0,438045.55166828545
4288.0,437876.2386560554
4292.0,437066.47913205146
4296.0,439237.99708412244
4300.0,438770.1689872324
4304.0,436134.52545610606
4308.0,438854.4339496422
4312.0,436640.76366851525
4316.0,438203.7605777041
4320.0,438122.76914412744
4324.0,439694.28693336603
4328.0,438986.7706855675
4332.0,440657.19911621936
4336.0,438814.55945168535
4340.0,439780.378611907
4344.0,439645.26405248605
4348.0,439033.0429046618
4352.0,436475.38864152436
4356.0,433005.6063164822
4360.0,436226.26071052323
4364.0,434533.28784720605
4368.0,435460.12520410685
4372.0,437138.9725343796
4376.0,436126.60675451247
4380.0,435991.24768008135
4384.0,434253.42907101853
4388.0,436951.75107511046
4392.0,437371.4192559496
4396.0,439322.1206875547
4400.0,440486.8403918414
4404.0,441099.3439834158
4408.0,442870.10584914463
4412.0,441976.87569266383
4416.0,442072.46515579114
4420.0,441913.9909920955
4424.0,445706.26014962007
4428.0,442347.82101671264
4432.0,443446.1560705925
4436.0,444083.5432148616
4440.0,444084.47547916113
4444.0,443321.9765586324
4448.0,441791.56765985175
4452.0,443542.41556129255
4456.0,443893.6599206225
4460.0,442106.8856095821
4464.0,443177.3151557165
4468.0,442848.5188593607
4472.0,442242.3301983059
4476.0,440136.7721084788
4480.0,441353.7270617441
4484.0,442246.135178838
4488.0,442019.2062586612
4492.0,443991.84377447714
4496.0,441247.9545229603
4500.0,442262.87943947385
4504.0,445938.05321907916
4508.0,447255.85154208745
4512.0,448202.99007377744
4516.0,449665.98416538374
4520.0,449971.6671495291
4524.0,449314.43185491546
4528.0,447838.6574279836
4532.0,444524.479702321
4536.0,445155.9046998359
4540.0,444379.26089499326
4544.0,444983.6083961656
4548.0,447373.39583363355
4552.0,444661.7758128439
4556.0,445356.5163125396
4560.0,445910.43294515443
4564.0,448825.1401661616
4568.0,449009.8542160685
4572.0,450616.4639641785
4576.0,454565.0769994909
4580.0,451273.8406016944
4584.0,452827.1504091312
4588.0,454088.175090382
4592.0,452865.65008059185
4596.0,451748.7615319556
4600.0,452131.45013735426
4604.0,455893.99173736473
4608.0,455828.26220379054
4612.0,452246.67571261886
4616.0,452837.5789032306
4620.0,454925.0554142358
4624.0,451038.00753726205
4628.0,450111.76551884634
4632.0,453542.0410292507
4636.0,449405.3944774204
4640.0,447674.86146873067
4644.0,446559.9534290683
4648.0,447543.48232961894
4652.0,443162.95352340135
4656.0,446498.71182083595
4660.0,447676.8947291134
4664.0,445440.58633670106
4668.0,443305.4662072811
4672.0,442313.10314602096
4676.0,442199.7626825969
4680.0,441099.4300697236
4684.0,439820.78084390215
4688.0,440473.7827728534
4692.0,440698.0531650372
4696.0,439975.33280506305
4700.0,441382.5303012503
4704.0,442938.8680807964
4708.0,440864.80733942194
4712.0,439158.91350229154
4716.0,440734.4024901195
4720.0,439549.76819522853
4724.0,439307.87425325694
4728.0,438137.0389639167
4732.0,438939.99617800943
4736.0,437303.67353166675
4740.0,438596.9443228603
4744.0,439453.95616684237
4748.0,441248.5073600203
4752.0,440492.8295282251
4756.0,439366.238866188
4760.0,442771.753938229
4764.0,443252.7714239629
4768.0,444852.43946810585
4772.0,443886.2170688096
4776.0,444010.5216736668
4780.0,443304.30179540685
4784.0,446586.05476412794
4788.0,445965.0964571813
4792.0,446082.32810035575
4796.0,447041.9727042829
4800.0,445781.41087092244
4804.0,449362.95135449705
4808.0,451244.1306418869
4812.0,449002.3405765254
4816.0,448029.15632071893
4820.0,446898.74113240466
4824.0,444685.0531567488
4828.0,444287.05103358824
4832.0,443232.91545924975
4836.0,443949.3734875517
4840.0,440136.31497221324
4844.0,437394.9113387806
4848.0,438680.6292474224
4852.0,439363.9470714236
4856.0,434960.03515072115
4860.0,434417.4158020129
4864.0,434212.18347230076
4868.0,435720.4475818201
4872.0,432973.0642859867
4876.0,434440.34325849894
4880.0,433331.25243905204
4884.0,433081.30050519493
4888.0,432574.9003668168
4892.0,429444.0444695116
4896.0,431719.86725568067
4900.0,431253.0764915394
4904.0,430479.5469479175
4908.0,433567.05566092214
4912.0,432093.02007031627
4916.0,430274.86892322614
4920.0,429667.35899825033
4924.0,430109.6475916679
4928.0,428864.25281472394
4932.0,431264.4334851568
4936.0,430856.41502400313
4940.0,430638.46381670976
4944.0,428862.0994792973
4948.0,429378.97501430206
4952.0,429191.7888025081
4956.0,430738.2192101899
4960.0,428738.1140081443
4964.0,429529.0785707441
4968.0,429377.89165217214
4972.0,429180.88637275435
4976.0,428386.79826167924
4980.0,428483.06009934435
4984.0,429568.20454390545
4988.0,428008.0217889016
4992.0,427082.50677922386
4996.0,427389.52041273925
5000.0,427936.26380809274
5004.0,425398.15996148967
5008.0,422208.838409446
5012.0,424010.9877579336
5016.0,427927.7020732705
5020.0,425312.579665548
5024.0,425659.7609986393
5028.0,423846.12982401956
5032.0,425806.3611342864
5036.0,425225.77491612424
5040.0,427520.6858385815
5044.0,427053.80445396213
5048.0,426354.8839791764
5052.0,427474.6030597321
5056.0,424067.49982141796
5060.0,424184.9578535131
5064.0,428810.7254706088
5068.0,428505.5918080032
5072.0,427158.2784754522
5076.0,427094.6015372387
5080.0,430880.61632740195
5084.0,431929.35699163505
5088.0,430823.520966534
5092.0,432947.85212051566
5096.0,435428.4758168653
5100.0,438889.1756480858
5104.0,438789.48112399725
5108.0,436739.2764570712
5112.0,439789.5855044003
5116.0,437491.7673714373
5120.0,436634.1502953724
5124.0,437792.2431542607
5128.0,440453.3623863226
5132.0,438863.13268392516
5136.0,438818.4294667502
5140.0,442473.3642784131
5144.0,440865.54872502957
5148.0,442043.2392450049
5152.0,440485.114344361
5156.0,440362.91498772526
5160.0,439461.845004139
5164.0,438941.827851454
5168.0,437601.4162880272
5172.0,437089.69789929345
5176.0,432952.05855490966
5180.0,433227.8390729393
5184.0,431148.5259218951
5188.0,431003.0638704914
5192.0,431564.01749496843
5196.0,430837.82825151325
5200.0,429466.90308476874
5204.0,423620.8369174623
5208.0,423534.71944471926
5212.0,423817.8169966899
5216.0,423977.6875470409
5220.0,422198.87569708703
5224.0,418081.614384181
5228.0,421904.3738760714
5232.0,423926.8352721616
5236.0,426380.1654496775
5240.0,423989.02293553285
5244.0,422769.9496851264
5248.0,421987.6064577969
5252.0,423951.92940758495
5256.0,424690.76032429835
5260.0,424310.86954067217
5264.0,424883.9666903452
5268.0,421406.8338633808
5272.0,421462.5341067773
5276.0,423964.5009472238
5280.0,421939.7631221557
5284.0,421282.15901163383
5288.0,425345.7391200148
5292.0,423171.11872043007
5296.0,424530.5202389644
5300.0,423621.8621489446
5304.0,423446.60366038606
5308.0,422653.65018201794
5312.0,420670.7656477786
5316.0,422545.817130353
5320.0,423540.11092950706
5324.0,424444.4815090214
5328.0,423829.25433925306
5332.0,422584.8720571883
5336.0,426351.0584484517
5340.0,424568.6386077235
5344.0,426393.98267496267
5348.0,426465.0177742142
5352.0,423138.382253191
5356.0,422129.4401249252
5360.0,426916.1476056526
5364.0,425722.70992449
5368.0,422479.25992739
5372.0,423565.35105386865
5376.0,421589.72127755
5380.0,418588.39262694895
5384.0,416665.6588077266
5388.0,417335.53563772584
5392.0,416464.61439622944
5396.0,414719.0121983309
5400.0,416125.2063036549
5404.0,416553.46964182495
5408.0,415077.64257337403
5412.0,413534.6406712154
5416.0,415453.2340179003
5420.0,416576.85322485934
5424.0,414392.38710711483
5428.0,416735.85080049245
5432.0,419876.57628406724
5436.0,417326.5610282753
5440.0,417075.2306816773
5444.0,418229.4130504985
5448.0,420161.6045820665
5452.0,422570.80730457156
5456.0,418035.07631838945
5460.0,418840.5393219699
5464.0,417004.92462495953
5468.0,416364.03769476793
5472.0,415328.1173782062
5476.0,416025.9447153468
5480.0,418743.8346522994
5484.0,419146.37171887624
5488.0,418231.24402710696
5492.0,419576.6541496966
5496.0,420651.90321034915
5500.0,421594.7414706196
5504.0,423678.581171841
5508.0,420156.36688325385
5512.0,418886.81535454077
5516.0,420838.5864115848
5520.0,423763.30433841806
5524.0,425306.8063447835
5528.0,424458.56419590284
5532.0,424833.53244522866
5536.0,426366.9415821564
5540.0,425319.7819037276
5544.0,425296.5914735729
5548.0,421339.60690389364
5552.0,423005.0295098577
5556.0,423092.43637140817
5560.0,422063.4498069218
5564.0,422970.3759459178
5568.0,422017.37551121763
5572.0,422495.704335931
5576.0,422002.3302314373
5580.0,421201.5190733966
5584.0,418500.0590393425
5588.0,416425.72284335794
5592.0,415004.443633677
5596.0,414881.6498485844
5600.0,417096.99501167465
5604.0,418305.47132590966
5608.0,421552.9573117544
5612.0,418522.52389056515
5616.0,417877.6218945028
5620.0,417153.1139692801
5624.0,419777.30448224396
5628.0,419460.0561710849
5632.0,419924.1403514254
5636.0,420079.194872738
5640.0,419735.82633869135
5644.0,422495.5123286552
5648.0,424514.5298568794
5652.0,421937.7567173648
5656.0,425692.01309848245
5660.0,426288.21903383563
5664.0,428961.61285116774
5668.0,430329.09610421816
5672.0,431075.64452084055
5676.0,431704.52296264004
5680.0,432153.6007067914
5684.0,431438.4934110415
5688.0,433296.73291277443
5692.0,431831.0496282942
5696.0,434469.58202291804
5700.0,431642.572539831
5704.0,428944.03663961415
5708.0,426364.73172190925
5712.0,427379.92961905996
5716.0,426202.1005066447
5720.0,426791.8719578044
5724.0,426003.81867412315
5728.0,424573.2469571363
5732.0,420213.71375781856
5736.0,420301.7216404329
5740.0,421206.2336192495
5744.0,421069.0841484083
5748.0,417688.67776355374
5752.0,418098.4485055401
5756.0,420296.8114164189
5760.0,420436.84029832314
5764.0,418146.6586586195
5768.0,415911.9396505088
5772.0,416075.5772835095
5776.0,418626.13137972326
5780.0,418572.94817600795
5784.0,417554.76844150934
5788.0,417237.12202814204
5792.0,416066.4085003058
5796.0,417893.2954147396
5800.0,413704.308285473
5804.0,411873.7990648438
5808.0,413187.98573469237
5812.0,412142.84025763377
5816.0,410792.8346614132
5820.0,413822.8893457843
5824.0,413705.71225415124
5828.0,413208.94261758885
5832.0,414072.3414190151
5836.0,412352.82658572926
5840.0,414205.73373589467
5844.0,414675.941140356
5848.0,418149.4724108417
5852.0,418560.65619171236
5856.0,416517.1509166531
5860.0,417859.4084676608
5864.0,419810.3880664295
5868.0,421188.4026733949
5872.0,424178.6880669246
5876.0,425834.9318043893
5880.0,427429.48394172004
5884.0,425117.98732717236
5888.0,428144.78558327
5892.0,428380.47699545743
5896.0,430743.7571312069
5900.0,427186.45967397606
5904.0,425753.27523580205
5908.0,431317.1920411363
5912.0,434941.5879207174
5916.0,430026.9699917286
5920.0,430026.88974917645
5924.0,429845.45128746826
5928.0,428718.7163089821
5932.0,427238.9717158227
5936.0,428725.4741083791
5940.0,430122.44634169963
5944.0,427344.17506165843
5948.0,424680.37743892655
5952.0,426020.33839445584
5956.0,424208.7580178755
5960.0,422929.9883847615
5964.0,424419.982025092
5968.0,427047.5403641383
5972.0,429927.1379450141
5976.0,429247.63191424345
5980.0,429346.2454348314
5984.0,426962.9282671014
5988.0,424296.28218177357
5992.0,427651.15003925696
5996.0,425992.6474585325
6000.0,427226.99367004965
6004.0,427511.3977219181
6008.0,427000.62453527586
6012.0,427618.07027863304
6016.0,426252.43732451147
6020.0,429166.51540173596
6024.0,429780.19518343697
6028.0,429758.1490641514
6032.0,425862.9208430977
6036.0,426728.64054042
6040.0,427764.215511395
6044.0,426390.861217759
6048.0,424390.6688344219
6052.0,425120.2886591737
6056.0,424340.73697824957
6060.0,425679.4489154591
6064.0,425842.4372955902
6068.0,423784.18301118223
6072.0,423149.257817464
6076.0,421229.2735767965
6080.0,418564.050488047
6084.0,416274.5355717929
6088.0,415306.7965494808
6092.0,414256.4878150559
6096.0,412066.8665560508
6100.0,410663.81514155684
6104.0,411448.15874632355
6108.0,410180.7547557516
6112.0,406649.6557425701
6116.0,409160.7740133446
6120.0,408342.6446744974
6124.0,404684.5358825576
6128.0,404138.84719658876
6132.0,403441.9266500041
6136.0,405209.33599029895
6140.0,399445.88952393545
6144.0,401741.2768975135
6148.0,399676.1269890711
6152.0,399484.8350544105
6156.0,397598.36862424726
6160.0,398629.0762244398
6164.0,399569.7476817225
6168.0,397272.98520911904
6172.0,400603.29512149974
6176.0,401151.2875241935
6180.0,402657.07898097986
6184.0,402245.6101492035
6188.0,405088.0300361617
6192.0,409733.8954358063
6196.0,409969.3797858554
6200.0,410623.3500534169
6204.0,409829.756700589
6208.0,410563.8754273279
6212.0,411431.9511261228
6216.0,414281.9750392777
6220.0,410764.38183582464
6224.0,413932.1397198618
6228.0,414055.92227310536
6232.0,415522.21714325045
6236.0,417027.84560327977
6240.0,417323.76941800583
6244.0,419439.64477034943
6248.0,418765.37908258184
6252.0,421868.89375166537
6256.0,419531.6849409677
6260.0,419427.5332896876
6264.0,419015.2275432346
6268.0,416380.0690724753
6272.0,415133.28576246405
6276.0,417848.1102970355
6280.0,415107.0873920396
6284.0,415214.6283619651
6288.0,412871.18943723716
6292.0,413900.90879707085
6296.0,414087.22439150856
6300.0,415490.33295128756
6304.0,413472.0692586344
6308.0,416483.76734654285
6312.0,416208.3132681338
6316.0,417087.1226696396
6320.0,415640.1732110714
6324.0,416230.8311346519
6328.0,416055.98556924233
6332.0,413372.1051567603
6336.0,413464.53699436784
6340.0,419790.71786582767
6344.0,420257.582810138
6348.0,419965.0042324982
6352.0,423843.5311999488
6356.0,425627.83659550507
6360.0,427234.453890963
6364.0,428608.41450561135
6368.0,432278.6044236786
6372.0,435683.1377496395
6376.0,435987.23557912436
6380.0,438991.31570755935
6384.0,437748.568143098
6388.0,436536.47784370655
6392.0,437320.7227171016
6396.0,440815.7601944792
6400.0,443261.923769615
6404.0,441735.99010881793
6408.0,444069.98616986314
6412.0,447746.4172690566
6416.0,449083.11938725936
6420.0,448370.0173107166
6424.0,448188.3598178948
6428.0,454417.1856918518
6432.0,452226.67629025603
6436.0,452512.49420096155
6440.0,453267.0969004114
6444.0,452558.68858237215
6448.0,452258.8970136654
6452.0,453001.5967661671
6456.0,454136.29224923195
6460.0,451534.79913410556
6464.0,454219.05061800807
6468.0,456363.8907907994
6472.0,456233.3275293944
6476.0,453205.82769183
6480.0,453285.02404746815
6484.0,452519.4338805842
6488.0,451579.4056719117
6492.0,453237.642034802
6496.0,456853.51620538015
6500.0,459308.61222809297
6504.0,459422.5827188706
6508.0,458776.84421250393
6512.0,461206.43908692925
6516.0,461051.46306033287
6520.0,460554.32183593273
6524.0,465138.46123726876
6528.0,464994.6231910383
6532.0,462917.96003303205
6536.0,464319.6742580144
6540.0,465951.4556959518
6544.0,468406.7115272337
6548.0,466224.7780824862
6552.0,464683.4072311291
6556.0,464163.00680217927
6560.0,463708.8998276228
6564.0,467108.1365575311
6568.0,465777.94018079253
6572.0,465513.13745025406
6576.0,463153.75737592886
6580.0,465092.746641778
6584.0,463571.59906706365
6588.0,462181.9824661194
6592.0,463800.18079898204
6596.0,462673.9664531744
6600.0,460768.18404718983
6604.0,464999.28681719303
6608.0,464410.3987802247
6612.0,463892.6864388135
6616.0,465017.13361153833
6620.0,466492.16058503935
6624.0,469477.23691234295
6628.0,469596.9217094972
6632.0,468596.4979794841
6636.0,465730.57654674555
6640.0,463543.7174117809
6644.0,464781.07031506195
6648.0,463748.56423511554
6652.0,464458.19011170254
6656.0,462465.6930921944
6660.0,463396.99048077327
6664.0,463732.95642588445
6668.0,464795.6193297019
6672.0,465897.62585437985
6676.0,465244.7894294844
6680.0,467217.24874214316
6684.0,465069.4379997923
6688.0,464928.7905765054
6692.0,463313.09029144957
6696.0,468776.1610598598
6700.0,467415.02118599566
6704.0,466389.0311777173
6708.0,470272.948438436
6712.0,470045.2561928446
6716.0,468371.32456936355
6720.0,469395.90838157275
6724.0,467431.9015640113
6728.0,464663.0992605398
6732.0,465391.7822467063
6736.0,464320.2025702071
6740.0,465617.3658667258
6744.0,465411.01802243904
6748.0,463730.6224969432
6752.0,463562.12887232786
6756.0,462067.640362748
6760.0,459699.4939003416
6764.0,458878.1420391115
6768.0,458565.6606506585
6772.0,458656.57365575834
6776.0,460122.2705679084
6780.0,459460.40154411393
6784.0,457706.8294204144
6788.0,457376.15340352425
6792.0,456398.34525738726
6796.0,455317.0617061138
6800.0,455510.3866159275
6804.0,452212.3525968663
6808.0,448536.30278422346
6812.0,449149.4684634727
6816.0,451501.2470550122
6820.0,448772.58096144744
6824.0,449580.55947094556
6828.0,448621.5557764866
6832.0,448503.9685227281
6836.0,448960.53210675984
6840.0,450122.41169188835
6844.0,451260.661567411
6848.0,446642.5898330242
6852.0,451133.9700575103
6856.0,445580.7927489811
6860.0,445697.5574327123
6864.0,447858.9853945806
6868.0,445537.2287869251
6872.0,447352.64755990857
6876.0,443831.29831572913
6880.0,442903.7258276716
6884.0,443662.03196727467
6888.0,444980.3884926829
6892.0,440865.2810087198
6896.0,439239.9347493983
6900.0,433850.5573481901
6904.0,429965.59459131316
6908.0,431069.7610452631
6912.0,428671.68620916625
6916.0,425923.3108220976
6920.0,426578.0844018332
6924.0,422836.7625173386
6928.0,424868.09325988987
6932.0,423026.89324000594
6936.0,422522.48234356474
6940.0,423704.8814777564
6944.0,425486.73654799117
6948.0,426225.5984921548
6952.0,426285.8233652389
6956.0,420241.9396856849
6960.0,420299.4589046095
6964.0,417119.75621943595
6968.0,419780.1383222074
6972.0,419147.93418410816
6976.0,417779.7634452299
6980.0,419025.84570267843
6984.0,423593.8104573867
6988.0,421649.7724674471
6992.0,426483.05302447255
6996.0,427325.35411047627
7000.0,426207.56652577536
7004.0,428674.774471335
7008.0,431022.44355417107
7012.0,434407.39121410914
7016.0,434920.78538689634
7020.0,434533.10627642216
7024.0,435030.22132339614
7028.0,438609.6616133237
7032.0,439386.9239123677
7036.0,440711.59084960166
7040.0,442170.5658353895
7044.0,442466.42579299735
7048.0,444137.21026073967
7052.0,442532.14215326024
7056.0,441794.9377430614
7060.0,440194.8356402626
7064.0,441700.7995927759
7068.0,438749.2290546306
7072.0,438416.8841753864
7076.0,437178.0383556032
7080.0,438042.7676267731
7084.0,438280.12717111537
7088.0,434730.6606275144
7092.0,435885.2806451664
7096.0,434832.1055719583
7100.0,432678.79556240555
7104.0,429088.8959270513
7108.0,429388.652796133
7112.0,430265.5562798531
7116.0,427420.28803074843
7120.0,427176.5101211225
7124.0,426099.10984052054
7128.0,426097.42740404373
7132.0,425026.7753434507
7136.0,422085.62249925314
7140.0,420963.3797343751
7144.0,422476.09611846786
7148.0,421469.22149814613
7152.0,423485.13826471614
7156.0,417914.8155761868
7160.0,418594.09925737313
7164.0,420139.2036120133
7168.0,421155.52753329446
7172.0,419410.0792679732
7176.0,418381.89409042225
7180.0,418255.7479659669
7184.0,421288.17078708333
7188.0,421778.26062202913
7192.0,424166.7613590474
7196.0,425258.80345992337
7200.0,424517.2765049683
7204.0,426417.0502316981
7208.0,429784.6149821049
7212.0,428828.39782431984
7216.0,424051.83771466446
7220.0,425366.4974761979
7224.0,429291.59501532256
7228.0,425772.1837543112
7232.0,426534.8568470199
7236.0,426910.23345386796
7240.0,429039.04862565163
7244.0,429152.0277953337
7248.0,429411.94512183475
7252.0,431084.6636048516
7256.0,429907.27623066085
7260.0,427602.5855609508
7264.0,427125.5530247485
7268.0,427432.4567109821
7272.0,420954.612726492
7276.0,421013.49702543946
7280.0,419635.6672147454
7284.0,416872.44917170244
7288.0,415840.57240595034
7292.0,408533.92996620515
7296.0,408086.2569257372
7300.0,406580.3645986876
7304.0,401006.46089486295
7308.0,399186.5809684472
7312.0,400396.66149658646
7316.0,402164.90176041855
7320.0,400619.9990340805
7324.0,400309.82664674753
7328.0,399300.21612656483
7332.0,398335.2774476908
7336.0,395790.8453296983
7340.0,398458.5292468651
7344.0,401282.00263149047
7348.0,400573.799793643
7352.0,398047.5771357655
7356.0,397061.1278031114
7360.0,396121.5820308028
7364.0,396594.27378798416
7368.0,393951.6827476582
7372.0,395942.7687860596
7376.0,397903.4000704005
7380.0,399199.9474309233
7384.0,397653.4020136435
7388.0,397504.3623971536
7392.0,398987.86185848917
7396.0,397177.5079823703
7400.0,397596.0765856529
7404.0,397819.6181560273
7408.0,403283.80911143246
7412.0,401907.8235271103
7416.0,400595.26024274604
7420.0,401622.13008331816
7424.0,401177.5079780433
7428.0,401622.11212671845
7432.0,401384.47821070725
7436.0,401673.98530714406
7440.0,402754.8988026144
7444.0,404305.95883211563
7448.0,408033.7668438255
7452.0,409055.0374245773
7456.0,404554.69296280737
7460.0,407606.04709881457
7464.0,409498.3636444874
7468.0,410166.255115875
7472.0,406649.2400739295
7476.0,403524.1151099175
7480.0,404505.0784674212
7484.0,400216.07617648295
7488.0,396898.6064333004
7492.0,396719.76319034654
7496.0,395456.6036324896
7500.0,399892.72247512545
7504.0,397596.78124060394
7508.0,397068.70827669825
7512.0,396731.3427315526
7516.0,396459.89828003035
7520.0,397611.11721369304
7524.0,395265.0682081424
7528.0,396989.55745960376
7532.0,395091.9483555093
7536.0,398662.5211866979
7540.0,401107.42704129004
7544.0,403791.8932104275
7548.0,403657.16064141516
7552.0,404982.91278926516
7556.0,407328.99961809674
7560.0,412313.5816504143
7564.0,412370.8691942464
7568.0,412218.82376925345
7572.0,412571.28947106225
7576.0,414294.7922165143
7580.0,415370.7167387739
7584.0,415110.63113826595
7588.0,415846.27498463716
7592.0,411057.99762997887
7596.0,412371.95179054496
7600.0,413676.0147004747
7604.0,414359.8716739635
7608.0,414972.72860184003
7612.0,414307.72573432553
7616.0,412697.6881247134
7620.0,416924.2939953492
7624.0,414070.1346781441
7628.0,414613.6613162144
7632.0,411889.9793025755
7636.0,409463.019199414
7640.0,414028.541409396
7644.0,411609.0317809584
7648.0,414651.99159745453
7652.0,412480.1113907513
7656.0,415392.1848427294
7660.0,416523.7711615617
7664.0,413490.8780950821
7668.0,413309.07730433054
7672.0,410674.170746366
7676.0,410598.41399389564
7680.0,411445.4898341863
7684.0,413017.09702544496
7688.0,411757.93969146116
7692.0,412718.4677419497
7696.0,411173.4470811301
7700.0,412253.5177401804
7704.0,414622.6956009944
7708.0,414471.97366358025
7712.0,420071.01924045855
7716.0,418415.7162281359
7720.0,418356.2605358072
7724.0,417852.1375840259
7728.0,421318.59074159997
7732.0,423536.58499708073
7736.0,424757.58159903204
7740.0,430517.6471894134
7744.0,431343.49510523694
7748.0,433735.32585363835
7752.0,438840.47471181955
7756.0,435830.97129873425
7760.0,436419.48865020345
7764.0,436376.3002316194
7768.0,436928.882907275
7772.0,440718.43697556655
7776.0,442570.6140355413
7780.0,445510.03682848386
7784.0,442985.5946129925
7788.0,445673.8733935742
7792.0,444561.96963034687
7796.0,446837.32463536103
7800.0,443583.6939671821
7804.0,445095.65805479744
7808.0,448272.8685634971
7812.0,444788.12390455685
7816.0,443626.0097190246
7820.0,442013.20690783043
7824.0,439952.0152455742
7828.0,439663.66819218616
7832.0,439911.9150418445
7836.0,439852.91273543175
7840.0,440504.401919901
7844.0,441440.7285929633
7848.0,441395.740671868
7852.0,443552.7334688195
7856.0,441816.6978743095
7860.0,445953.3492827951
7864.0,450931.23354273645
7868.0,451815.12034126674
7872.0,452420.2833964216
7876.0,452593.33468999027
7880.0,454157.74406939244
7884.0,451646.10480702634
7888.0,450050.7614363934
7892.0,448563.7420631666
7896.0,448100.4284509614
7900.0,448184.2328695655
7904.0,446978.0452943131
7908.0,449901.3151574098
7912.0,444097.73624920513
7916.0,449548.9198945437
7920.0,449782.6549737615
7924.0,452990.256653848
7928.0,452954.97480993695
7932.0,453155.80027119274
7936.0,456049.4662845971
7940.0,454943.1151208579
7944.0,455567.3963286631
7948.0,454558.1890247101
7952.0,455447.00382603734
7956.0,451650.77535709785
7960.0,450505.3555954882
7964.0,452720.7588795686
7968.0,450338.2385274218
7972.0,454472.416959244
7976.0,454332.1912479882
7980.0,451773.611898265
7984.0,450652.15297707135
7988.0,447337.2254373886
7992.0,451071.0684219887
7996.0,453629.26176151435
8000.0,451687.3438915705
8004.0,452822.2634028478
8008.0,454415.3902009061
8012.0,453130.64867588907
8016.0,457259.95844022074
8020.0,456139.714791471
8024.0,460635.632947089
8028.0,458347.7665185014
8032.0,459083.1678285592
8036.0,461788.13491303456
8040.0,466378.29370508745
8044.0,465889.83366792137
8048.0,468850.33840377664
8052.0,469267.97478878347
8056.0,475355.5311053967
8060.0,472107.8911366392
8064.0,473510.0241542009
8068.0,470160.52445334144
8072.0,475480.3025925065
8076.0,475853.2039285811
8080.0,481834.40049117175
8084.0,487079.34735289885
8088.0,486621.3742919673
8092.0,488545.4764018159
8096.0,496523.6499077999
8100.0,497384.8007578121
8104.0,500480.29282384843
8108.0,504914.97665044817
8112.0,507652.0029935395
8116.0,509657.86993042886
8120.0,512397.9911142245
8124.0,511974.0695541193
8128.0,513003.45993556577
8132.0,512628.93439802516
8136.0,514805.29468378646
8140.0,514086.9080627381
8144.0,516454.92330758745
8148.0,513802.175554957
8152.0,511962.25581078744
8156.0,511605.41139620915
8160.0,508208.28131797013
8164.0,509386.1668059943
8168.0,508843.73989945545
8172.0,508909.2958972915
8176.0,504770.0428444873
8180.0,504571.80293608445
8184.0,504819.3379820082
8188.0,503482.56030293315
8192.0,504987.46084997634
8196.0,504977.51371721824
8200.0,502902.185712179
8204.0,502176.50949472986
8208.0,500780.00650865614
8212.0,497860.23570651945
8216.0,500023.3145238773
8220.0,496402.689738384
8224.0,498250.10838543257
8228.0,499056.94602529693
8232.0,501432.64799174736
8236.0,499470.08508252184
8240.0,501713.566727964
8244.0,501200.36200201913
8248.0,500212.8917090019
8252.0,503156.8410652389
8256.0,503770.5754894349
8260.0,500267.9892463343
8264.0,501428.25001284387
8268.0,502369.1728484739
8272.0,502796.6729891788
8276.0,502995.8954452239
8280.0,500106.28323461546
8284.0,499943.6863615508
8288.0,500859.2913448224
8292.0,499320.0783182213
8296.0,502310.20761133777
8300.0,499433.8528145806
8304.0,499574.362429789
8308.0,498971.16447863134
8312.0,499720.999741574
8316.0,497685.7931577163
8320.0,496176.5004507232
8324.0,494905.5106645246
8328.0,498031.4617992119
8332.0,496811.63526151265
8336.0,499581.30640997645
8340.0,495953.31134467595
8344.0,491334.2459321976
8348.0,489626.38841147046
8352.0,491478.64334848407
8356.0,489210.6684177433
8360.0,488881.5879173652
8364.0,486476.15821710764
8368.0,486452.22330156056
8372.0,483247.98439276975
8376.0,481093.2622112548
8380.0,480214.62095178856
8384.0,480109.3862865262
8388.0,475504.00060592435
8392.0,472427.3481876787
8396.0,476440.41552699485
8400.0,475916.9913878363
8404.0,475897.1776910178
8408.0,476777.30158473697
8412.0,471480.1348611132
8416.0,469934.79600626207
8420.0,473092.0541565022
8424.0,471520.22409387457
8428.0,471345.76828251453
8432.0,468592.55341914523
8436.0,465700.4269228596
8440.0,468754.5796004272
8444.0,467010.44072818593
8448.0,466922.845130437
8452.0,467214.5546215058
8456.0,466265.48996941117
8460.0,465892.53227163514
8464.0,466385.8584290013
8468.0,462399.142697636
8472.0,459541.4261560618
8476.0,462166.4871588304
8480.0,462009.9680958251
8484.0,460075.63924469985
8488.0,463011.8882590809
8492.0,460687.54839771474
8496.0,458972.2218178522
8500.0,456617.148774358
8504.0,454823.4886010498
8508.0,452483.6556996465
8512.0,449578.57398466236
8516.0,451269.12892089714
8520.0,450232.9816926389
8524.0,452986.05157515185
8528.0,452431.1588894777
8532.0,451516.07423923863
8536.0,448989.68378993886
8540.0,447883.08521766274
8544.0,448325.986511559
8548.0,444709.9786146463
8552.0,449480.0564316249
8556.0,448018.1692886637
8560.0,448867.8672550527
8564.0,447758.98806818895
8568.0,449614.68825050135
8572.0,447500.2388731298
8576.0,445833.0304496253
8580.0,447993.86955749546
8584.0,441259.6167984999
8588.0,442671.5028404374
8592.0,442624.36942608666
8596.0,442091.24287886627
8600.0,442539.71228559
8604.0,438678.35671621683
8608.0,438052.05822566245
8612.0,434729.3957976316
8616.0,434582.533016293
8620.0,436473.25380734925
8624.0,434629.14463588165
8628.0,433353.00783161644
8632.0,432851.60778450145
8636.0,433711.766793231
8640.0,432670.3786021925
8644.0,428804.8527559726
8648.0,429418.3830839139
8652.0,430970.24193443416
8656.0,426299.36942287086
8660.0,424319.9734038596
8664.0,423983.5366545463
8668.0,419364.41964770027
8672.0,419671.29777933576
8676.0,417650.902205199
8680.0,420107.33049990976
8684.0,419795.8242765671
8688.0,418693.4486486282
8692.0,415068.70389565587
8696.0,410730.9236015273
8700.0,416966.32550075307
8704.0,410494.5895651556
8708.0,408546.2313856743
8712.0,408690.4267502378
8716.0,405756.44740725664
8720.0,403133.6422471748
8724.0,403632.2601480289
8728.0,405070.3702955061
8732.0,403308.7587932999
8736.0,398832.279955284
8740.0,395805.17204149003
8744.0,394270.289610673
8748.0,393488.01730611734
8752.0,391134.72194547975
8756.0,392894.04422599124
8760.0,389527.9803773158
8764.0,387741.54533660057
8768.0,388212.6649426674
8772.0,385450.7269838236
8776.0,385481.0879093659
8780.0,384375.804219825
8784.0,377833.8193533527
8788.0,376194.4077271944
8792.0,374443.82196857414
8796.0,376012.3790505637
8800.0,373940.3464022855
8804.0,372324.6608340309
8808.0,370170.30548290425
8812.0,369833.4095197713
8816.0,369432.0959632447
8820.0,366206.55309298844
8824.0,363148.2049994829
8828.0,359140.54760282347
8832.0,356191.1465502918
8836.0,353587.94484576466
8840.0,353122.09972533816
8844.0,352169.3962333084
8848.0,353100.81148935604
8852.0,347940.87993910216
8856.0,348150.9945007899
8860.0,352264.6231858315
8864.0,350392.3137743468
8868.0,348168.0748096183
8872.0,349294.0310982363
8876.0,348059.83403206855
8880.0,349432.4331353547
8884.0,351621.4126983381
8888.0,355294.11628339515
8892.0,353699.736477946
8896.0,350641.1085842514
8900.0,355547.4810009166
8904.0,355040.39767500956
8908.0,358533.09758519253
8912.0,360521.76408342324
8916.0,360418.1220888832
8920.0,362061.7939983867
8924.0,364980.062199442
8928.0,365807.47485204256
8932.0,370622.4622275375
8936.0,365907.71224081103
8940.0,364211.074507129
8944.0,366987.902064772
8948.0,372035.7924024676
8952.0,374949.64940276754
8956.0,374851.7644235568
8960.0,381100.2004862949
8964.0,380053.680626761
8968.0,378812.56742545
8972.0,376152.6198142863
8976.0,378018.0405879351
8980.0,375829.53833531326
8984.0,375088.53457188606
8988.0,375084.1682614292
8992.0,380326.8531654738
8996.0,375056.69934706914
9000.0,375887.18250754767
9004.0,372869.6237474441
9008.0,373937.23290044937
9012.0,373387.4553880174
9016.0,376327.51914993854
9020.0,376989.695041851
9024.0,377227.19295659126
9028.0,374516.9581563969
9032.0,377751.6995965468
9036.0,377417.96348895604
9040.0,379111.19831456733
9044.0,378198.1227132632
9048.0,374753.2626617818
9052.0,378735.77199320967
9056.0,380735.29006956937
9060.0,382806.45509331167
9064.0,376888.5678999962
9068.0,376022.5732432014
9072.0,375175.72671307105
9076.0,378459.23995764845
9080.0,374714.7368216458
9084.0,371630.6000501161
9088.0,369451.9087768034
9092.0,366298.16235733643
9096.0,369081.12186758156
9100.0,373166.090820962
9104.0,366612.2117547628
9108.0,375613.7180574954
9112.0,374506.2526683861
9116.0,378730.6404995401
9120.0,382304.6958728803
9124.0,386686.47923343757
9128.0,385160.6195126268
9132.0,385169.92526883364
9136.0,387334.11323190207
9140.0,385879.10980429704
9144.0,391555.70392065955
9148.0,389349.25521591544
9152.0,392041.4998599814
9156.0,389316.81406732777
9160.0,392532.7465395427
9164.0,393726.74815716344
9168.0,392027.2723540536
9172.0,398529.82524561475
9176.0,399169.70182310324
9180.0,398452.89966620796
9184.0,400208.1319266827
9188.0,397501.5467730219
9192.0,398570.9515722039
9196.0,396934.881987978
9200.0,399109.87172312016
9204.0,400951.7428025899
9208.0,404130.48808405385
9212.0,399252.658574134
9216.0,405453.3924220938
9220.0,408340.5203757821
9224.0,407465.277067865
9228.0,407570.64336281444
9232.0,407864.7120423042
9236.0,405292.4215178272
9240.0,404085.3215852098
9244.0,409392.7209425116
9248.0,406294.5334942022
9252.0,404537.8797021658
9256.0,402291.1100103109
9260.0,403117.3236111097
9264.0,403630.43502615765
9268.0,405097.9227429752
9272.0,398365.7168062758
9276.0,399448.514682898
9280.0,393162.4156826242
9284.0,394675.13837168796
9288.0,396348.8087960714
9292.0,395998.01325732085
9296.0,396988.62369239226
9300.0,395257.12157757743
9304.0,394871.1184855193
9308.0,391380.3214844184
9312.0,389600.3028294562
9316.0,392139.0493960122
9320.0,394704.95726950926
9324.0,391639.66417602095
9328.0,393861.9747959988
9332.0,396617.71342703956
9336.0,393374.36864371225
9340.0,395889.5305241328
9344.0,397781.6981498427
9348.0,398763.4734894793
9352.0,399449.5167039515
9356.0,405398.9878979861
9360.0,402070.49578039674
9364.0,404611.0895859671
9368.0,405303.3963086355
9372.0,404475.4688177078
9376.0,407603.6917720473
9380.0,403018.7770495037
9384.0,410001.41972444457
9388.0,414731.951643418
9392.0,413635.2485110367
9396.0,414974.3346200423
9400.0,414970.8300195754
9404.0,416714.84291460505
9408.0,420065.02784804796
9412.0,415774.8275045366
9416.0,421324.35250769864
9420.0,424571.2526251106
9424.0,426425.15379296365
9428.0,425396.91742124286
9432.0,428385.1366895612
9436.0,432740.76606991753
9440.0,437219.09707351495
9444.0,443667.1549257971
9448.0,449563.64478840877
9452.0,455201.7222921214
9456.0,461180.019559521
9460.0,466161.83354904206
9464.0,466110.2186723572
9468.0,471297.90871734114
9472.0,471132.43611972296
9476.0,476842.62935861293
9480.0,478718.2893598812
9484.0,482157.0854416307
9488.0,486797.2011266886
9492.0,491838.9413710326
9496.0,498260.3462227698
9500.0,498797.8364673551
9504.0,504550.32558487175
9508.0,507012.3786508136
9512.0,512565.0698356244
9516.0,516621.866080877
9520.0,518590.81892417406
9524.0,519337.02659072983
9528.0,518451.3162091981
9532.0,516955.416775131
9536.0,517774.11741768115
9540.0,516681.8795196491
9544.0,516239.274460556
9548.0,519152.18297323456
9552.0,517961.170482959
9556.0,516847.04530930024
9560.0,519621.53170712065
9564.0,514807.55195939174
9568.0,516127.86473147146
9572.0,511921.0517118393
9576.0,512098.01512567647
9580.0,512183.6663209234
9584.0,507651.26273439964
9588.0,504531.32108113816
9592.0,502594.96106561314
9596.0,509176.1543268933
9600.0,510403.20265890704
9604.0,508437.0646817865
9608.0,509083.867982612
9612.0,502402.3601383292
9616.0,501986.0599998625
9620.0,500896.45781398006
9624.0,499111.1180332465
9628.0,500793.6430777191
9632.0,500855.9878499647
9636.0,494412.1922705709
9640.0,497209.1544069957
9644.0,498810.2007469424
9648.0,498734.3407368986
9652.0,500054.4942903165
9656.0,499998.9197846119
9660.0,501089.1677785662
9664.0,501291.02145394107
9668.0,505191.623789156
9672.0,505455.21549222915
9676.0,504607.93730365066
9680.0,501910.3851431356
9684.0,502913.2316650705
9688.0,503130.9879936636
9692.0,504299.161465061
9696.0,503984.0552471279
9700.0,507850.34622151114
9704.0,510181.8328973649
9708.0,514100.33801094146
9712.0,509436.5404925589
9716.0,511700.17836383544
9720.0,508955.1074984966
9724.0,517752.7599172919
9728.0,517318.43434868974
9732.0,516547.23931385163
9736.0,515508.8928208663
9740.0,515366.1750863857
9744.0,519412.2087368275
9748.0,516455.8497386303
9752.0,515144.82483871863
9756.0,509822.2887893346
9760.0,504603.20223761594
9764.0,498559.72764282924
9768.0,497848.39268975344
9772.0,498542.9882816945
9776.0,500896.7101074159
9780.0,500092.23631019355
9784.0,500947.41536663496
9788.0,500558.14810361265
9792.0,499860.0292281827
9796.0,497278.016679737
9800.0,495637.1402174236
9804.0,495283.2298014579
9808.0,494933.85033372586
9812.0,492673.8043051237
9816.0,497697.9093461278
9820.0,497976.17746767413
9824.0,500851.11973517097
9828.0,498146.8199231941
9832.0,494903.43197150936
9836.0,499419.3515943327
9840.0,498886.14666981314
9844.0,497073.2106343532
9848.0,490144.4648291348
9852.0,488783.3430651079
9856.0,483967.72824424336
9860.0,480959.94614487374
9864.0,481404.66257862304
9868.0,477762.31526786496
9872.0,476906.5388008419
9876.0,478889.87081438035
9880.0,474647.2512582645
9884.0,474642.1263211555
9888.0,472188.7484633543
9892.0,470503.31102445425
9896.0,465638.3139298983
9900.0,462337.2346493673
9904.0,459610.46116146824
9908.0,456696.97140821506
9912.0,452359.4853667256
9916.0,448796.237986391
9920.0,449482.15129531646
9924.0,445306.91433129576
9928.0,444788.0630102323
9932.0,443268.47435495874
9936.0,439913.60670318926
9940.0,431808.94469841215
9944.0,427567.5875391838
9948.0,423408.02236649813
9952.0,419516.6003453398
9956.0,417591.65935544187
9960.0,418869.3446809473
9964.0,420036.683062776
9968.0,422676.09880471166
9972.0,428241.24752107996
9976.0,424211.71346856107
9980.0,420467.2823911003
9984.0,422297.8620394724
9988.0,427683.13169121504
9992.0,430720.8128576896
9996.0,424051.72778080875
10000.0,426010.18078604946
10004.0,428754.8448216123
10008.0,426923.7520727279
10012.0,434066.9245966012
10016.0,433737.6284393935
10020.0,436067.1193179226
10024.0,437044.0998309649
10028.0,440937.72672367026
10032.0,448280.8249532251
10036.0,446819.3247131072
10040.0,448922.25119629124
10044.0,454430.5397590603
10048.0,456363.80832317495
10052.0,457265.6488339418
10056.0,463413.11772693845
10060.0,460757.3949009897
10064.0,459225.0486051452
10068.0,455405.8755003651
10072.0,453983.67537500313
10076.0,454233.15162646695
10080.0,457355.44248462585
10084.0,455377.06393322063
10088.0,458032.1896518662
10092.0,456805.8800348181
10096.0,458153.01054601296
10100.0,457102.2626184131
10104.0,460394.1288104992
10108.0,461399.5404135693
10112.0,457586.08219141583
10116.0,457936.7284994737
10120.0,459035.95531875384
10124.0,455637.49730033154
10128.0,456380.2111124608
10132.0,462591.76773509284
10136.0,463752.48991274467
10140.0,464986.13959621266
10144.0,462030.6874808274
10148.0,463505.4667949371
10152.0,459345.31395630393
10156.0,461512.12996398954
10160.0,455654.60014025675
10164.0,454293.333011701
10168.0,452884.3118505309
10172.0,446943.54030184506
10176.0,446711.14659940725
10180.0,449133.7913638294
10184.0,439267.70037223183
10188.0,436132.19038243097
10192.0,435543.91395056696
10196.0,437755.11766981176
10200.0,437886.3714085455
10204.0,440591.5489302982
10208.0,434992.7450273134
10212.0,434067.17819276324
10216.0,428518.1982499699
10220.0,427451.23930767394
10224.0,425144.6619520152
10228.0,420708.261717007
10232.0,418243.5441322858
10236.0,418787.8495931218
10240.0,417407.0737891092
10244.0,414837.9651347097
10248.0,409987.98855937686
10252.0,403966.58637228736
10256.0,403727.6508780551
10260.0,409965.5067724847
10264.0,403136.966713753
10268.0,400812.95781764796
10272.0,405327.52392057097
10276.0,399671.54464465694
10280.0,394324.75102304196
10284.0,395185.6540638668
10288.0,391392.14140588406
10292.0,394106.26312614756
10296.0,390432.5446965893
10300.0,387136.0235511752
10304.0,386684.6056062385
10308.0,386241.3527226074
10312.0,381586.9814793386
10316.0,379762.92690547125
10320.0,384016.0648971349
10324.0,380759.36402840697
10328.0,374571.42970141664
10332.0,376630.8421153217
10336.0,377038.5106229538
10340.0,375869.52834773285
10344.0,382617.2022110668
10348.0,377468.3555011282
10352.0,383206.8151404932
10356.0,382377.5988056567
10360.0,378789.6930344834
10364.0,382103.17204228323
10368.0,386724.2955153607
10372.0,383590.58301724563
10376.0,378492.006942682
10380.0,380045.09543313994
10384.0,380871.2487134853
10388.0,380202.41988656716
10392.0,383979.74617318856
10396.0,388223.04457139457
10400.0,388592.4907747092
10404.0,380069.8240175782
10408.0,390856.0073669891
10412.0,392313.453233071
10416.0,387746.54152973474
10420.0,392182.77869753493
10424.0,392420.89351249125
10428.0,397247.1706519133
10432.0,397969.31602286274
10436.0,401420.3939786038
10440.0,403508.0351388457
10444.0,401419.300662621
10448.0,400565.6312990429
10452.0,399460.02207789157
10456.0,407120.28496811126
10460.0,405380.8316951289
10464.0,404838.3782147989
10468.0,408188.24816619174
10472.0,407286.90200381656
10476.0,396088.88917420583
10480.0,401653.67784883553
10484.0,396731.4137272153
10488.0,398600.689712009
10492.0,395145.28498385707
10496.0,394790.9889902725
10500.0,396021.9099243106
10504.0,397124.39905988326
10508.0,404396.95040597324
10512.0,403845.1289756095
10516.0,403877.17426538013
10520.0,406127.7122623774
10524.0,408397.1721120683
10528.0,409992.25492845615
10532.0,415538.15213519527
10536.0,413362.17845057015
10540.0,411226.40086233173
10544.0,412240.9248587784
10548.0,413757.646640811
10552.0,408059.79517210246
10556.0,409845.2900378649
10560.0,404838.0312656304
10564.0,407554.11902090727
10568.0,406674.1563666005
10572.0,402259.65314849175
10576.0,408254.88776913285
10580.0,406409.4214831322
10584.0,408973.5827084762
10588.0,407030.1803831516
10592.0,405411.94857715373
10596.0,400051.33031963883
10600.0,399921.5015273448
10604.0,398707.82869107404
10608.0,398839.2048014328
10612.0,402742.25667661754
10616.0,402612.03405235003
10620.0,401470.73778478545
10624.0,400674.61519393674
10628.0,391968.54135390784
10632.0,397182.3273558775
10636.0,404125.4711680136
10640.0,399665.9741856668
10644.0,401901.4528224067
10648.0,405637.43513814197
10652.0,409960.65051835106
10656.0,407726.66249356
10660.0,410000.10781289375
10664.0,413908.37324735837
10668.0,415625.42983379075
10672.0,418206.052440815
10676.0,422867.640739056
10680.0,416365.109563845
10684.0,429022.55490051996
10688.0,427263.4115808527
10692.0,431948.28050045006
10696.0,431956.35386712925
10700.0,432850.5242663222
10704.0,429610.49790997704
10708.0,433109.11036516906
10712.0,433714.75714429794
10716.0,435905.9756760784
10720.0,435313.64861586614
10724.0,430758.5308622247
10728.0,436738.16332212463
10732.0,451689.7044985947
10736.0,450442.1533520632
10740.0,454126.76351515524
10744.0,447207.6504936816
10748.0,451543.70503755054
10752.0,456321.34757800365
10756.0,452767.6319609141
10760.0,456787.10899898
10764.0,456671.1649295534
10768.0,459870.83049759857
10772.0,456271.46273320477
10776.0,453522.69126406685
10780.0,452965.7156598786
10784.0,454631.21219795407
10788.0,458511.06525739434
10792.0,459318.32480089593
10796.0,459215.18556212855
10800.0,463374.87634903967
10804.0,462316.9949484826
10808.0,462719.7775332294
10812.0,470171.1897651384
10816.0,465920.16355755477
10820.0,473329.4198372233
10824.0,467848.40883784014
10828.0,462215.9465211872
10832.0,472037.1878591141
10836.0,473885.8838064852
10840.0,471455.4367794526
10844.0,472146.1984471248
10848.0,468010.06241707725
10852.0,477227.82888184465
10856.0,478493.62586515635
10860.0,474792.19994803297
10864.0,472818.9939973773
10868.0,471170.0479405118
10872.0,466105.8541931575
10876.0,466689.0141828312
10880.0,480374.25817811553
10884.0,477874.14464632916
10888.0,481153.2614390083
10892.0,480465.04481937765
10896.0,478970.92998104036
10900.0,474757.7224681368
10904.0,467638.35593180195
10908.0,470439.95280639885
10912.0,473580.21933447756
10916.0,475252.643402322
10920.0,472163.35469175834
10924.0,462138.6966104589
10928.0,471390.3500477152
10932.0,467150.50129105273
10936.0,461988.23963563243
10940.0,470698.9126788212
10944.0,466609.59741978184
10948.0,459065.2431612625
10952.0,452749.57611067826
10956.0,454281.4697050061
10960.0,452052.22457717
10964.0,460317.587711015
10968.0,458838.8189236637
10972.0,463858.96804335964
10976.0,466610.1435246134
10980.0,469262.28019972995
10984.0,470429.3209977608
10988.0,469899.24678147177
10992.0,468658.3253352053
10996.0,457411.84772002714
11000.0,459585.95838588953
11004.0,447790.9389227079
11008.0,440423.5285501728
11012.0,436150.2070337867
11016.0,430204.5844711467
11020.0,426284.8973497877
11024.0,423096.0723638101
11028.0,423762.1765596721
11032.0,422939.1444852184
11036.0,427517.4454116635
11040.0,428468.9065767393
11044.0,423463.3977974395
11048.0,421267.1523663428
11052.0,423192.8340640244
11056.0,421458.76249485277
11060.0,426455.0900055562
11064.0,426643.447091054
11068.0,423933.4128794639
11072.0,416111.47230510926
11076.0,412668.00012333284
11080.0,421907.18777808716
11084.0,421376.47047654603
11088.0,414740.37647000735
11092.0,414874.0444046131
11096.0,413609.9284504502
11100.0,413057.5154093386
11104.0,417784.7770011052
11108.0,422086.1146090328
11112.0,427434.7327889264
11116.0,421868.15306535206
11120.0,425791.1993121135
11124.0,427115.6386747277
11128.0,422466.19728586497
11132.0,429869.82740948274
11136.0,428674.4552668793
11140.0,431147.9856233721
11144.0,433989.1405501256
11148.0,424769.2225635465
11152.0,433950.97780200286
11156.0,432251.8234203416
11160.0,431320.5035143923
11164.0,430339.10354371136
11168.0,426825.4681116261
11172.0,424552.43516479764
11176.0,415081.4543885615
11180.0,417279.8602287982
11184.0,418011.66127848625
11188.0,413144.77687966806
11192.0,415210.1726116605
11196.0,414232.64797018026
11200.0,411176.568117106
11204.0,422961.4925295357
11208.0,420284.2534746772
11212.0,421164.5173129165
11216.0,429088.8529661496
11220.0,430896.81553335465
11224.0,439743.4023400851
11228.0,438111.05438412505
11232.0,445353.58292509743
11236.0,438925.60848875495
11240.0,438773.64402380044
11244.0,438151.5641417232
11248.0,436703.28754839033
11252.0,447400.793780778
11256.0,446519.07435855945
11260.0,451239.24331567326
11264.0,462540.97688092623
11268.0,458842.7632679248
11272.0,467262.1399146729
11276.0,467551.44867849926
11280.0,465070.5137629304
11284.0,465432.1304619267
11288.0,469812.08724432514
11292.0,470160.51692422095
11296.0,472040.4647446696
11300.0,466609.4917613696
11304.0,474738.9853908012
11308.0,464324.4421155958
11312.0,468763.42096757726
11316.0,466434.90976889373
11320.0,472148.984586767
11324.0,474442.34695779684
11328.0,469731.9490903468
11332.0,470632.1291298443
11336.0,473437.5207442444
11340.0,479686.2901232645
11344.0,475249.10005160683
11348.0,465470.0230335361
11352.0,472503.58348579815
11356.0,462964.7954596195
11360.0,461704.78100826725
11364.0,465044.11004738655
11368.0,470501.06345212756
11372.0,465284.22090189846
11376.0,471041.0662263237
11380.0,471561.5545997377
11384.0,470687.5730875075
11388.0,476080.9749865198
11392.0,466788.7519742594
11396.0,461500.541054353
11400.0,473782.0270924584
11404.0,472226.0797749711
11408.0,484079.71632485103
11412.0,496177.35343967145
11416.0,498102.9548858284
11420.0,504617.02429325075
11424.0,516394.62820856733
11428.0,518381.78606988216
11432.0,518648.06642939505
11436.0,532061.6618656918
11440.0,522267.6232611185
11444.0,530476.0543243871
11448.0,532878.0632053677
11452.0,523510.6693202048
11456.0,535319.3411134409
11460.0,550543.5953867041
11464.0,550493.5581371452
11468.0,556246.1614593457
11472.0,556845.1853133135
11476.0,565318.9447134979
11480.0,548990.4489513593
11484.0,549915.5799845239
11488.0,547011.3406030366
11492.0,546847.5615963743
11496.0,539063.8318489367
11500.0,535505.7969153009
11504.0,539815.2697862908
11508.0,543911.4840867391
11512.0,536665.14061948
11516.0,545369.8850947955
11520.0,546516.993876761
11524.0,553291.1993996713
11528.0,549890.0348570488
11532.0,548521.6828018916
11536.0,549312.1107024703
11540.0,539242.1257767085
11544.0,532187.0153140309
11548.0,540863.6612019519
11552.0,543001.6983721819
11556.0,556804.1830022277
11560.0,555311.0110533985
11564.0,562645.4968464281
11568.0,553499.3261761507
11572.0,560775.327443397
11576.0,551722.2002840256
11580.0,556948.0066211036
11584.0,565606.7503939148
11588.0,565317.3697683736
11592.0,551400.9342970871
11596.0,555422.7391871521
11600.0,555851.4188063405
11604.0,570913.4649841844
11608.0,564058.848406092
11612.0,571263.3880164071
11616.0,577114.7047279604
11620.0,578497.7714032792
11624.0,591122.7432681881
11628.0,579945.6815311881
11632.0,580928.6834432555
11636.0,573850.4001254538
11640.0,584971.7788385911
11644.0,584326.6659809187
11648.0,587136.8000421779
11652.0,585853.5106972872
11656.0,596435.3339050785
11660.0,606265.6748349329
11664.0,601527.9584480855
11668.0,608398.4725665087
11672.0,621156.9106208533
11676.0,607011.5809239353
11680.0,623998.5818121876
11684.0,637910.5981058532
11688.0,645924.6401224544
11692.0,653400.0504749106
11696.0,653185.3306251735
11700.0,668642.070053627
11704.0,672258.0934398718
11708.0,689881.6148581844
11712.0,699151.279628515
11716.0,693630.3551985915
11720.0,695993.8376936668
11724.0,692527.7234950216
11728.0,697913.0892487601
11732.0,696533.4540825491
11736.0,690936.6203106386
11740.0,706239.9081850419
11744.0,706219.9968360896
11748.0,692309.1445534221
11752.0,698362.7036659505
11756.0,692101.560897724
11760.0,690717.5988301086
11764.0,704368.6453967855
11768.0,705732.8430776317
11772.0,705793.1573597587
11776.0,709209.3569188922
11780.0,712609.6105357606
11784.0,727365.1480197933
11788.0,746047.8846963726
11792.0,749896.2730114042
11796.0,759892.6871471045
11800.0,765390.6494591136
11804.0,769114.5889969524
11808.0,786779.580806307
11812.0,796432.6807627901
11816.0,810670.1029737433
11820.0,800620.6296144365
11824.0,820647.2384612707
11828.0,841119.3757984703
11832.0,856294.5552963747
11836.0,841452.58859529
11840.0,840992.0114814813
11844.0,824577.5381139279
11848.0,806733.023620411
11852.0,823822.3484070412
11856.0,794110.3978262799
11860.0,773280.6403746195
11864.0,760477.9418473723
11868.0,747880.8917518453
11872.0,758502.8227467863
11876.0,758862.9028812812
11880.0,735789.9647464812
11884.0,732712.2962416064
11888.0,718257.713817912
11892.0,706604.532112395
11896.0,693388.3615197284
11900.0,684986.9573039175
11904.0,684136.6678889911
11908.0,653750.4829050484
11912.0,665989.8657326545
11916.0,637050.8088758185
11920.0,666357.8963086384
11924.0,666663.1471577513
11928.0,621336.1543114182
11932.0,612317.1881050015
11936.0,587168.5756871154
11940.0,593204.4381332946
11944.0,590041.2344749102
11948.0,551694.0987975593
11952.0,553463.8476586852
11956.0,517274.03518107533
11960.0,484921.636790022
11964.0,452641.71658507496
11968.0,433041.9015414999
11972.0,427165.7216644675
11976.0,401506.960911646
11980.0,390727.2268446402
11984.0,299655.9851639116
11988.0,293649.0499374737
11992.0,353475.4689192973
11996.0,142279.75054957176
12000.0,193481.53985940054
