job_id,folder_name,collection_status,conductivity_mS_cm,conductivity_uncertainty_mS_cm,conductivity_raw_line,folder_path,output_file,cluster_id,original_row_index,doi,representative_doi,cation_name,anion_name,salt_conc,solvents,solvent_fracs,temperature,q_scale,cluster_rank_in_sampling,selection_reason,source_row_number,weighted_permittivity,weighted_viscosity_mpa_s_25c,salt_conc_x_weighted_permittivity,salt_conc_x_weighted_viscosity,conductivity,composition_summary,duplicate_identity,cluster_size,cluster_sampling_order
cluster01_rank01_row106_q0p70,Li_PF6_1p0M_EC0p5DMC0p5_T253p4239726_q070,parsed,4.9627,0.6909,Ionic conductivity = 4.9627 ± 0.6909 mS/cm,/scratch/hacortes/ADOBADO/LELi-MDLab/solvents/Q_Optimization/Li_PF6_1p0M_EC0p5DMC0p5_T253p4239726_q070,/scratch/hacortes/ADOBADO/LELi-MDLab/solvents/Q_Optimization/Li_PF6_1p0M_EC0p5DMC0p5_T253p4239726_q070/output_LELiB_MDLab.txt,1,106,10.1016/j.jpowsour.2011.06.030,10.1016/j.jpowsour.2011.06.030,Li,PF6,1.0,"[""EC"",""DMC""]","[0.5,0.5]",253.4239726,0.7,1,representative_row_index from cluster_summary.csv,57,46.05,1.245,46.05,1.245,3.307854125,EC:0.500+DMC:0.500,"('Li', 'PF6', 1.0, '[""EC"",""DMC""]', '[0.5,0.5]', 253.4239726)",185,0
cluster01_rank01_row106_q0p75,Li_PF6_1p0M_EC0p5DMC0p5_T253p4239726_q075,parsed,4.0732,0.3641,Ionic conductivity = 4.0732 ± 0.3641 mS/cm,/scratch/hacortes/ADOBADO/LELi-MDLab/solvents/Q_Optimization/Li_PF6_1p0M_EC0p5DMC0p5_T253p4239726_q075,/scratch/hacortes/ADOBADO/LELi-MDLab/solvents/Q_Optimization/Li_PF6_1p0M_EC0p5DMC0p5_T253p4239726_q075/output_LELiB_MDLab.txt,1,106,10.1016/j.jpowsour.2011.06.030,10.1016/j.jpowsour.2011.06.030,Li,PF6,1.0,"[""EC"",""DMC""]","[0.5,0.5]",253.4239726,0.75,1,representative_row_index from cluster_summary.csv,57,46.05,1.245,46.05,1.245,3.307854125,EC:0.500+DMC:0.500,"('Li', 'PF6', 1.0, '[""EC"",""DMC""]', '[0.5,0.5]', 253.4239726)",185,0
cluster01_rank01_row106_q0p80,Li_PF6_1p0M_EC0p5DMC0p5_T253p4239726_q080,parsed,3.2792,0.8372,Ionic conductivity = 3.2792 ± 0.8372 mS/cm,/scratch/hacortes/ADOBADO/LELi-MDLab/solvents/Q_Optimization/Li_PF6_1p0M_EC0p5DMC0p5_T253p4239726_q080,/scratch/hacortes/ADOBADO/LELi-MDLab/solvents/Q_Optimization/Li_PF6_1p0M_EC0p5DMC0p5_T253p4239726_q080/output_LELiB_MDLab.txt,1,106,10.1016/j.jpowsour.2011.06.030,10.1016/j.jpowsour.2011.06.030,Li,PF6,1.0,"[""EC"",""DMC""]","[0.5,0.5]",253.4239726,0.8,1,representative_row_index from cluster_summary.csv,57,46.05,1.245,46.05,1.245,3.307854125,EC:0.500+DMC:0.500,"('Li', 'PF6', 1.0, '[""EC"",""DMC""]', '[0.5,0.5]', 253.4239726)",185,0
cluster01_rank01_row106_q0p85,Li_PF6_1p0M_EC0p5DMC0p5_T253p4239726_q085,parsed,2.8392,0.5023,Ionic conductivity = 2.8392 ± 0.5023 mS/cm,/scratch/hacortes/ADOBADO/LELi-MDLab/solvents/Q_Optimization/Li_PF6_1p0M_EC0p5DMC0p5_T253p4239726_q085,/scratch/hacortes/ADOBADO/LELi-MDLab/solvents/Q_Optimization/Li_PF6_1p0M_EC0p5DMC0p5_T253p4239726_q085/output_LELiB_MDLab.txt,1,106,10.1016/j.jpowsour.2011.06.030,10.1016/j.jpowsour.2011.06.030,Li,PF6,1.0,"[""EC"",""DMC""]","[0.5,0.5]",253.4239726,0.85,1,representative_row_index from cluster_summary.csv,57,46.05,1.245,46.05,1.245,3.307854125,EC:0.500+DMC:0.500,"('Li', 'PF6', 1.0, '[""EC"",""DMC""]', '[0.5,0.5]', 253.4239726)",185,0
cluster01_rank01_row106_q0p90,Li_PF6_1p0M_EC0p5DMC0p5_T253p4239726_q090,parsed,2.0849,0.4291,Ionic conductivity = 2.0849 ± 0.4291 mS/cm,/scratch/hacortes/ADOBADO/LELi-MDLab/solvents/Q_Optimization/Li_PF6_1p0M_EC0p5DMC0p5_T253p4239726_q090,/scratch/hacortes/ADOBADO/LELi-MDLab/solvents/Q_Optimization/Li_PF6_1p0M_EC0p5DMC0p5_T253p4239726_q090/output_LELiB_MDLab.txt,1,106,10.1016/j.jpowsour.2011.06.030,10.1016/j.jpowsour.2011.06.030,Li,PF6,1.0,"[""EC"",""DMC""]","[0.5,0.5]",253.4239726,0.9,1,representative_row_index from cluster_summary.csv,57,46.05,1.245,46.05,1.245,3.307854125,EC:0.500+DMC:0.500,"('Li', 'PF6', 1.0, '[""EC"",""DMC""]', '[0.5,0.5]', 253.4239726)",185,0
cluster01_rank02_row125_q0p70,Li_TFSI_1p0M_EC0p6DMC0p4_T298p0_q070,parsed,8.1533,1.8832,Ionic conductivity = 8.1533 ± 1.8832 mS/cm,/scratch/hacortes/ADOBADO/LELi-MDLab/solvents/Q_Optimization/Li_TFSI_1p0M_EC0p6DMC0p4_T298p0_q070,/scratch/hacortes/ADOBADO/LELi-MDLab/solvents/Q_Optimization/Li_TFSI_1p0M_EC0p6DMC0p4_T298p0_q070/output_LELiB_MDLab.txt,1,125,10.1016/j.jpowsour.2011.07.071,10.1016/j.jpowsour.2011.07.071,Li,TFSI,1.0,"[""EC"",""DMC""]","[0.6,0.4]",298.0,0.7,2,"maximin descriptor spread from existing selections using weighted_permittivity, weighted_viscosity_mPa_s_25C, salt_conc_x_weighted_permittivity, salt_conc_x_weighted_viscosity, conductivity; duplicate simulation inputs excluded",76,54.64,1.376,54.64,1.376,9.093333333,EC:0.600+DMC:0.400,"('Li', 'TFSI', 1.0, '[""EC"",""DMC""]', '[0.6,0.4]', 298.0)",185,0
cluster01_rank02_row125_q0p75,Li_TFSI_1p0M_EC0p6DMC0p4_T298p0_q075,parsed,7.8439,0.5480,Ionic conductivity = 7.8439 ± 0.5480 mS/cm,/scratch/hacortes/ADOBADO/LELi-MDLab/solvents/Q_Optimization/Li_TFSI_1p0M_EC0p6DMC0p4_T298p0_q075,/scratch/hacortes/ADOBADO/LELi-MDLab/solvents/Q_Optimization/Li_TFSI_1p0M_EC0p6DMC0p4_T298p0_q075/output_LELiB_MDLab.txt,1,125,10.1016/j.jpowsour.2011.07.071,10.1016/j.jpowsour.2011.07.071,Li,TFSI,1.0,"[""EC"",""DMC""]","[0.6,0.4]",298.0,0.75,2,"maximin descriptor spread from existing selections using weighted_permittivity, weighted_viscosity_mPa_s_25C, salt_conc_x_weighted_permittivity, salt_conc_x_weighted_viscosity, conductivity; duplicate simulation inputs excluded",76,54.64,1.376,54.64,1.376,9.093333333,EC:0.600+DMC:0.400,"('Li', 'TFSI', 1.0, '[""EC"",""DMC""]', '[0.6,0.4]', 298.0)",185,0
cluster01_rank02_row125_q0p80,Li_TFSI_1p0M_EC0p6DMC0p4_T298p0_q080,parsed,7.8217,0.9552,Ionic conductivity = 7.8217 ± 0.9552 mS/cm,/scratch/hacortes/ADOBADO/LELi-MDLab/solvents/Q_Optimization/Li_TFSI_1p0M_EC0p6DMC0p4_T298p0_q080,/scratch/hacortes/ADOBADO/LELi-MDLab/solvents/Q_Optimization/Li_TFSI_1p0M_EC0p6DMC0p4_T298p0_q080/output_LELiB_MDLab.txt,1,125,10.1016/j.jpowsour.2011.07.071,10.1016/j.jpowsour.2011.07.071,Li,TFSI,1.0,"[""EC"",""DMC""]","[0.6,0.4]",298.0,0.8,2,"maximin descriptor spread from existing selections using weighted_permittivity, weighted_viscosity_mPa_s_25C, salt_conc_x_weighted_permittivity, salt_conc_x_weighted_viscosity, conductivity; duplicate simulation inputs excluded",76,54.64,1.376,54.64,1.376,9.093333333,EC:0.600+DMC:0.400,"('Li', 'TFSI', 1.0, '[""EC"",""DMC""]', '[0.6,0.4]', 298.0)",185,0
cluster01_rank02_row125_q0p85,Li_TFSI_1p0M_EC0p6DMC0p4_T298p0_q085,parsed,6.0726,1.4453,Ionic conductivity = 6.0726 ± 1.4453 mS/cm,/scratch/hacortes/ADOBADO/LELi-MDLab/solvents/Q_Optimization/Li_TFSI_1p0M_EC0p6DMC0p4_T298p0_q085,/scratch/hacortes/ADOBADO/LELi-MDLab/solvents/Q_Optimization/Li_TFSI_1p0M_EC0p6DMC0p4_T298p0_q085/output_LELiB_MDLab.txt,1,125,10.1016/j.jpowsour.2011.07.071,10.1016/j.jpowsour.2011.07.071,Li,TFSI,1.0,"[""EC"",""DMC""]","[0.6,0.4]",298.0,0.85,2,"maximin descriptor spread from existing selections using weighted_permittivity, weighted_viscosity_mPa_s_25C, salt_conc_x_weighted_permittivity, salt_conc_x_weighted_viscosity, conductivity; duplicate simulation inputs excluded",76,54.64,1.376,54.64,1.376,9.093333333,EC:0.600+DMC:0.400,"('Li', 'TFSI', 1.0, '[""EC"",""DMC""]', '[0.6,0.4]', 298.0)",185,0
cluster01_rank02_row125_q0p90,Li_TFSI_1p0M_EC0p6DMC0p4_T298p0_q090,parsed,5.1618,1.4407,Ionic conductivity = 5.1618 ± 1.4407 mS/cm,/scratch/hacortes/ADOBADO/LELi-MDLab/solvents/Q_Optimization/Li_TFSI_1p0M_EC0p6DMC0p4_T298p0_q090,/scratch/hacortes/ADOBADO/LELi-MDLab/solvents/Q_Optimization/Li_TFSI_1p0M_EC0p6DMC0p4_T298p0_q090/output_LELiB_MDLab.txt,1,125,10.1016/j.jpowsour.2011.07.071,10.1016/j.jpowsour.2011.07.071,Li,TFSI,1.0,"[""EC"",""DMC""]","[0.6,0.4]",298.0,0.9,2,"maximin descriptor spread from existing selections using weighted_permittivity, weighted_viscosity_mPa_s_25C, salt_conc_x_weighted_permittivity, salt_conc_x_weighted_viscosity, conductivity; duplicate simulation inputs excluded",76,54.64,1.376,54.64,1.376,9.093333333,EC:0.600+DMC:0.400,"('Li', 'TFSI', 1.0, '[""EC"",""DMC""]', '[0.6,0.4]', 298.0)",185,0
cluster01_rank03_row11917_q0p70,Li_PF6_3p0M_EC0p5DMC0p5_T323p15_q070,parsed,14.2081,4.1953,Ionic conductivity = 14.2081 ± 4.1953 mS/cm,/scratch/hacortes/ADOBADO/LELi-MDLab/solvents/Q_Optimization/Li_PF6_3p0M_EC0p5DMC0p5_T323p15_q070,/scratch/hacortes/ADOBADO/LELi-MDLab/solvents/Q_Optimization/Li_PF6_3p0M_EC0p5DMC0p5_T323p15_q070/output_LELiB_MDLab.txt,1,11917,10.1149/2.0571912jes,10.1149/2.0571912jes,Li,PF6,3.0,"[""EC"",""DMC""]","[0.5,0.5]",323.15,0.7,3,"maximin descriptor spread from existing selections using weighted_permittivity, weighted_viscosity_mPa_s_25C, salt_conc_x_weighted_permittivity, salt_conc_x_weighted_viscosity, conductivity; duplicate simulation inputs excluded",404,46.05,1.245,138.14999999999998,3.735,7.98,EC:0.500+DMC:0.500,"('Li', 'PF6', 3.0, '[""EC"",""DMC""]', '[0.5,0.5]', 323.15)",185,0
cluster01_rank03_row11917_q0p75,Li_PF6_3p0M_EC0p5DMC0p5_T323p15_q075,parsed,9.5118,1.8352,Ionic conductivity = 9.5118 ± 1.8352 mS/cm,/scratch/hacortes/ADOBADO/LELi-MDLab/solvents/Q_Optimization/Li_PF6_3p0M_EC0p5DMC0p5_T323p15_q075,/scratch/hacortes/ADOBADO/LELi-MDLab/solvents/Q_Optimization/Li_PF6_3p0M_EC0p5DMC0p5_T323p15_q075/output_LELiB_MDLab.txt,1,11917,10.1149/2.0571912jes,10.1149/2.0571912jes,Li,PF6,3.0,"[""EC"",""DMC""]","[0.5,0.5]",323.15,0.75,3,"maximin descriptor spread from existing selections using weighted_permittivity, weighted_viscosity_mPa_s_25C, salt_conc_x_weighted_permittivity, salt_conc_x_weighted_viscosity, conductivity; duplicate simulation inputs excluded",404,46.05,1.245,138.14999999999998,3.735,7.98,EC:0.500+DMC:0.500,"('Li', 'PF6', 3.0, '[""EC"",""DMC""]', '[0.5,0.5]', 323.15)",185,0
cluster01_rank03_row11917_q0p80,Li_PF6_3p0M_EC0p5DMC0p5_T323p15_q080,parsed,7.8263,1.2129,Ionic conductivity = 7.8263 ± 1.2129 mS/cm,/scratch/hacortes/ADOBADO/LELi-MDLab/solvents/Q_Optimization/Li_PF6_3p0M_EC0p5DMC0p5_T323p15_q080,/scratch/hacortes/ADOBADO/LELi-MDLab/solvents/Q_Optimization/Li_PF6_3p0M_EC0p5DMC0p5_T323p15_q080/output_LELiB_MDLab.txt,1,11917,10.1149/2.0571912jes,10.1149/2.0571912jes,Li,PF6,3.0,"[""EC"",""DMC""]","[0.5,0.5]",323.15,0.8,3,"maximin descriptor spread from existing selections using weighted_permittivity, weighted_viscosity_mPa_s_25C, salt_conc_x_weighted_permittivity, salt_conc_x_weighted_viscosity, conductivity; duplicate simulation inputs excluded",404,46.05,1.245,138.14999999999998,3.735,7.98,EC:0.500+DMC:0.500,"('Li', 'PF6', 3.0, '[""EC"",""DMC""]', '[0.5,0.5]', 323.15)",185,0
cluster01_rank03_row11917_q0p85,Li_PF6_3p0M_EC0p5DMC0p5_T323p15_q085,parsed,5.5320,1.4311,Ionic conductivity = 5.5320 ± 1.4311 mS/cm,/scratch/hacortes/ADOBADO/LELi-MDLab/solvents/Q_Optimization/Li_PF6_3p0M_EC0p5DMC0p5_T323p15_q085,/scratch/hacortes/ADOBADO/LELi-MDLab/solvents/Q_Optimization/Li_PF6_3p0M_EC0p5DMC0p5_T323p15_q085/output_LELiB_MDLab.txt,1,11917,10.1149/2.0571912jes,10.1149/2.0571912jes,Li,PF6,3.0,"[""EC"",""DMC""]","[0.5,0.5]",323.15,0.85,3,"maximin descriptor spread from existing selections using weighted_permittivity, weighted_viscosity_mPa_s_25C, salt_conc_x_weighted_permittivity, salt_conc_x_weighted_viscosity, conductivity; duplicate simulation inputs excluded",404,46.05,1.245,138.14999999999998,3.735,7.98,EC:0.500+DMC:0.500,"('Li', 'PF6', 3.0, '[""EC"",""DMC""]', '[0.5,0.5]', 323.15)",185,0
cluster01_rank03_row11917_q0p90,Li_PF6_3p0M_EC0p5DMC0p5_T323p15_q090,parsed,3.4473,1.3368,Ionic conductivity = 3.4473 ± 1.3368 mS/cm,/scratch/hacortes/ADOBADO/LELi-MDLab/solvents/Q_Optimization/Li_PF6_3p0M_EC0p5DMC0p5_T323p15_q090,/scratch/hacortes/ADOBADO/LELi-MDLab/solvents/Q_Optimization/Li_PF6_3p0M_EC0p5DMC0p5_T323p15_q090/output_LELiB_MDLab.txt,1,11917,10.1149/2.0571912jes,10.1149/2.0571912jes,Li,PF6,3.0,"[""EC"",""DMC""]","[0.5,0.5]",323.15,0.9,3,"maximin descriptor spread from existing selections using weighted_permittivity, weighted_viscosity_mPa_s_25C, salt_conc_x_weighted_permittivity, salt_conc_x_weighted_viscosity, conductivity; duplicate simulation inputs excluded",404,46.05,1.245,138.14999999999998,3.735,7.98,EC:0.500+DMC:0.500,"('Li', 'PF6', 3.0, '[""EC"",""DMC""]', '[0.5,0.5]', 323.15)",185,0
cluster01_rank04_row192_q0p70,Li_PF6_1p0M_EC0p5DMC0p5_T354p0952676_q070,parsed,28.4935,7.0214,Ionic conductivity = 28.4935 ± 7.0214 mS/cm,/scratch/hacortes/ADOBADO/LELi-MDLab/solvents/Q_Optimization/Li_PF6_1p0M_EC0p5DMC0p5_T354p0952676_q070,/scratch/hacortes/ADOBADO/LELi-MDLab/solvents/Q_Optimization/Li_PF6_1p0M_EC0p5DMC0p5_T354p0952676_q070/output_LELiB_MDLab.txt,1,192,10.1016/j.jpowsour.2011.07.071,10.1016/j.jpowsour.2011.07.071,Li,PF6,1.0,"[""EC"",""DMC""]","[0.5,0.5]",354.0952676,0.7,4,"maximin descriptor spread from existing selections using weighted_permittivity, weighted_viscosity_mPa_s_25C, salt_conc_x_weighted_permittivity, salt_conc_x_weighted_viscosity, conductivity; duplicate simulation inputs excluded",143,46.05,1.245,46.05,1.245,22.55335602,EC:0.500+DMC:0.500,"('Li', 'PF6', 1.0, '[""EC"",""DMC""]', '[0.5,0.5]', 354.0952676)",185,0
cluster01_rank04_row192_q0p75,Li_PF6_1p0M_EC0p5DMC0p5_T354p0952676_q075,parsed,24.5075,6.6435,Ionic conductivity = 24.5075 ± 6.6435 mS/cm,/scratch/hacortes/ADOBADO/LELi-MDLab/solvents/Q_Optimization/Li_PF6_1p0M_EC0p5DMC0p5_T354p0952676_q075,/scratch/hacortes/ADOBADO/LELi-MDLab/solvents/Q_Optimization/Li_PF6_1p0M_EC0p5DMC0p5_T354p0952676_q075/output_LELiB_MDLab.txt,1,192,10.1016/j.jpowsour.2011.07.071,10.1016/j.jpowsour.2011.07.071,Li,PF6,1.0,"[""EC"",""DMC""]","[0.5,0.5]",354.0952676,0.75,4,"maximin descriptor spread from existing selections using weighted_permittivity, weighted_viscosity_mPa_s_25C, salt_conc_x_weighted_permittivity, salt_conc_x_weighted_viscosity, conductivity; duplicate simulation inputs excluded",143,46.05,1.245,46.05,1.245,22.55335602,EC:0.500+DMC:0.500,"('Li', 'PF6', 1.0, '[""EC"",""DMC""]', '[0.5,0.5]', 354.0952676)",185,0
cluster01_rank04_row192_q0p80,Li_PF6_1p0M_EC0p5DMC0p5_T354p0952676_q080,parsed,24.2014,2.2100,Ionic conductivity = 24.2014 ± 2.2100 mS/cm,/scratch/hacortes/ADOBADO/LELi-MDLab/solvents/Q_Optimization/Li_PF6_1p0M_EC0p5DMC0p5_T354p0952676_q080,/scratch/hacortes/ADOBADO/LELi-MDLab/solvents/Q_Optimization/Li_PF6_1p0M_EC0p5DMC0p5_T354p0952676_q080/output_LELiB_MDLab.txt,1,192,10.1016/j.jpowsour.2011.07.071,10.1016/j.jpowsour.2011.07.071,Li,PF6,1.0,"[""EC"",""DMC""]","[0.5,0.5]",354.0952676,0.8,4,"maximin descriptor spread from existing selections using weighted_permittivity, weighted_viscosity_mPa_s_25C, salt_conc_x_weighted_permittivity, salt_conc_x_weighted_viscosity, conductivity; duplicate simulation inputs excluded",143,46.05,1.245,46.05,1.245,22.55335602,EC:0.500+DMC:0.500,"('Li', 'PF6', 1.0, '[""EC"",""DMC""]', '[0.5,0.5]', 354.0952676)",185,0
cluster01_rank04_row192_q0p85,Li_PF6_1p0M_EC0p5DMC0p5_T354p0952676_q085,parsed,23.4984,4.2319,Ionic conductivity = 23.4984 ± 4.2319 mS/cm,/scratch/hacortes/ADOBADO/LELi-MDLab/solvents/Q_Optimization/Li_PF6_1p0M_EC0p5DMC0p5_T354p0952676_q085,/scratch/hacortes/ADOBADO/LELi-MDLab/solvents/Q_Optimization/Li_PF6_1p0M_EC0p5DMC0p5_T354p0952676_q085/output_LELiB_MDLab.txt,1,192,10.1016/j.jpowsour.2011.07.071,10.1016/j.jpowsour.2011.07.071,Li,PF6,1.0,"[""EC"",""DMC""]","[0.5,0.5]",354.0952676,0.85,4,"maximin descriptor spread from existing selections using weighted_permittivity, weighted_viscosity_mPa_s_25C, salt_conc_x_weighted_permittivity, salt_conc_x_weighted_viscosity, conductivity; duplicate simulation inputs excluded",143,46.05,1.245,46.05,1.245,22.55335602,EC:0.500+DMC:0.500,"('Li', 'PF6', 1.0, '[""EC"",""DMC""]', '[0.5,0.5]', 354.0952676)",185,0
cluster01_rank04_row192_q0p90,Li_PF6_1p0M_EC0p5DMC0p5_T354p0952676_q090,parsed,29.0179,4.6208,Ionic conductivity = 29.0179 ± 4.6208 mS/cm,/scratch/hacortes/ADOBADO/LELi-MDLab/solvents/Q_Optimization/Li_PF6_1p0M_EC0p5DMC0p5_T354p0952676_q090,/scratch/hacortes/ADOBADO/LELi-MDLab/solvents/Q_Optimization/Li_PF6_1p0M_EC0p5DMC0p5_T354p0952676_q090/output_LELiB_MDLab.txt,1,192,10.1016/j.jpowsour.2011.07.071,10.1016/j.jpowsour.2011.07.071,Li,PF6,1.0,"[""EC"",""DMC""]","[0.5,0.5]",354.0952676,0.9,4,"maximin descriptor spread from existing selections using weighted_permittivity, weighted_viscosity_mPa_s_25C, salt_conc_x_weighted_permittivity, salt_conc_x_weighted_viscosity, conductivity; duplicate simulation inputs excluded",143,46.05,1.245,46.05,1.245,22.55335602,EC:0.500+DMC:0.500,"('Li', 'PF6', 1.0, '[""EC"",""DMC""]', '[0.5,0.5]', 354.0952676)",185,0
cluster04_rank01_row23_q0p70,Li_PF6_0p201931519M_EC0p3EMC0p7_T298p15_q070,parsed,3.7865,0.7646,Ionic conductivity = 3.7865 ± 0.7646 mS/cm,/scratch/hacortes/ADOBADO/LELi-MDLab/solvents/Q_Optimization/Li_PF6_0p201931519M_EC0p3EMC0p7_T298p15_q070,/scratch/hacortes/ADOBADO/LELi-MDLab/solvents/Q_Optimization/Li_PF6_0p201931519M_EC0p3EMC0p7_T298p15_q070/output_LELiB_MDLab.txt,4,23,10.1016/j.electacta.2008.04.023,10.1016/j.electacta.2008.04.023,Li,PF6,0.201931519,"[""EC"",""EMC""]","[0.3,0.7]",298.15,0.7,1,representative_row_index from cluster_summary.csv,0,28.73,1.025,5.80149254087,0.2069798069749999,4.534450652,EC:0.300+EMC:0.700,"('Li', 'PF6', 0.201931519, '[""EC"",""EMC""]', '[0.3,0.7]', 298.15)",126,1
cluster04_rank01_row23_q0p75,Li_PF6_0p201931519M_EC0p3EMC0p7_T298p15_q075,parsed,3.8600,0.8675,Ionic conductivity = 3.8600 ± 0.8675 mS/cm,/scratch/hacortes/ADOBADO/LELi-MDLab/solvents/Q_Optimization/Li_PF6_0p201931519M_EC0p3EMC0p7_T298p15_q075,/scratch/hacortes/ADOBADO/LELi-MDLab/solvents/Q_Optimization/Li_PF6_0p201931519M_EC0p3EMC0p7_T298p15_q075/output_LELiB_MDLab.txt,4,23,10.1016/j.electacta.2008.04.023,10.1016/j.electacta.2008.04.023,Li,PF6,0.201931519,"[""EC"",""EMC""]","[0.3,0.7]",298.15,0.75,1,representative_row_index from cluster_summary.csv,0,28.73,1.025,5.80149254087,0.2069798069749999,4.534450652,EC:0.300+EMC:0.700,"('Li', 'PF6', 0.201931519, '[""EC"",""EMC""]', '[0.3,0.7]', 298.15)",126,1
cluster04_rank01_row23_q0p80,Li_PF6_0p201931519M_EC0p3EMC0p7_T298p15_q080,parsed,3.1459,0.7537,Ionic conductivity = 3.1459 ± 0.7537 mS/cm,/scratch/hacortes/ADOBADO/LELi-MDLab/solvents/Q_Optimization/Li_PF6_0p201931519M_EC0p3EMC0p7_T298p15_q080,/scratch/hacortes/ADOBADO/LELi-MDLab/solvents/Q_Optimization/Li_PF6_0p201931519M_EC0p3EMC0p7_T298p15_q080/output_LELiB_MDLab.txt,4,23,10.1016/j.electacta.2008.04.023,10.1016/j.electacta.2008.04.023,Li,PF6,0.201931519,"[""EC"",""EMC""]","[0.3,0.7]",298.15,0.8,1,representative_row_index from cluster_summary.csv,0,28.73,1.025,5.80149254087,0.2069798069749999,4.534450652,EC:0.300+EMC:0.700,"('Li', 'PF6', 0.201931519, '[""EC"",""EMC""]', '[0.3,0.7]', 298.15)",126,1
cluster04_rank01_row23_q0p85,Li_PF6_0p201931519M_EC0p3EMC0p7_T298p15_q085,parsed,4.2734,1.1844,Ionic conductivity = 4.2734 ± 1.1844 mS/cm,/scratch/hacortes/ADOBADO/LELi-MDLab/solvents/Q_Optimization/Li_PF6_0p201931519M_EC0p3EMC0p7_T298p15_q085,/scratch/hacortes/ADOBADO/LELi-MDLab/solvents/Q_Optimization/Li_PF6_0p201931519M_EC0p3EMC0p7_T298p15_q085/output_LELiB_MDLab.txt,4,23,10.1016/j.electacta.2008.04.023,10.1016/j.electacta.2008.04.023,Li,PF6,0.201931519,"[""EC"",""EMC""]","[0.3,0.7]",298.15,0.85,1,representative_row_index from cluster_summary.csv,0,28.73,1.025,5.80149254087,0.2069798069749999,4.534450652,EC:0.300+EMC:0.700,"('Li', 'PF6', 0.201931519, '[""EC"",""EMC""]', '[0.3,0.7]', 298.15)",126,1
cluster04_rank01_row23_q0p90,Li_PF6_0p201931519M_EC0p3EMC0p7_T298p15_q090,parsed,3.3376,1.0435,Ionic conductivity = 3.3376 ± 1.0435 mS/cm,/scratch/hacortes/ADOBADO/LELi-MDLab/solvents/Q_Optimization/Li_PF6_0p201931519M_EC0p3EMC0p7_T298p15_q090,/scratch/hacortes/ADOBADO/LELi-MDLab/solvents/Q_Optimization/Li_PF6_0p201931519M_EC0p3EMC0p7_T298p15_q090/output_LELiB_MDLab.txt,4,23,10.1016/j.electacta.2008.04.023,10.1016/j.electacta.2008.04.023,Li,PF6,0.201931519,"[""EC"",""EMC""]","[0.3,0.7]",298.15,0.9,1,representative_row_index from cluster_summary.csv,0,28.73,1.025,5.80149254087,0.2069798069749999,4.534450652,EC:0.300+EMC:0.700,"('Li', 'PF6', 0.201931519, '[""EC"",""EMC""]', '[0.3,0.7]', 298.15)",126,1
cluster04_rank02_row120_q0p70,Li_TFSI_1p0M_EC0p2DMC0p8_T298p0_q070,parsed,8.5050,1.7758,Ionic conductivity = 8.5050 ± 1.7758 mS/cm,/scratch/hacortes/ADOBADO/LELi-MDLab/solvents/Q_Optimization/Li_TFSI_1p0M_EC0p2DMC0p8_T298p0_q070,/scratch/hacortes/ADOBADO/LELi-MDLab/solvents/Q_Optimization/Li_TFSI_1p0M_EC0p2DMC0p8_T298p0_q070/output_LELiB_MDLab.txt,4,120,10.1016/j.jpowsour.2011.07.071,10.1016/j.jpowsour.2011.07.071,Li,TFSI,1.0,"[""EC"",""DMC""]","[0.2,0.8]",298.0,0.7,2,"maximin descriptor spread from existing selections using weighted_permittivity, weighted_viscosity_mPa_s_25C, salt_conc_x_weighted_permittivity, salt_conc_x_weighted_viscosity, conductivity; duplicate simulation inputs excluded",71,20.28,0.852,20.28,0.852,9.066666667,EC:0.200+DMC:0.800,"('Li', 'TFSI', 1.0, '[""EC"",""DMC""]', '[0.2,0.8]', 298.0)",126,1
cluster04_rank02_row120_q0p75,Li_TFSI_1p0M_EC0p2DMC0p8_T298p0_q075,parsed,7.6935,2.1585,Ionic conductivity = 7.6935 ± 2.1585 mS/cm,/scratch/hacortes/ADOBADO/LELi-MDLab/solvents/Q_Optimization/Li_TFSI_1p0M_EC0p2DMC0p8_T298p0_q075,/scratch/hacortes/ADOBADO/LELi-MDLab/solvents/Q_Optimization/Li_TFSI_1p0M_EC0p2DMC0p8_T298p0_q075/output_LELiB_MDLab.txt,4,120,10.1016/j.jpowsour.2011.07.071,10.1016/j.jpowsour.2011.07.071,Li,TFSI,1.0,"[""EC"",""DMC""]","[0.2,0.8]",298.0,0.75,2,"maximin descriptor spread from existing selections using weighted_permittivity, weighted_viscosity_mPa_s_25C, salt_conc_x_weighted_permittivity, salt_conc_x_weighted_viscosity, conductivity; duplicate simulation inputs excluded",71,20.28,0.852,20.28,0.852,9.066666667,EC:0.200+DMC:0.800,"('Li', 'TFSI', 1.0, '[""EC"",""DMC""]', '[0.2,0.8]', 298.0)",126,1
cluster04_rank02_row120_q0p80,Li_TFSI_1p0M_EC0p2DMC0p8_T298p0_q080,parsed,8.3457,0.8457,Ionic conductivity = 8.3457 ± 0.8457 mS/cm,/scratch/hacortes/ADOBADO/LELi-MDLab/solvents/Q_Optimization/Li_TFSI_1p0M_EC0p2DMC0p8_T298p0_q080,/scratch/hacortes/ADOBADO/LELi-MDLab/solvents/Q_Optimization/Li_TFSI_1p0M_EC0p2DMC0p8_T298p0_q080/output_LELiB_MDLab.txt,4,120,10.1016/j.jpowsour.2011.07.071,10.1016/j.jpowsour.2011.07.071,Li,TFSI,1.0,"[""EC"",""DMC""]","[0.2,0.8]",298.0,0.8,2,"maximin descriptor spread from existing selections using weighted_permittivity, weighted_viscosity_mPa_s_25C, salt_conc_x_weighted_permittivity, salt_conc_x_weighted_viscosity, conductivity; duplicate simulation inputs excluded",71,20.28,0.852,20.28,0.852,9.066666667,EC:0.200+DMC:0.800,"('Li', 'TFSI', 1.0, '[""EC"",""DMC""]', '[0.2,0.8]', 298.0)",126,1
cluster04_rank02_row120_q0p85,Li_TFSI_1p0M_EC0p2DMC0p8_T298p0_q085,parsed,6.2026,0.6254,Ionic conductivity = 6.2026 ± 0.6254 mS/cm,/scratch/hacortes/ADOBADO/LELi-MDLab/solvents/Q_Optimization/Li_TFSI_1p0M_EC0p2DMC0p8_T298p0_q085,/scratch/hacortes/ADOBADO/LELi-MDLab/solvents/Q_Optimization/Li_TFSI_1p0M_EC0p2DMC0p8_T298p0_q085/output_LELiB_MDLab.txt,4,120,10.1016/j.jpowsour.2011.07.071,10.1016/j.jpowsour.2011.07.071,Li,TFSI,1.0,"[""EC"",""DMC""]","[0.2,0.8]",298.0,0.85,2,"maximin descriptor spread from existing selections using weighted_permittivity, weighted_viscosity_mPa_s_25C, salt_conc_x_weighted_permittivity, salt_conc_x_weighted_viscosity, conductivity; duplicate simulation inputs excluded",71,20.28,0.852,20.28,0.852,9.066666667,EC:0.200+DMC:0.800,"('Li', 'TFSI', 1.0, '[""EC"",""DMC""]', '[0.2,0.8]', 298.0)",126,1
cluster04_rank02_row120_q0p90,Li_TFSI_1p0M_EC0p2DMC0p8_T298p0_q090,parsed,4.1284,0.4839,Ionic conductivity = 4.1284 ± 0.4839 mS/cm,/scratch/hacortes/ADOBADO/LELi-MDLab/solvents/Q_Optimization/Li_TFSI_1p0M_EC0p2DMC0p8_T298p0_q090,/scratch/hacortes/ADOBADO/LELi-MDLab/solvents/Q_Optimization/Li_TFSI_1p0M_EC0p2DMC0p8_T298p0_q090/output_LELiB_MDLab.txt,4,120,10.1016/j.jpowsour.2011.07.071,10.1016/j.jpowsour.2011.07.071,Li,TFSI,1.0,"[""EC"",""DMC""]","[0.2,0.8]",298.0,0.9,2,"maximin descriptor spread from existing selections using weighted_permittivity, weighted_viscosity_mPa_s_25C, salt_conc_x_weighted_permittivity, salt_conc_x_weighted_viscosity, conductivity; duplicate simulation inputs excluded",71,20.28,0.852,20.28,0.852,9.066666667,EC:0.200+DMC:0.800,"('Li', 'TFSI', 1.0, '[""EC"",""DMC""]', '[0.2,0.8]', 298.0)",126,1
cluster04_rank03_row11923_q0p70,Li_PF6_3p002M_EC0p3EMC0p7_T263p15_q070,parsed,0.9114,0.4021,Ionic conductivity = 0.9114 ± 0.4021 mS/cm,/scratch/hacortes/ADOBADO/LELi-MDLab/solvents/Q_Optimization/Li_PF6_3p002M_EC0p3EMC0p7_T263p15_q070,/scratch/hacortes/ADOBADO/LELi-MDLab/solvents/Q_Optimization/Li_PF6_3p002M_EC0p3EMC0p7_T263p15_q070/output_LELiB_MDLab.txt,4,11923,10.1149/2.0571912jes,10.1149/2.0571912jes,Li,PF6,3.002,"[""EC"",""EMC""]","[0.3,0.7]",263.15,0.7,3,"maximin descriptor spread from existing selections using weighted_permittivity, weighted_viscosity_mPa_s_25C, salt_conc_x_weighted_permittivity, salt_conc_x_weighted_viscosity, conductivity; duplicate simulation inputs excluded",410,28.73,1.025,86.24745999999999,3.0770499999999994,0.35,EC:0.300+EMC:0.700,"('Li', 'PF6', 3.002, '[""EC"",""EMC""]', '[0.3,0.7]', 263.15)",126,1
cluster04_rank03_row11923_q0p75,Li_PF6_3p002M_EC0p3EMC0p7_T263p15_q075,parsed,0.5677,0.1205,Ionic conductivity = 0.5677 ± 0.1205 mS/cm,/scratch/hacortes/ADOBADO/LELi-MDLab/solvents/Q_Optimization/Li_PF6_3p002M_EC0p3EMC0p7_T263p15_q075,/scratch/hacortes/ADOBADO/LELi-MDLab/solvents/Q_Optimization/Li_PF6_3p002M_EC0p3EMC0p7_T263p15_q075/output_LELiB_MDLab.txt,4,11923,10.1149/2.0571912jes,10.1149/2.0571912jes,Li,PF6,3.002,"[""EC"",""EMC""]","[0.3,0.7]",263.15,0.75,3,"maximin descriptor spread from existing selections using weighted_permittivity, weighted_viscosity_mPa_s_25C, salt_conc_x_weighted_permittivity, salt_conc_x_weighted_viscosity, conductivity; duplicate simulation inputs excluded",410,28.73,1.025,86.24745999999999,3.0770499999999994,0.35,EC:0.300+EMC:0.700,"('Li', 'PF6', 3.002, '[""EC"",""EMC""]', '[0.3,0.7]', 263.15)",126,1
cluster04_rank03_row11923_q0p80,Li_PF6_3p002M_EC0p3EMC0p7_T263p15_q080,parsed,0.2867,0.0354,Ionic conductivity = 0.2867 ± 0.0354 mS/cm,/scratch/hacortes/ADOBADO/LELi-MDLab/solvents/Q_Optimization/Li_PF6_3p002M_EC0p3EMC0p7_T263p15_q080,/scratch/hacortes/ADOBADO/LELi-MDLab/solvents/Q_Optimization/Li_PF6_3p002M_EC0p3EMC0p7_T263p15_q080/output_LELiB_MDLab.txt,4,11923,10.1149/2.0571912jes,10.1149/2.0571912jes,Li,PF6,3.002,"[""EC"",""EMC""]","[0.3,0.7]",263.15,0.8,3,"maximin descriptor spread from existing selections using weighted_permittivity, weighted_viscosity_mPa_s_25C, salt_conc_x_weighted_permittivity, salt_conc_x_weighted_viscosity, conductivity; duplicate simulation inputs excluded",410,28.73,1.025,86.24745999999999,3.0770499999999994,0.35,EC:0.300+EMC:0.700,"('Li', 'PF6', 3.002, '[""EC"",""EMC""]', '[0.3,0.7]', 263.15)",126,1
cluster04_rank03_row11923_q0p85,Li_PF6_3p002M_EC0p3EMC0p7_T263p15_q085,parsed,0.2537,0.0830,Ionic conductivity = 0.2537 ± 0.0830 mS/cm,/scratch/hacortes/ADOBADO/LELi-MDLab/solvents/Q_Optimization/Li_PF6_3p002M_EC0p3EMC0p7_T263p15_q085,/scratch/hacortes/ADOBADO/LELi-MDLab/solvents/Q_Optimization/Li_PF6_3p002M_EC0p3EMC0p7_T263p15_q085/output_LELiB_MDLab.txt,4,11923,10.1149/2.0571912jes,10.1149/2.0571912jes,Li,PF6,3.002,"[""EC"",""EMC""]","[0.3,0.7]",263.15,0.85,3,"maximin descriptor spread from existing selections using weighted_permittivity, weighted_viscosity_mPa_s_25C, salt_conc_x_weighted_permittivity, salt_conc_x_weighted_viscosity, conductivity; duplicate simulation inputs excluded",410,28.73,1.025,86.24745999999999,3.0770499999999994,0.35,EC:0.300+EMC:0.700,"('Li', 'PF6', 3.002, '[""EC"",""EMC""]', '[0.3,0.7]', 263.15)",126,1
cluster04_rank03_row11923_q0p90,Li_PF6_3p002M_EC0p3EMC0p7_T263p15_q090,parsed,0.1365,0.0696,Ionic conductivity = 0.1365 ± 0.0696 mS/cm,/scratch/hacortes/ADOBADO/LELi-MDLab/solvents/Q_Optimization/Li_PF6_3p002M_EC0p3EMC0p7_T263p15_q090,/scratch/hacortes/ADOBADO/LELi-MDLab/solvents/Q_Optimization/Li_PF6_3p002M_EC0p3EMC0p7_T263p15_q090/output_LELiB_MDLab.txt,4,11923,10.1149/2.0571912jes,10.1149/2.0571912jes,Li,PF6,3.002,"[""EC"",""EMC""]","[0.3,0.7]",263.15,0.9,3,"maximin descriptor spread from existing selections using weighted_permittivity, weighted_viscosity_mPa_s_25C, salt_conc_x_weighted_permittivity, salt_conc_x_weighted_viscosity, conductivity; duplicate simulation inputs excluded",410,28.73,1.025,86.24745999999999,3.0770499999999994,0.35,EC:0.300+EMC:0.700,"('Li', 'PF6', 3.002, '[""EC"",""EMC""]', '[0.3,0.7]', 263.15)",126,1
cluster03_rank01_row3593_q0p70,Li_TFSI_1p0M_PC1p0_T375p3490984_q070,parsed,17.0754,1.1903,Ionic conductivity = 17.0754 ± 1.1903 mS/cm,/scratch/hacortes/ADOBADO/LELi-MDLab/solvents/Q_Optimization/Li_TFSI_1p0M_PC1p0_T375p3490984_q070,/scratch/hacortes/ADOBADO/LELi-MDLab/solvents/Q_Optimization/Li_TFSI_1p0M_PC1p0_T375p3490984_q070/output_LELiB_MDLab.txt,3,3593,10.1149/1.1344281,10.1149/1.1344281,Li,TFSI,1.0,"[""PC""]",[1.0],375.3490984,0.7,1,representative_row_index from cluster_summary.csv,201,64.9,2.53,64.9,2.53,16.88831057,PC:1.000,"('Li', 'TFSI', 1.0, '[""PC""]', '[1.0]', 375.3490984)",82,2
cluster03_rank01_row3593_q0p75,Li_TFSI_1p0M_PC1p0_T375p3490984_q075,parsed,14.5958,3.1998,Ionic conductivity = 14.5958 ± 3.1998 mS/cm,/scratch/hacortes/ADOBADO/LELi-MDLab/solvents/Q_Optimization/Li_TFSI_1p0M_PC1p0_T375p3490984_q075,/scratch/hacortes/ADOBADO/LELi-MDLab/solvents/Q_Optimization/Li_TFSI_1p0M_PC1p0_T375p3490984_q075/output_LELiB_MDLab.txt,3,3593,10.1149/1.1344281,10.1149/1.1344281,Li,TFSI,1.0,"[""PC""]",[1.0],375.3490984,0.75,1,representative_row_index from cluster_summary.csv,201,64.9,2.53,64.9,2.53,16.88831057,PC:1.000,"('Li', 'TFSI', 1.0, '[""PC""]', '[1.0]', 375.3490984)",82,2
cluster03_rank01_row3593_q0p80,Li_TFSI_1p0M_PC1p0_T375p3490984_q080,parsed,19.2882,1.8258,Ionic conductivity = 19.2882 ± 1.8258 mS/cm,/scratch/hacortes/ADOBADO/LELi-MDLab/solvents/Q_Optimization/Li_TFSI_1p0M_PC1p0_T375p3490984_q080,/scratch/hacortes/ADOBADO/LELi-MDLab/solvents/Q_Optimization/Li_TFSI_1p0M_PC1p0_T375p3490984_q080/output_LELiB_MDLab.txt,3,3593,10.1149/1.1344281,10.1149/1.1344281,Li,TFSI,1.0,"[""PC""]",[1.0],375.3490984,0.8,1,representative_row_index from cluster_summary.csv,201,64.9,2.53,64.9,2.53,16.88831057,PC:1.000,"('Li', 'TFSI', 1.0, '[""PC""]', '[1.0]', 375.3490984)",82,2
cluster03_rank01_row3593_q0p85,Li_TFSI_1p0M_PC1p0_T375p3490984_q085,parsed,15.4883,1.6369,Ionic conductivity = 15.4883 ± 1.6369 mS/cm,/scratch/hacortes/ADOBADO/LELi-MDLab/solvents/Q_Optimization/Li_TFSI_1p0M_PC1p0_T375p3490984_q085,/scratch/hacortes/ADOBADO/LELi-MDLab/solvents/Q_Optimization/Li_TFSI_1p0M_PC1p0_T375p3490984_q085/output_LELiB_MDLab.txt,3,3593,10.1149/1.1344281,10.1149/1.1344281,Li,TFSI,1.0,"[""PC""]",[1.0],375.3490984,0.85,1,representative_row_index from cluster_summary.csv,201,64.9,2.53,64.9,2.53,16.88831057,PC:1.000,"('Li', 'TFSI', 1.0, '[""PC""]', '[1.0]', 375.3490984)",82,2
cluster03_rank01_row3593_q0p90,Li_TFSI_1p0M_PC1p0_T375p3490984_q090,parsed,13.5546,3.0465,Ionic conductivity = 13.5546 ± 3.0465 mS/cm,/scratch/hacortes/ADOBADO/LELi-MDLab/solvents/Q_Optimization/Li_TFSI_1p0M_PC1p0_T375p3490984_q090,/scratch/hacortes/ADOBADO/LELi-MDLab/solvents/Q_Optimization/Li_TFSI_1p0M_PC1p0_T375p3490984_q090/output_LELiB_MDLab.txt,3,3593,10.1149/1.1344281,10.1149/1.1344281,Li,TFSI,1.0,"[""PC""]",[1.0],375.3490984,0.9,1,representative_row_index from cluster_summary.csv,201,64.9,2.53,64.9,2.53,16.88831057,PC:1.000,"('Li', 'TFSI', 1.0, '[""PC""]', '[1.0]', 375.3490984)",82,2
cluster03_rank02_row126_q0p70,Li_TFSI_1p0M_EC0p7DMC0p3_T298p0_q070,parsed,7.0089,1.0474,Ionic conductivity = 7.0089 ± 1.0474 mS/cm,/scratch/hacortes/ADOBADO/LELi-MDLab/solvents/Q_Optimization/Li_TFSI_1p0M_EC0p7DMC0p3_T298p0_q070,/scratch/hacortes/ADOBADO/LELi-MDLab/solvents/Q_Optimization/Li_TFSI_1p0M_EC0p7DMC0p3_T298p0_q070/output_LELiB_MDLab.txt,3,126,10.1016/j.jpowsour.2011.07.071,10.1016/j.jpowsour.2011.07.071,Li,TFSI,1.0,"[""EC"",""DMC""]","[0.7,0.3]",298.0,0.7,2,"maximin descriptor spread from existing selections using weighted_permittivity, weighted_viscosity_mPa_s_25C, salt_conc_x_weighted_permittivity, salt_conc_x_weighted_viscosity, conductivity; duplicate simulation inputs excluded",77,63.23,1.507,63.23,1.507,8.886666667,EC:0.700+DMC:0.300,"('Li', 'TFSI', 1.0, '[""EC"",""DMC""]', '[0.7,0.3]', 298.0)",82,2
cluster03_rank02_row126_q0p75,Li_TFSI_1p0M_EC0p7DMC0p3_T298p0_q075,parsed,7.8337,1.1243,Ionic conductivity = 7.8337 ± 1.1243 mS/cm,/scratch/hacortes/ADOBADO/LELi-MDLab/solvents/Q_Optimization/Li_TFSI_1p0M_EC0p7DMC0p3_T298p0_q075,/scratch/hacortes/ADOBADO/LELi-MDLab/solvents/Q_Optimization/Li_TFSI_1p0M_EC0p7DMC0p3_T298p0_q075/output_LELiB_MDLab.txt,3,126,10.1016/j.jpowsour.2011.07.071,10.1016/j.jpowsour.2011.07.071,Li,TFSI,1.0,"[""EC"",""DMC""]","[0.7,0.3]",298.0,0.75,2,"maximin descriptor spread from existing selections using weighted_permittivity, weighted_viscosity_mPa_s_25C, salt_conc_x_weighted_permittivity, salt_conc_x_weighted_viscosity, conductivity; duplicate simulation inputs excluded",77,63.23,1.507,63.23,1.507,8.886666667,EC:0.700+DMC:0.300,"('Li', 'TFSI', 1.0, '[""EC"",""DMC""]', '[0.7,0.3]', 298.0)",82,2
cluster03_rank02_row126_q0p80,Li_TFSI_1p0M_EC0p7DMC0p3_T298p0_q080,parsed,6.8336,2.1123,Ionic conductivity = 6.8336 ± 2.1123 mS/cm,/scratch/hacortes/ADOBADO/LELi-MDLab/solvents/Q_Optimization/Li_TFSI_1p0M_EC0p7DMC0p3_T298p0_q080,/scratch/hacortes/ADOBADO/LELi-MDLab/solvents/Q_Optimization/Li_TFSI_1p0M_EC0p7DMC0p3_T298p0_q080/output_LELiB_MDLab.txt,3,126,10.1016/j.jpowsour.2011.07.071,10.1016/j.jpowsour.2011.07.071,Li,TFSI,1.0,"[""EC"",""DMC""]","[0.7,0.3]",298.0,0.8,2,"maximin descriptor spread from existing selections using weighted_permittivity, weighted_viscosity_mPa_s_25C, salt_conc_x_weighted_permittivity, salt_conc_x_weighted_viscosity, conductivity; duplicate simulation inputs excluded",77,63.23,1.507,63.23,1.507,8.886666667,EC:0.700+DMC:0.300,"('Li', 'TFSI', 1.0, '[""EC"",""DMC""]', '[0.7,0.3]', 298.0)",82,2
cluster03_rank02_row126_q0p85,Li_TFSI_1p0M_EC0p7DMC0p3_T298p0_q085,parsed,5.7259,1.1465,Ionic conductivity = 5.7259 ± 1.1465 mS/cm,/scratch/hacortes/ADOBADO/LELi-MDLab/solvents/Q_Optimization/Li_TFSI_1p0M_EC0p7DMC0p3_T298p0_q085,/scratch/hacortes/ADOBADO/LELi-MDLab/solvents/Q_Optimization/Li_TFSI_1p0M_EC0p7DMC0p3_T298p0_q085/output_LELiB_MDLab.txt,3,126,10.1016/j.jpowsour.2011.07.071,10.1016/j.jpowsour.2011.07.071,Li,TFSI,1.0,"[""EC"",""DMC""]","[0.7,0.3]",298.0,0.85,2,"maximin descriptor spread from existing selections using weighted_permittivity, weighted_viscosity_mPa_s_25C, salt_conc_x_weighted_permittivity, salt_conc_x_weighted_viscosity, conductivity; duplicate simulation inputs excluded",77,63.23,1.507,63.23,1.507,8.886666667,EC:0.700+DMC:0.300,"('Li', 'TFSI', 1.0, '[""EC"",""DMC""]', '[0.7,0.3]', 298.0)",82,2
cluster03_rank02_row126_q0p90,Li_TFSI_1p0M_EC0p7DMC0p3_T298p0_q090,parsed,4.7655,0.9592,Ionic conductivity = 4.7655 ± 0.9592 mS/cm,/scratch/hacortes/ADOBADO/LELi-MDLab/solvents/Q_Optimization/Li_TFSI_1p0M_EC0p7DMC0p3_T298p0_q090,/scratch/hacortes/ADOBADO/LELi-MDLab/solvents/Q_Optimization/Li_TFSI_1p0M_EC0p7DMC0p3_T298p0_q090/output_LELiB_MDLab.txt,3,126,10.1016/j.jpowsour.2011.07.071,10.1016/j.jpowsour.2011.07.071,Li,TFSI,1.0,"[""EC"",""DMC""]","[0.7,0.3]",298.0,0.9,2,"maximin descriptor spread from existing selections using weighted_permittivity, weighted_viscosity_mPa_s_25C, salt_conc_x_weighted_permittivity, salt_conc_x_weighted_viscosity, conductivity; duplicate simulation inputs excluded",77,63.23,1.507,63.23,1.507,8.886666667,EC:0.700+DMC:0.300,"('Li', 'TFSI', 1.0, '[""EC"",""DMC""]', '[0.7,0.3]', 298.0)",82,2
cluster02_rank01_row3786_q0p70,Li_ClO4_0p5M_DME1p0_T342p1636336_q070,parsed,15.4359,2.8211,Ionic conductivity = 15.4359 ± 2.8211 mS/cm,/scratch/hacortes/ADOBADO/LELi-MDLab/solvents/Q_Optimization/Li_ClO4_0p5M_DME1p0_T342p1636336_q070,/scratch/hacortes/ADOBADO/LELi-MDLab/solvents/Q_Optimization/Li_ClO4_0p5M_DME1p0_T342p1636336_q070/output_LELiB_MDLab.txt,2,3786,10.1149/1.1344281,10.1149/1.1344281,Li,ClO4,0.5,"[""DME""]",[1.0],342.1636336,0.7,1,representative_row_index from cluster_summary.csv,271,7.2,0.39,3.6,0.195,2.579896064,DME:1.000,"('Li', 'ClO4', 0.5, '[""DME""]', '[1.0]', 342.1636336)",55,3
cluster02_rank01_row3786_q0p75,Li_ClO4_0p5M_DME1p0_T342p1636336_q075,parsed,6.8456,1.9591,Ionic conductivity = 6.8456 ± 1.9591 mS/cm,/scratch/hacortes/ADOBADO/LELi-MDLab/solvents/Q_Optimization/Li_ClO4_0p5M_DME1p0_T342p1636336_q075,/scratch/hacortes/ADOBADO/LELi-MDLab/solvents/Q_Optimization/Li_ClO4_0p5M_DME1p0_T342p1636336_q075/output_LELiB_MDLab.txt,2,3786,10.1149/1.1344281,10.1149/1.1344281,Li,ClO4,0.5,"[""DME""]",[1.0],342.1636336,0.75,1,representative_row_index from cluster_summary.csv,271,7.2,0.39,3.6,0.195,2.579896064,DME:1.000,"('Li', 'ClO4', 0.5, '[""DME""]', '[1.0]', 342.1636336)",55,3
cluster02_rank01_row3786_q0p80,Li_ClO4_0p5M_DME1p0_T342p1636336_q080,parsed,0.8061,0.5642,Ionic conductivity = 0.8061 ± 0.5642 mS/cm,/scratch/hacortes/ADOBADO/LELi-MDLab/solvents/Q_Optimization/Li_ClO4_0p5M_DME1p0_T342p1636336_q080,/scratch/hacortes/ADOBADO/LELi-MDLab/solvents/Q_Optimization/Li_ClO4_0p5M_DME1p0_T342p1636336_q080/output_LELiB_MDLab.txt,2,3786,10.1149/1.1344281,10.1149/1.1344281,Li,ClO4,0.5,"[""DME""]",[1.0],342.1636336,0.8,1,representative_row_index from cluster_summary.csv,271,7.2,0.39,3.6,0.195,2.579896064,DME:1.000,"('Li', 'ClO4', 0.5, '[""DME""]', '[1.0]', 342.1636336)",55,3
cluster02_rank01_row3786_q0p85,Li_ClO4_0p5M_DME1p0_T342p1636336_q085,parsed,0.0809,0.0338,Ionic conductivity = 0.0809 ± 0.0338 mS/cm,/scratch/hacortes/ADOBADO/LELi-MDLab/solvents/Q_Optimization/Li_ClO4_0p5M_DME1p0_T342p1636336_q085,/scratch/hacortes/ADOBADO/LELi-MDLab/solvents/Q_Optimization/Li_ClO4_0p5M_DME1p0_T342p1636336_q085/output_LELiB_MDLab.txt,2,3786,10.1149/1.1344281,10.1149/1.1344281,Li,ClO4,0.5,"[""DME""]",[1.0],342.1636336,0.85,1,representative_row_index from cluster_summary.csv,271,7.2,0.39,3.6,0.195,2.579896064,DME:1.000,"('Li', 'ClO4', 0.5, '[""DME""]', '[1.0]', 342.1636336)",55,3
cluster02_rank01_row3786_q0p90,Li_ClO4_0p5M_DME1p0_T342p1636336_q090,parsed,0.0786,0.0385,Ionic conductivity = 0.0786 ± 0.0385 mS/cm,/scratch/hacortes/ADOBADO/LELi-MDLab/solvents/Q_Optimization/Li_ClO4_0p5M_DME1p0_T342p1636336_q090,/scratch/hacortes/ADOBADO/LELi-MDLab/solvents/Q_Optimization/Li_ClO4_0p5M_DME1p0_T342p1636336_q090/output_LELiB_MDLab.txt,2,3786,10.1149/1.1344281,10.1149/1.1344281,Li,ClO4,0.5,"[""DME""]",[1.0],342.1636336,0.9,1,representative_row_index from cluster_summary.csv,271,7.2,0.39,3.6,0.195,2.579896064,DME:1.000,"('Li', 'ClO4', 0.5, '[""DME""]', '[1.0]', 342.1636336)",55,3
cluster02_rank02_row119_q0p70,Li_TFSI_1p0M_EC0p1DMC0p9_T298p0_q070,parsed,7.3479,1.8302,Ionic conductivity = 7.3479 ± 1.8302 mS/cm,/scratch/hacortes/ADOBADO/LELi-MDLab/solvents/Q_Optimization/Li_TFSI_1p0M_EC0p1DMC0p9_T298p0_q070,/scratch/hacortes/ADOBADO/LELi-MDLab/solvents/Q_Optimization/Li_TFSI_1p0M_EC0p1DMC0p9_T298p0_q070/output_LELiB_MDLab.txt,2,119,10.1016/j.jpowsour.2011.07.071,10.1016/j.jpowsour.2011.07.071,Li,TFSI,1.0,"[""EC"",""DMC""]","[0.1,0.9]",298.0,0.7,2,"maximin descriptor spread from existing selections using weighted_permittivity, weighted_viscosity_mPa_s_25C, salt_conc_x_weighted_permittivity, salt_conc_x_weighted_viscosity, conductivity; duplicate simulation inputs excluded",70,11.69,0.7210000000000001,11.69,0.7210000000000001,8.373333333,EC:0.100+DMC:0.900,"('Li', 'TFSI', 1.0, '[""EC"",""DMC""]', '[0.1,0.9]', 298.0)",55,3
cluster02_rank02_row119_q0p75,Li_TFSI_1p0M_EC0p1DMC0p9_T298p0_q075,parsed,6.6875,0.9782,Ionic conductivity = 6.6875 ± 0.9782 mS/cm,/scratch/hacortes/ADOBADO/LELi-MDLab/solvents/Q_Optimization/Li_TFSI_1p0M_EC0p1DMC0p9_T298p0_q075,/scratch/hacortes/ADOBADO/LELi-MDLab/solvents/Q_Optimization/Li_TFSI_1p0M_EC0p1DMC0p9_T298p0_q075/output_LELiB_MDLab.txt,2,119,10.1016/j.jpowsour.2011.07.071,10.1016/j.jpowsour.2011.07.071,Li,TFSI,1.0,"[""EC"",""DMC""]","[0.1,0.9]",298.0,0.75,2,"maximin descriptor spread from existing selections using weighted_permittivity, weighted_viscosity_mPa_s_25C, salt_conc_x_weighted_permittivity, salt_conc_x_weighted_viscosity, conductivity; duplicate simulation inputs excluded",70,11.69,0.7210000000000001,11.69,0.7210000000000001,8.373333333,EC:0.100+DMC:0.900,"('Li', 'TFSI', 1.0, '[""EC"",""DMC""]', '[0.1,0.9]', 298.0)",55,3
cluster02_rank02_row119_q0p80,Li_TFSI_1p0M_EC0p1DMC0p9_T298p0_q080,parsed,6.8331,2.4289,Ionic conductivity = 6.8331 ± 2.4289 mS/cm,/scratch/hacortes/ADOBADO/LELi-MDLab/solvents/Q_Optimization/Li_TFSI_1p0M_EC0p1DMC0p9_T298p0_q080,/scratch/hacortes/ADOBADO/LELi-MDLab/solvents/Q_Optimization/Li_TFSI_1p0M_EC0p1DMC0p9_T298p0_q080/output_LELiB_MDLab.txt,2,119,10.1016/j.jpowsour.2011.07.071,10.1016/j.jpowsour.2011.07.071,Li,TFSI,1.0,"[""EC"",""DMC""]","[0.1,0.9]",298.0,0.8,2,"maximin descriptor spread from existing selections using weighted_permittivity, weighted_viscosity_mPa_s_25C, salt_conc_x_weighted_permittivity, salt_conc_x_weighted_viscosity, conductivity; duplicate simulation inputs excluded",70,11.69,0.7210000000000001,11.69,0.7210000000000001,8.373333333,EC:0.100+DMC:0.900,"('Li', 'TFSI', 1.0, '[""EC"",""DMC""]', '[0.1,0.9]', 298.0)",55,3
cluster02_rank02_row119_q0p85,Li_TFSI_1p0M_EC0p1DMC0p9_T298p0_q085,parsed,4.9931,1.0047,Ionic conductivity = 4.9931 ± 1.0047 mS/cm,/scratch/hacortes/ADOBADO/LELi-MDLab/solvents/Q_Optimization/Li_TFSI_1p0M_EC0p1DMC0p9_T298p0_q085,/scratch/hacortes/ADOBADO/LELi-MDLab/solvents/Q_Optimization/Li_TFSI_1p0M_EC0p1DMC0p9_T298p0_q085/output_LELiB_MDLab.txt,2,119,10.1016/j.jpowsour.2011.07.071,10.1016/j.jpowsour.2011.07.071,Li,TFSI,1.0,"[""EC"",""DMC""]","[0.1,0.9]",298.0,0.85,2,"maximin descriptor spread from existing selections using weighted_permittivity, weighted_viscosity_mPa_s_25C, salt_conc_x_weighted_permittivity, salt_conc_x_weighted_viscosity, conductivity; duplicate simulation inputs excluded",70,11.69,0.7210000000000001,11.69,0.7210000000000001,8.373333333,EC:0.100+DMC:0.900,"('Li', 'TFSI', 1.0, '[""EC"",""DMC""]', '[0.1,0.9]', 298.0)",55,3
cluster02_rank02_row119_q0p90,Li_TFSI_1p0M_EC0p1DMC0p9_T298p0_q090,parsed,3.2961,0.6513,Ionic conductivity = 3.2961 ± 0.6513 mS/cm,/scratch/hacortes/ADOBADO/LELi-MDLab/solvents/Q_Optimization/Li_TFSI_1p0M_EC0p1DMC0p9_T298p0_q090,/scratch/hacortes/ADOBADO/LELi-MDLab/solvents/Q_Optimization/Li_TFSI_1p0M_EC0p1DMC0p9_T298p0_q090/output_LELiB_MDLab.txt,2,119,10.1016/j.jpowsour.2011.07.071,10.1016/j.jpowsour.2011.07.071,Li,TFSI,1.0,"[""EC"",""DMC""]","[0.1,0.9]",298.0,0.9,2,"maximin descriptor spread from existing selections using weighted_permittivity, weighted_viscosity_mPa_s_25C, salt_conc_x_weighted_permittivity, salt_conc_x_weighted_viscosity, conductivity; duplicate simulation inputs excluded",70,11.69,0.7210000000000001,11.69,0.7210000000000001,8.373333333,EC:0.100+DMC:0.900,"('Li', 'TFSI', 1.0, '[""EC"",""DMC""]', '[0.1,0.9]', 298.0)",55,3
cluster05_rank01_row13616_q0p70,Li_PF6_1p0M_EC0p5PC0p5_T213p15_q070,parsed,0.1285,0.0218,Ionic conductivity = 0.1285 ± 0.0218 mS/cm,/scratch/hacortes/ADOBADO/LELi-MDLab/solvents/Q_Optimization/Li_PF6_1p0M_EC0p5PC0p5_T213p15_q070,/scratch/hacortes/ADOBADO/LELi-MDLab/solvents/Q_Optimization/Li_PF6_1p0M_EC0p5PC0p5_T213p15_q070/output_LELiB_MDLab.txt,5,13616,10.1016/0378-7753(91)80004-H,10.1016/0378-7753(91)80004-H,Li,PF6,1.0,"[""EC"",""PC""]","[0.5,0.5]",213.15,0.7,1,representative_row_index from cluster_summary.csv,463,76.95,2.215,76.95,2.215,0.01,EC:0.500+PC:0.500,"('Li', 'PF6', 1.0, '[""EC"",""PC""]', '[0.5,0.5]', 213.15)",24,4
cluster05_rank01_row13616_q0p75,Li_PF6_1p0M_EC0p5PC0p5_T213p15_q075,parsed,0.1458,0.0291,Ionic conductivity = 0.1458 ± 0.0291 mS/cm,/scratch/hacortes/ADOBADO/LELi-MDLab/solvents/Q_Optimization/Li_PF6_1p0M_EC0p5PC0p5_T213p15_q075,/scratch/hacortes/ADOBADO/LELi-MDLab/solvents/Q_Optimization/Li_PF6_1p0M_EC0p5PC0p5_T213p15_q075/output_LELiB_MDLab.txt,5,13616,10.1016/0378-7753(91)80004-H,10.1016/0378-7753(91)80004-H,Li,PF6,1.0,"[""EC"",""PC""]","[0.5,0.5]",213.15,0.75,1,representative_row_index from cluster_summary.csv,463,76.95,2.215,76.95,2.215,0.01,EC:0.500+PC:0.500,"('Li', 'PF6', 1.0, '[""EC"",""PC""]', '[0.5,0.5]', 213.15)",24,4
cluster05_rank01_row13616_q0p80,Li_PF6_1p0M_EC0p5PC0p5_T213p15_q080,parsed,0.1375,0.0948,Ionic conductivity = 0.1375 ± 0.0948 mS/cm,/scratch/hacortes/ADOBADO/LELi-MDLab/solvents/Q_Optimization/Li_PF6_1p0M_EC0p5PC0p5_T213p15_q080,/scratch/hacortes/ADOBADO/LELi-MDLab/solvents/Q_Optimization/Li_PF6_1p0M_EC0p5PC0p5_T213p15_q080/output_LELiB_MDLab.txt,5,13616,10.1016/0378-7753(91)80004-H,10.1016/0378-7753(91)80004-H,Li,PF6,1.0,"[""EC"",""PC""]","[0.5,0.5]",213.15,0.8,1,representative_row_index from cluster_summary.csv,463,76.95,2.215,76.95,2.215,0.01,EC:0.500+PC:0.500,"('Li', 'PF6', 1.0, '[""EC"",""PC""]', '[0.5,0.5]', 213.15)",24,4
cluster05_rank01_row13616_q0p85,Li_PF6_1p0M_EC0p5PC0p5_T213p15_q085,parsed,0.0971,0.0341,Ionic conductivity = 0.0971 ± 0.0341 mS/cm,/scratch/hacortes/ADOBADO/LELi-MDLab/solvents/Q_Optimization/Li_PF6_1p0M_EC0p5PC0p5_T213p15_q085,/scratch/hacortes/ADOBADO/LELi-MDLab/solvents/Q_Optimization/Li_PF6_1p0M_EC0p5PC0p5_T213p15_q085/output_LELiB_MDLab.txt,5,13616,10.1016/0378-7753(91)80004-H,10.1016/0378-7753(91)80004-H,Li,PF6,1.0,"[""EC"",""PC""]","[0.5,0.5]",213.15,0.85,1,representative_row_index from cluster_summary.csv,463,76.95,2.215,76.95,2.215,0.01,EC:0.500+PC:0.500,"('Li', 'PF6', 1.0, '[""EC"",""PC""]', '[0.5,0.5]', 213.15)",24,4
cluster05_rank01_row13616_q0p90,Li_PF6_1p0M_EC0p5PC0p5_T213p15_q090,parsed,0.0714,0.0126,Ionic conductivity = 0.0714 ± 0.0126 mS/cm,/scratch/hacortes/ADOBADO/LELi-MDLab/solvents/Q_Optimization/Li_PF6_1p0M_EC0p5PC0p5_T213p15_q090,/scratch/hacortes/ADOBADO/LELi-MDLab/solvents/Q_Optimization/Li_PF6_1p0M_EC0p5PC0p5_T213p15_q090/output_LELiB_MDLab.txt,5,13616,10.1016/0378-7753(91)80004-H,10.1016/0378-7753(91)80004-H,Li,PF6,1.0,"[""EC"",""PC""]","[0.5,0.5]",213.15,0.9,1,representative_row_index from cluster_summary.csv,463,76.95,2.215,76.95,2.215,0.01,EC:0.500+PC:0.500,"('Li', 'PF6', 1.0, '[""EC"",""PC""]', '[0.5,0.5]', 213.15)",24,4
cluster06_rank01_row10873_q0p70,Li_PF6_0p388663968M_EC0p27PC0p1DMC0p63_T333p0_q070,parsed,8.8439,1.7048,Ionic conductivity = 8.8439 ± 1.7048 mS/cm,/scratch/hacortes/ADOBADO/LELi-MDLab/solvents/Q_Optimization/Li_PF6_0p388663968M_EC0p27PC0p1DMC0p63_T333p0_q070,/scratch/hacortes/ADOBADO/LELi-MDLab/solvents/Q_Optimization/Li_PF6_0p388663968M_EC0p27PC0p1DMC0p63_T333p0_q070/output_LELiB_MDLab.txt,6,10873,10.1149/1.1872737,10.1149/1.1872737,Li,PF6,0.388663968,"[""EC"",""PC"",""DMC""]","[0.27,0.1,0.63]",333.0,0.7,1,representative_row_index from cluster_summary.csv,348,32.473,1.1377,12.621085032864,0.4421829963936,12.29547642,EC:0.270+PC:0.100+DMC:0.630,"('Li', 'PF6', 0.388663968, '[""EC"",""PC"",""DMC""]', '[0.27,0.1,0.63]', 333.0)",23,5
cluster06_rank01_row10873_q0p75,Li_PF6_0p388663968M_EC0p27PC0p1DMC0p63_T333p0_q075,parsed,10.5148,0.4449,Ionic conductivity = 10.5148 ± 0.4449 mS/cm,/scratch/hacortes/ADOBADO/LELi-MDLab/solvents/Q_Optimization/Li_PF6_0p388663968M_EC0p27PC0p1DMC0p63_T333p0_q075,/scratch/hacortes/ADOBADO/LELi-MDLab/solvents/Q_Optimization/Li_PF6_0p388663968M_EC0p27PC0p1DMC0p63_T333p0_q075/output_LELiB_MDLab.txt,6,10873,10.1149/1.1872737,10.1149/1.1872737,Li,PF6,0.388663968,"[""EC"",""PC"",""DMC""]","[0.27,0.1,0.63]",333.0,0.75,1,representative_row_index from cluster_summary.csv,348,32.473,1.1377,12.621085032864,0.4421829963936,12.29547642,EC:0.270+PC:0.100+DMC:0.630,"('Li', 'PF6', 0.388663968, '[""EC"",""PC"",""DMC""]', '[0.27,0.1,0.63]', 333.0)",23,5
cluster06_rank01_row10873_q0p80,Li_PF6_0p388663968M_EC0p27PC0p1DMC0p63_T333p0_q080,parsed,11.9740,2.4536,Ionic conductivity = 11.9740 ± 2.4536 mS/cm,/scratch/hacortes/ADOBADO/LELi-MDLab/solvents/Q_Optimization/Li_PF6_0p388663968M_EC0p27PC0p1DMC0p63_T333p0_q080,/scratch/hacortes/ADOBADO/LELi-MDLab/solvents/Q_Optimization/Li_PF6_0p388663968M_EC0p27PC0p1DMC0p63_T333p0_q080/output_LELiB_MDLab.txt,6,10873,10.1149/1.1872737,10.1149/1.1872737,Li,PF6,0.388663968,"[""EC"",""PC"",""DMC""]","[0.27,0.1,0.63]",333.0,0.8,1,representative_row_index from cluster_summary.csv,348,32.473,1.1377,12.621085032864,0.4421829963936,12.29547642,EC:0.270+PC:0.100+DMC:0.630,"('Li', 'PF6', 0.388663968, '[""EC"",""PC"",""DMC""]', '[0.27,0.1,0.63]', 333.0)",23,5
cluster06_rank01_row10873_q0p85,Li_PF6_0p388663968M_EC0p27PC0p1DMC0p63_T333p0_q085,parsed,9.5740,1.4616,Ionic conductivity = 9.5740 ± 1.4616 mS/cm,/scratch/hacortes/ADOBADO/LELi-MDLab/solvents/Q_Optimization/Li_PF6_0p388663968M_EC0p27PC0p1DMC0p63_T333p0_q085,/scratch/hacortes/ADOBADO/LELi-MDLab/solvents/Q_Optimization/Li_PF6_0p388663968M_EC0p27PC0p1DMC0p63_T333p0_q085/output_LELiB_MDLab.txt,6,10873,10.1149/1.1872737,10.1149/1.1872737,Li,PF6,0.388663968,"[""EC"",""PC"",""DMC""]","[0.27,0.1,0.63]",333.0,0.85,1,representative_row_index from cluster_summary.csv,348,32.473,1.1377,12.621085032864,0.4421829963936,12.29547642,EC:0.270+PC:0.100+DMC:0.630,"('Li', 'PF6', 0.388663968, '[""EC"",""PC"",""DMC""]', '[0.27,0.1,0.63]', 333.0)",23,5
cluster06_rank01_row10873_q0p90,Li_PF6_0p388663968M_EC0p27PC0p1DMC0p63_T333p0_q090,parsed,11.8359,2.5263,Ionic conductivity = 11.8359 ± 2.5263 mS/cm,/scratch/hacortes/ADOBADO/LELi-MDLab/solvents/Q_Optimization/Li_PF6_0p388663968M_EC0p27PC0p1DMC0p63_T333p0_q090,/scratch/hacortes/ADOBADO/LELi-MDLab/solvents/Q_Optimization/Li_PF6_0p388663968M_EC0p27PC0p1DMC0p63_T333p0_q090/output_LELiB_MDLab.txt,6,10873,10.1149/1.1872737,10.1149/1.1872737,Li,PF6,0.388663968,"[""EC"",""PC"",""DMC""]","[0.27,0.1,0.63]",333.0,0.9,1,representative_row_index from cluster_summary.csv,348,32.473,1.1377,12.621085032864,0.4421829963936,12.29547642,EC:0.270+PC:0.100+DMC:0.630,"('Li', 'PF6', 0.388663968, '[""EC"",""PC"",""DMC""]', '[0.27,0.1,0.63]', 333.0)",23,5
