source_row_number,original_row_index,doi,anion_name,composition_summary,criterion_name,features_used,weighted_permittivity,weighted_viscosity_mPa_s_25C,cluster_id,row_status,valid_feature_position,best_k,best_candidate_k,best_silhouette_score,one_cluster_fallback_used
0,23,10.1016/j.electacta.2008.04.023,PF6,EC:0.300+EMC:0.700,weightedperm_weightedvisc,"weighted_permittivity, weighted_viscosity_mPa_s_25C",28.73,1.025,3,clustered,0,6,6,0.9448105888567919,False
1,24,10.1016/j.electacta.2008.04.023,PF6,EC:0.300+EMC:0.700,weightedperm_weightedvisc,"weighted_permittivity, weighted_viscosity_mPa_s_25C",28.73,1.025,3,clustered,1,6,6,0.9448105888567919,False
2,25,10.1016/j.electacta.2008.04.023,PF6,EC:0.300+EMC:0.700,weightedperm_weightedvisc,"weighted_permittivity, weighted_viscosity_mPa_s_25C",28.73,1.025,3,clustered,2,6,6,0.9448105888567919,False
3,26,10.1016/j.electacta.2008.04.023,PF6,EC:0.300+EMC:0.700,weightedperm_weightedvisc,"weighted_permittivity, weighted_viscosity_mPa_s_25C",28.73,1.025,3,clustered,3,6,6,0.9448105888567919,False
4,27,10.1016/j.electacta.2008.04.023,PF6,EC:0.300+EMC:0.700,weightedperm_weightedvisc,"weighted_permittivity, weighted_viscosity_mPa_s_25C",28.73,1.025,3,clustered,4,6,6,0.9448105888567919,False
5,28,10.1016/j.electacta.2008.04.023,PF6,EC:0.300+EMC:0.700,weightedperm_weightedvisc,"weighted_permittivity, weighted_viscosity_mPa_s_25C",28.73,1.025,3,clustered,5,6,6,0.9448105888567919,False
6,29,10.1016/j.electacta.2008.04.023,PF6,EC:0.300+EMC:0.700,weightedperm_weightedvisc,"weighted_permittivity, weighted_viscosity_mPa_s_25C",28.73,1.025,3,clustered,6,6,6,0.9448105888567919,False
7,30,10.1016/j.electacta.2008.04.023,PF6,EC:0.300+EMC:0.700,weightedperm_weightedvisc,"weighted_permittivity, weighted_viscosity_mPa_s_25C",28.73,1.025,3,clustered,7,6,6,0.9448105888567919,False
8,31,10.1016/j.jpowsour.2010.12.040,FSI,EC:0.300+EMC:0.700,weightedperm_weightedvisc,"weighted_permittivity, weighted_viscosity_mPa_s_25C",28.73,1.025,3,clustered,8,6,6,0.9448105888567919,False
9,32,10.1016/j.jpowsour.2010.12.040,FSI,EC:0.300+EMC:0.700,weightedperm_weightedvisc,"weighted_permittivity, weighted_viscosity_mPa_s_25C",28.73,1.025,3,clustered,9,6,6,0.9448105888567919,False
10,33,10.1016/j.jpowsour.2010.12.040,FSI,EC:0.300+EMC:0.700,weightedperm_weightedvisc,"weighted_permittivity, weighted_viscosity_mPa_s_25C",28.73,1.025,3,clustered,10,6,6,0.9448105888567919,False
11,34,10.1016/j.jpowsour.2010.12.040,FSI,EC:0.300+EMC:0.700,weightedperm_weightedvisc,"weighted_permittivity, weighted_viscosity_mPa_s_25C",28.73,1.025,3,clustered,11,6,6,0.9448105888567919,False
12,35,10.1016/j.jpowsour.2010.12.040,FSI,EC:0.300+EMC:0.700,weightedperm_weightedvisc,"weighted_permittivity, weighted_viscosity_mPa_s_25C",28.73,1.025,3,clustered,12,6,6,0.9448105888567919,False
13,36,10.1016/j.jpowsour.2010.12.040,FSI,EC:0.300+EMC:0.700,weightedperm_weightedvisc,"weighted_permittivity, weighted_viscosity_mPa_s_25C",28.73,1.025,3,clustered,13,6,6,0.9448105888567919,False
14,37,10.1016/j.jpowsour.2010.12.040,FSI,EC:0.300+EMC:0.700,weightedperm_weightedvisc,"weighted_permittivity, weighted_viscosity_mPa_s_25C",28.73,1.025,3,clustered,14,6,6,0.9448105888567919,False
15,38,10.1016/j.jpowsour.2010.12.040,FSI,EC:0.300+EMC:0.700,weightedperm_weightedvisc,"weighted_permittivity, weighted_viscosity_mPa_s_25C",28.73,1.025,3,clustered,15,6,6,0.9448105888567919,False
16,39,10.1016/j.jpowsour.2010.12.040,FSI,EC:0.300+EMC:0.700,weightedperm_weightedvisc,"weighted_permittivity, weighted_viscosity_mPa_s_25C",28.73,1.025,3,clustered,16,6,6,0.9448105888567919,False
17,40,10.1016/j.jpowsour.2010.12.040,FSI,EC:0.300+EMC:0.700,weightedperm_weightedvisc,"weighted_permittivity, weighted_viscosity_mPa_s_25C",28.73,1.025,3,clustered,17,6,6,0.9448105888567919,False
18,41,10.1016/j.jpowsour.2010.12.040,FSI,EC:0.300+EMC:0.700,weightedperm_weightedvisc,"weighted_permittivity, weighted_viscosity_mPa_s_25C",28.73,1.025,3,clustered,18,6,6,0.9448105888567919,False
19,42,10.1016/j.jpowsour.2010.12.040,FSI,EC:0.300+EMC:0.700,weightedperm_weightedvisc,"weighted_permittivity, weighted_viscosity_mPa_s_25C",28.73,1.025,3,clustered,19,6,6,0.9448105888567919,False
20,43,10.1016/j.jpowsour.2010.12.040,FSI,EC:0.300+EMC:0.700,weightedperm_weightedvisc,"weighted_permittivity, weighted_viscosity_mPa_s_25C",28.73,1.025,3,clustered,20,6,6,0.9448105888567919,False
21,44,10.1016/j.jpowsour.2010.12.040,FSI,EC:0.300+EMC:0.700,weightedperm_weightedvisc,"weighted_permittivity, weighted_viscosity_mPa_s_25C",28.73,1.025,3,clustered,21,6,6,0.9448105888567919,False
22,45,10.1016/j.jpowsour.2010.12.040,FSI,EC:0.300+EMC:0.700,weightedperm_weightedvisc,"weighted_permittivity, weighted_viscosity_mPa_s_25C",28.73,1.025,3,clustered,22,6,6,0.9448105888567919,False
23,46,10.1016/j.jpowsour.2010.12.040,FSI,EC:0.300+EMC:0.700,weightedperm_weightedvisc,"weighted_permittivity, weighted_viscosity_mPa_s_25C",28.73,1.025,3,clustered,23,6,6,0.9448105888567919,False
24,47,10.1016/j.jpowsour.2010.12.040,FSI,EC:0.300+EMC:0.700,weightedperm_weightedvisc,"weighted_permittivity, weighted_viscosity_mPa_s_25C",28.73,1.025,3,clustered,24,6,6,0.9448105888567919,False
25,48,10.1016/j.jpowsour.2010.12.040,FSI,EC:0.300+EMC:0.700,weightedperm_weightedvisc,"weighted_permittivity, weighted_viscosity_mPa_s_25C",28.73,1.025,3,clustered,25,6,6,0.9448105888567919,False
26,49,10.1016/j.jpowsour.2010.12.040,FSI,EC:0.300+EMC:0.700,weightedperm_weightedvisc,"weighted_permittivity, weighted_viscosity_mPa_s_25C",28.73,1.025,3,clustered,26,6,6,0.9448105888567919,False
27,50,10.1016/j.jpowsour.2010.12.040,PF6,EC:0.300+EMC:0.700,weightedperm_weightedvisc,"weighted_permittivity, weighted_viscosity_mPa_s_25C",28.73,1.025,3,clustered,27,6,6,0.9448105888567919,False
28,51,10.1016/j.jpowsour.2010.12.040,PF6,EC:0.300+EMC:0.700,weightedperm_weightedvisc,"weighted_permittivity, weighted_viscosity_mPa_s_25C",28.73,1.025,3,clustered,28,6,6,0.9448105888567919,False
29,52,10.1016/j.jpowsour.2010.12.040,PF6,EC:0.300+EMC:0.700,weightedperm_weightedvisc,"weighted_permittivity, weighted_viscosity_mPa_s_25C",28.73,1.025,3,clustered,29,6,6,0.9448105888567919,False
30,53,10.1016/j.jpowsour.2010.12.040,PF6,EC:0.300+EMC:0.700,weightedperm_weightedvisc,"weighted_permittivity, weighted_viscosity_mPa_s_25C",28.73,1.025,3,clustered,30,6,6,0.9448105888567919,False
31,54,10.1016/j.jpowsour.2010.12.040,PF6,EC:0.300+EMC:0.700,weightedperm_weightedvisc,"weighted_permittivity, weighted_viscosity_mPa_s_25C",28.73,1.025,3,clustered,31,6,6,0.9448105888567919,False
32,55,10.1016/j.jpowsour.2010.12.040,PF6,EC:0.300+EMC:0.700,weightedperm_weightedvisc,"weighted_permittivity, weighted_viscosity_mPa_s_25C",28.73,1.025,3,clustered,32,6,6,0.9448105888567919,False
33,56,10.1016/j.jpowsour.2010.12.040,PF6,EC:0.300+EMC:0.700,weightedperm_weightedvisc,"weighted_permittivity, weighted_viscosity_mPa_s_25C",28.73,1.025,3,clustered,33,6,6,0.9448105888567919,False
34,57,10.1016/j.jpowsour.2010.12.040,PF6,EC:0.300+EMC:0.700,weightedperm_weightedvisc,"weighted_permittivity, weighted_viscosity_mPa_s_25C",28.73,1.025,3,clustered,34,6,6,0.9448105888567919,False
35,58,10.1016/j.jpowsour.2010.12.040,PF6,EC:0.300+EMC:0.700,weightedperm_weightedvisc,"weighted_permittivity, weighted_viscosity_mPa_s_25C",28.73,1.025,3,clustered,35,6,6,0.9448105888567919,False
36,59,10.1016/j.jpowsour.2010.12.040,PF6,EC:0.300+EMC:0.700,weightedperm_weightedvisc,"weighted_permittivity, weighted_viscosity_mPa_s_25C",28.73,1.025,3,clustered,36,6,6,0.9448105888567919,False
37,60,10.1016/j.jpowsour.2010.12.040,BF4,EC:0.300+EMC:0.700,weightedperm_weightedvisc,"weighted_permittivity, weighted_viscosity_mPa_s_25C",28.73,1.025,3,clustered,37,6,6,0.9448105888567919,False
38,61,10.1016/j.jpowsour.2010.12.040,BF4,EC:0.300+EMC:0.700,weightedperm_weightedvisc,"weighted_permittivity, weighted_viscosity_mPa_s_25C",28.73,1.025,3,clustered,38,6,6,0.9448105888567919,False
39,62,10.1016/j.jpowsour.2010.12.040,BF4,EC:0.300+EMC:0.700,weightedperm_weightedvisc,"weighted_permittivity, weighted_viscosity_mPa_s_25C",28.73,1.025,3,clustered,39,6,6,0.9448105888567919,False
40,63,10.1016/j.jpowsour.2010.12.040,BF4,EC:0.300+EMC:0.700,weightedperm_weightedvisc,"weighted_permittivity, weighted_viscosity_mPa_s_25C",28.73,1.025,3,clustered,40,6,6,0.9448105888567919,False
41,64,10.1016/j.jpowsour.2010.12.040,BF4,EC:0.300+EMC:0.700,weightedperm_weightedvisc,"weighted_permittivity, weighted_viscosity_mPa_s_25C",28.73,1.025,3,clustered,41,6,6,0.9448105888567919,False
42,65,10.1016/j.jpowsour.2010.12.040,BF4,EC:0.300+EMC:0.700,weightedperm_weightedvisc,"weighted_permittivity, weighted_viscosity_mPa_s_25C",28.73,1.025,3,clustered,42,6,6,0.9448105888567919,False
43,66,10.1016/j.jpowsour.2010.12.040,BF4,EC:0.300+EMC:0.700,weightedperm_weightedvisc,"weighted_permittivity, weighted_viscosity_mPa_s_25C",28.73,1.025,3,clustered,43,6,6,0.9448105888567919,False
44,67,10.1016/j.jpowsour.2010.12.040,BF4,EC:0.300+EMC:0.700,weightedperm_weightedvisc,"weighted_permittivity, weighted_viscosity_mPa_s_25C",28.73,1.025,3,clustered,44,6,6,0.9448105888567919,False
45,68,10.1016/j.jpowsour.2010.12.040,BF4,EC:0.300+EMC:0.700,weightedperm_weightedvisc,"weighted_permittivity, weighted_viscosity_mPa_s_25C",28.73,1.025,3,clustered,45,6,6,0.9448105888567919,False
46,69,10.1016/j.jpowsour.2010.12.040,BF4,EC:0.300+EMC:0.700,weightedperm_weightedvisc,"weighted_permittivity, weighted_viscosity_mPa_s_25C",28.73,1.025,3,clustered,46,6,6,0.9448105888567919,False
47,70,10.1016/j.jpowsour.2010.12.040,BF4,EC:0.300+EMC:0.700,weightedperm_weightedvisc,"weighted_permittivity, weighted_viscosity_mPa_s_25C",28.73,1.025,3,clustered,47,6,6,0.9448105888567919,False
48,71,10.1016/j.jpowsour.2010.12.040,BF4,EC:0.300+EMC:0.700,weightedperm_weightedvisc,"weighted_permittivity, weighted_viscosity_mPa_s_25C",28.73,1.025,3,clustered,48,6,6,0.9448105888567919,False
49,72,10.1016/j.jpowsour.2010.12.040,BF4,EC:0.300+EMC:0.700,weightedperm_weightedvisc,"weighted_permittivity, weighted_viscosity_mPa_s_25C",28.73,1.025,3,clustered,49,6,6,0.9448105888567919,False
50,73,10.1016/j.jpowsour.2010.12.040,BF4,EC:0.300+EMC:0.700,weightedperm_weightedvisc,"weighted_permittivity, weighted_viscosity_mPa_s_25C",28.73,1.025,3,clustered,50,6,6,0.9448105888567919,False
51,74,10.1016/j.jpowsour.2010.12.040,BF4,EC:0.300+EMC:0.700,weightedperm_weightedvisc,"weighted_permittivity, weighted_viscosity_mPa_s_25C",28.73,1.025,3,clustered,51,6,6,0.9448105888567919,False
52,75,10.1016/j.jpowsour.2010.12.040,BF4,EC:0.300+EMC:0.700,weightedperm_weightedvisc,"weighted_permittivity, weighted_viscosity_mPa_s_25C",28.73,1.025,3,clustered,52,6,6,0.9448105888567919,False
53,76,10.1016/j.jpowsour.2010.12.040,BF4,EC:0.300+EMC:0.700,weightedperm_weightedvisc,"weighted_permittivity, weighted_viscosity_mPa_s_25C",28.73,1.025,3,clustered,53,6,6,0.9448105888567919,False
54,77,10.1016/j.jpowsour.2010.12.040,BF4,EC:0.300+EMC:0.700,weightedperm_weightedvisc,"weighted_permittivity, weighted_viscosity_mPa_s_25C",28.73,1.025,3,clustered,54,6,6,0.9448105888567919,False
55,78,10.1016/j.jpowsour.2010.12.040,BF4,EC:0.300+EMC:0.700,weightedperm_weightedvisc,"weighted_permittivity, weighted_viscosity_mPa_s_25C",28.73,1.025,3,clustered,55,6,6,0.9448105888567919,False
56,79,10.1016/j.jpowsour.2010.12.040,BF4,EC:0.300+EMC:0.700,weightedperm_weightedvisc,"weighted_permittivity, weighted_viscosity_mPa_s_25C",28.73,1.025,3,clustered,56,6,6,0.9448105888567919,False
57,106,10.1016/j.jpowsour.2011.06.030,PF6,EC:0.500+DMC:0.500,weightedperm_weightedvisc,"weighted_permittivity, weighted_viscosity_mPa_s_25C",46.05,1.245,1,clustered,57,6,6,0.9448105888567919,False
58,107,10.1016/j.jpowsour.2011.06.030,PF6,EC:0.500+DMC:0.500,weightedperm_weightedvisc,"weighted_permittivity, weighted_viscosity_mPa_s_25C",46.05,1.245,1,clustered,58,6,6,0.9448105888567919,False
59,108,10.1016/j.jpowsour.2011.06.030,PF6,EC:0.500+DMC:0.500,weightedperm_weightedvisc,"weighted_permittivity, weighted_viscosity_mPa_s_25C",46.05,1.245,1,clustered,59,6,6,0.9448105888567919,False
60,109,10.1016/j.jpowsour.2011.06.030,PF6,EC:0.500+DMC:0.500,weightedperm_weightedvisc,"weighted_permittivity, weighted_viscosity_mPa_s_25C",46.05,1.245,1,clustered,60,6,6,0.9448105888567919,False
61,110,10.1016/j.jpowsour.2011.06.030,PF6,EC:0.500+DMC:0.500,weightedperm_weightedvisc,"weighted_permittivity, weighted_viscosity_mPa_s_25C",46.05,1.245,1,clustered,61,6,6,0.9448105888567919,False
62,111,10.1016/j.jpowsour.2011.06.030,PF6,EC:0.500+DMC:0.500,weightedperm_weightedvisc,"weighted_permittivity, weighted_viscosity_mPa_s_25C",46.05,1.245,1,clustered,62,6,6,0.9448105888567919,False
63,112,10.1016/j.jpowsour.2011.06.030,PF6,EC:0.500+DMC:0.500,weightedperm_weightedvisc,"weighted_permittivity, weighted_viscosity_mPa_s_25C",46.05,1.245,1,clustered,63,6,6,0.9448105888567919,False
64,113,10.1016/j.jpowsour.2011.06.030,PF6,EC:0.500+DMC:0.500,weightedperm_weightedvisc,"weighted_permittivity, weighted_viscosity_mPa_s_25C",46.05,1.245,1,clustered,64,6,6,0.9448105888567919,False
65,114,10.1016/j.jpowsour.2011.06.030,PF6,EC:0.500+DMC:0.500,weightedperm_weightedvisc,"weighted_permittivity, weighted_viscosity_mPa_s_25C",46.05,1.245,1,clustered,65,6,6,0.9448105888567919,False
66,115,10.1016/j.jpowsour.2011.06.030,PF6,EC:0.500+DMC:0.500,weightedperm_weightedvisc,"weighted_permittivity, weighted_viscosity_mPa_s_25C",46.05,1.245,1,clustered,66,6,6,0.9448105888567919,False
67,116,10.1016/j.jpowsour.2011.06.030,PF6,EC:0.500+DMC:0.500,weightedperm_weightedvisc,"weighted_permittivity, weighted_viscosity_mPa_s_25C",46.05,1.245,1,clustered,67,6,6,0.9448105888567919,False
68,117,10.1016/j.jpowsour.2011.06.030,PF6,EC:0.500+DMC:0.500,weightedperm_weightedvisc,"weighted_permittivity, weighted_viscosity_mPa_s_25C",46.05,1.245,1,clustered,68,6,6,0.9448105888567919,False
69,118,10.1016/j.jpowsour.2011.06.030,PF6,EC:0.500+DMC:0.500,weightedperm_weightedvisc,"weighted_permittivity, weighted_viscosity_mPa_s_25C",46.05,1.245,1,clustered,69,6,6,0.9448105888567919,False
70,119,10.1016/j.jpowsour.2011.07.071,TFSI,EC:0.100+DMC:0.900,weightedperm_weightedvisc,"weighted_permittivity, weighted_viscosity_mPa_s_25C",11.69,0.7210000000000001,4,clustered,70,6,6,0.9448105888567919,False
71,120,10.1016/j.jpowsour.2011.07.071,TFSI,EC:0.200+DMC:0.800,weightedperm_weightedvisc,"weighted_permittivity, weighted_viscosity_mPa_s_25C",20.28,0.852,3,clustered,71,6,6,0.9448105888567919,False
72,121,10.1016/j.jpowsour.2011.07.071,TFSI,EC:0.250+DMC:0.750,weightedperm_weightedvisc,"weighted_permittivity, weighted_viscosity_mPa_s_25C",24.575,0.9175,3,clustered,72,6,6,0.9448105888567919,False
73,122,10.1016/j.jpowsour.2011.07.071,TFSI,EC:0.300+DMC:0.700,weightedperm_weightedvisc,"weighted_permittivity, weighted_viscosity_mPa_s_25C",28.87,0.983,3,clustered,73,6,6,0.9448105888567919,False
74,123,10.1016/j.jpowsour.2011.07.071,TFSI,EC:0.400+DMC:0.600,weightedperm_weightedvisc,"weighted_permittivity, weighted_viscosity_mPa_s_25C",37.46,1.114,3,clustered,74,6,6,0.9448105888567919,False
75,124,10.1016/j.jpowsour.2011.07.071,TFSI,EC:0.500+DMC:0.500,weightedperm_weightedvisc,"weighted_permittivity, weighted_viscosity_mPa_s_25C",46.05,1.245,1,clustered,75,6,6,0.9448105888567919,False
76,125,10.1016/j.jpowsour.2011.07.071,TFSI,EC:0.600+DMC:0.400,weightedperm_weightedvisc,"weighted_permittivity, weighted_viscosity_mPa_s_25C",54.64,1.376,1,clustered,76,6,6,0.9448105888567919,False
77,126,10.1016/j.jpowsour.2011.07.071,TFSI,EC:0.700+DMC:0.300,weightedperm_weightedvisc,"weighted_permittivity, weighted_viscosity_mPa_s_25C",63.23,1.507,6,clustered,77,6,6,0.9448105888567919,False
78,127,10.1016/j.jpowsour.2011.07.071,TFSI,EC:0.800+DMC:0.200,weightedperm_weightedvisc,"weighted_permittivity, weighted_viscosity_mPa_s_25C",71.82000000000001,1.638,6,clustered,78,6,6,0.9448105888567919,False
79,128,10.1016/j.jpowsour.2011.07.071,TFSI,EC:1.000,weightedperm_weightedvisc,"weighted_permittivity, weighted_viscosity_mPa_s_25C",89.0,1.9,5,clustered,79,6,6,0.9448105888567919,False
80,129,10.1016/j.jpowsour.2011.07.071,TFSI,DMC:1.000,weightedperm_weightedvisc,"weighted_permittivity, weighted_viscosity_mPa_s_25C",3.1,0.59,4,clustered,80,6,6,0.9448105888567919,False
81,130,10.1016/j.jpowsour.2011.07.071,PF6,EC:0.500+DMC:0.500,weightedperm_weightedvisc,"weighted_permittivity, weighted_viscosity_mPa_s_25C",46.05,1.245,1,clustered,81,6,6,0.9448105888567919,False
82,131,10.1016/j.jpowsour.2011.07.071,PF6,EC:0.500+DMC:0.500,weightedperm_weightedvisc,"weighted_permittivity, weighted_viscosity_mPa_s_25C",46.05,1.245,1,clustered,82,6,6,0.9448105888567919,False
83,132,10.1016/j.jpowsour.2011.07.071,PF6,EC:0.500+DMC:0.500,weightedperm_weightedvisc,"weighted_permittivity, weighted_viscosity_mPa_s_25C",46.05,1.245,1,clustered,83,6,6,0.9448105888567919,False
84,133,10.1016/j.jpowsour.2011.07.071,PF6,EC:0.500+DMC:0.500,weightedperm_weightedvisc,"weighted_permittivity, weighted_viscosity_mPa_s_25C",46.05,1.245,1,clustered,84,6,6,0.9448105888567919,False
85,134,10.1016/j.jpowsour.2011.07.071,PF6,EC:0.500+DMC:0.500,weightedperm_weightedvisc,"weighted_permittivity, weighted_viscosity_mPa_s_25C",46.05,1.245,1,clustered,85,6,6,0.9448105888567919,False
86,135,10.1016/j.jpowsour.2011.07.071,PF6,EC:0.500+DMC:0.500,weightedperm_weightedvisc,"weighted_permittivity, weighted_viscosity_mPa_s_25C",46.05,1.245,1,clustered,86,6,6,0.9448105888567919,False
87,136,10.1016/j.jpowsour.2011.07.071,PF6,EC:0.500+DMC:0.500,weightedperm_weightedvisc,"weighted_permittivity, weighted_viscosity_mPa_s_25C",46.05,1.245,1,clustered,87,6,6,0.9448105888567919,False
88,137,10.1016/j.jpowsour.2011.07.071,PF6,EC:0.500+DMC:0.500,weightedperm_weightedvisc,"weighted_permittivity, weighted_viscosity_mPa_s_25C",46.05,1.245,1,clustered,88,6,6,0.9448105888567919,False
89,138,10.1016/j.jpowsour.2011.07.071,PF6,EC:0.500+DMC:0.500,weightedperm_weightedvisc,"weighted_permittivity, weighted_viscosity_mPa_s_25C",46.05,1.245,1,clustered,89,6,6,0.9448105888567919,False
90,139,10.1016/j.jpowsour.2011.07.071,PF6,EC:0.500+DMC:0.500,weightedperm_weightedvisc,"weighted_permittivity, weighted_viscosity_mPa_s_25C",46.05,1.245,1,clustered,90,6,6,0.9448105888567919,False
91,140,10.1016/j.jpowsour.2011.07.071,PF6,EC:0.500+DMC:0.500,weightedperm_weightedvisc,"weighted_permittivity, weighted_viscosity_mPa_s_25C",46.05,1.245,1,clustered,91,6,6,0.9448105888567919,False
92,141,10.1016/j.jpowsour.2011.07.071,PF6,EC:0.500+DMC:0.500,weightedperm_weightedvisc,"weighted_permittivity, weighted_viscosity_mPa_s_25C",46.05,1.245,1,clustered,92,6,6,0.9448105888567919,False
93,142,10.1016/j.jpowsour.2011.07.071,PF6,EC:0.500+DMC:0.500,weightedperm_weightedvisc,"weighted_permittivity, weighted_viscosity_mPa_s_25C",46.05,1.245,1,clustered,93,6,6,0.9448105888567919,False
94,143,10.1016/j.jpowsour.2011.07.071,PF6,EC:0.500+DMC:0.500,weightedperm_weightedvisc,"weighted_permittivity, weighted_viscosity_mPa_s_25C",46.05,1.245,1,clustered,94,6,6,0.9448105888567919,False
95,144,10.1016/j.jpowsour.2011.07.071,PF6,EC:0.500+DMC:0.500,weightedperm_weightedvisc,"weighted_permittivity, weighted_viscosity_mPa_s_25C",46.05,1.245,1,clustered,95,6,6,0.9448105888567919,False
96,145,10.1016/j.jpowsour.2011.07.071,PF6,EC:0.500+DMC:0.500,weightedperm_weightedvisc,"weighted_permittivity, weighted_viscosity_mPa_s_25C",46.05,1.245,1,clustered,96,6,6,0.9448105888567919,False
97,146,10.1016/j.jpowsour.2011.07.071,PF6,EC:0.500+DMC:0.500,weightedperm_weightedvisc,"weighted_permittivity, weighted_viscosity_mPa_s_25C",46.05,1.245,1,clustered,97,6,6,0.9448105888567919,False
98,147,10.1016/j.jpowsour.2011.07.071,PF6,EC:0.500+DMC:0.500,weightedperm_weightedvisc,"weighted_permittivity, weighted_viscosity_mPa_s_25C",46.05,1.245,1,clustered,98,6,6,0.9448105888567919,False
99,148,10.1016/j.jpowsour.2011.07.071,PF6,EC:0.500+DMC:0.500,weightedperm_weightedvisc,"weighted_permittivity, weighted_viscosity_mPa_s_25C",46.05,1.245,1,clustered,99,6,6,0.9448105888567919,False
100,149,10.1016/j.jpowsour.2011.07.071,PF6,EC:0.500+DMC:0.500,weightedperm_weightedvisc,"weighted_permittivity, weighted_viscosity_mPa_s_25C",46.05,1.245,1,clustered,100,6,6,0.9448105888567919,False
101,150,10.1016/j.jpowsour.2011.07.071,PF6,EC:0.500+DMC:0.500,weightedperm_weightedvisc,"weighted_permittivity, weighted_viscosity_mPa_s_25C",46.05,1.245,1,clustered,101,6,6,0.9448105888567919,False
102,151,10.1016/j.jpowsour.2011.07.071,PF6,EC:0.500+DMC:0.500,weightedperm_weightedvisc,"weighted_permittivity, weighted_viscosity_mPa_s_25C",46.05,1.245,1,clustered,102,6,6,0.9448105888567919,False
103,152,10.1016/j.jpowsour.2011.07.071,PF6,EC:0.500+DMC:0.500,weightedperm_weightedvisc,"weighted_permittivity, weighted_viscosity_mPa_s_25C",46.05,1.245,1,clustered,103,6,6,0.9448105888567919,False
104,153,10.1016/j.jpowsour.2011.07.071,PF6,EC:0.500+DMC:0.500,weightedperm_weightedvisc,"weighted_permittivity, weighted_viscosity_mPa_s_25C",46.05,1.245,1,clustered,104,6,6,0.9448105888567919,False
105,154,10.1016/j.jpowsour.2011.07.071,PF6,EC:0.500+DMC:0.500,weightedperm_weightedvisc,"weighted_permittivity, weighted_viscosity_mPa_s_25C",46.05,1.245,1,clustered,105,6,6,0.9448105888567919,False
106,155,10.1016/j.jpowsour.2011.07.071,PF6,EC:0.500+DMC:0.500,weightedperm_weightedvisc,"weighted_permittivity, weighted_viscosity_mPa_s_25C",46.05,1.245,1,clustered,106,6,6,0.9448105888567919,False
107,156,10.1016/j.jpowsour.2011.07.071,PF6,EC:0.500+DMC:0.500,weightedperm_weightedvisc,"weighted_permittivity, weighted_viscosity_mPa_s_25C",46.05,1.245,1,clustered,107,6,6,0.9448105888567919,False
108,157,10.1016/j.jpowsour.2011.07.071,PF6,EC:0.500+DMC:0.500,weightedperm_weightedvisc,"weighted_permittivity, weighted_viscosity_mPa_s_25C",46.05,1.245,1,clustered,108,6,6,0.9448105888567919,False
109,158,10.1016/j.jpowsour.2011.07.071,PF6,EC:0.500+DMC:0.500,weightedperm_weightedvisc,"weighted_permittivity, weighted_viscosity_mPa_s_25C",46.05,1.245,1,clustered,109,6,6,0.9448105888567919,False
110,159,10.1016/j.jpowsour.2011.07.071,PF6,EC:0.500+DMC:0.500,weightedperm_weightedvisc,"weighted_permittivity, weighted_viscosity_mPa_s_25C",46.05,1.245,1,clustered,110,6,6,0.9448105888567919,False
111,160,10.1016/j.jpowsour.2011.07.071,PF6,EC:0.500+DMC:0.500,weightedperm_weightedvisc,"weighted_permittivity, weighted_viscosity_mPa_s_25C",46.05,1.245,1,clustered,111,6,6,0.9448105888567919,False
112,161,10.1016/j.jpowsour.2011.07.071,PF6,EC:0.500+DMC:0.500,weightedperm_weightedvisc,"weighted_permittivity, weighted_viscosity_mPa_s_25C",46.05,1.245,1,clustered,112,6,6,0.9448105888567919,False
113,162,10.1016/j.jpowsour.2011.07.071,PF6,EC:0.500+DMC:0.500,weightedperm_weightedvisc,"weighted_permittivity, weighted_viscosity_mPa_s_25C",46.05,1.245,1,clustered,113,6,6,0.9448105888567919,False
114,163,10.1016/j.jpowsour.2011.07.071,PF6,EC:0.500+DMC:0.500,weightedperm_weightedvisc,"weighted_permittivity, weighted_viscosity_mPa_s_25C",46.05,1.245,1,clustered,114,6,6,0.9448105888567919,False
115,164,10.1016/j.jpowsour.2011.07.071,PF6,EC:0.500+DMC:0.500,weightedperm_weightedvisc,"weighted_permittivity, weighted_viscosity_mPa_s_25C",46.05,1.245,1,clustered,115,6,6,0.9448105888567919,False
116,165,10.1016/j.jpowsour.2011.07.071,PF6,EC:0.500+DMC:0.500,weightedperm_weightedvisc,"weighted_permittivity, weighted_viscosity_mPa_s_25C",46.05,1.245,1,clustered,116,6,6,0.9448105888567919,False
117,166,10.1016/j.jpowsour.2011.07.071,PF6,EC:0.500+DMC:0.500,weightedperm_weightedvisc,"weighted_permittivity, weighted_viscosity_mPa_s_25C",46.05,1.245,1,clustered,117,6,6,0.9448105888567919,False
118,167,10.1016/j.jpowsour.2011.07.071,PF6,EC:0.500+DMC:0.500,weightedperm_weightedvisc,"weighted_permittivity, weighted_viscosity_mPa_s_25C",46.05,1.245,1,clustered,118,6,6,0.9448105888567919,False
119,168,10.1016/j.jpowsour.2011.07.071,PF6,EC:0.500+DMC:0.500,weightedperm_weightedvisc,"weighted_permittivity, weighted_viscosity_mPa_s_25C",46.05,1.245,1,clustered,119,6,6,0.9448105888567919,False
120,169,10.1016/j.jpowsour.2011.07.071,PF6,EC:0.500+DMC:0.500,weightedperm_weightedvisc,"weighted_permittivity, weighted_viscosity_mPa_s_25C",46.05,1.245,1,clustered,120,6,6,0.9448105888567919,False
121,170,10.1016/j.jpowsour.2011.07.071,PF6,EC:0.500+DMC:0.500,weightedperm_weightedvisc,"weighted_permittivity, weighted_viscosity_mPa_s_25C",46.05,1.245,1,clustered,121,6,6,0.9448105888567919,False
122,171,10.1016/j.jpowsour.2011.07.071,PF6,EC:0.500+DMC:0.500,weightedperm_weightedvisc,"weighted_permittivity, weighted_viscosity_mPa_s_25C",46.05,1.245,1,clustered,122,6,6,0.9448105888567919,False
123,172,10.1016/j.jpowsour.2011.07.071,PF6,EC:0.500+DMC:0.500,weightedperm_weightedvisc,"weighted_permittivity, weighted_viscosity_mPa_s_25C",46.05,1.245,1,clustered,123,6,6,0.9448105888567919,False
124,173,10.1016/j.jpowsour.2011.07.071,PF6,EC:0.500+DMC:0.500,weightedperm_weightedvisc,"weighted_permittivity, weighted_viscosity_mPa_s_25C",46.05,1.245,1,clustered,124,6,6,0.9448105888567919,False
125,174,10.1016/j.jpowsour.2011.07.071,PF6,EC:0.500+DMC:0.500,weightedperm_weightedvisc,"weighted_permittivity, weighted_viscosity_mPa_s_25C",46.05,1.245,1,clustered,125,6,6,0.9448105888567919,False
126,175,10.1016/j.jpowsour.2011.07.071,PF6,EC:0.500+DMC:0.500,weightedperm_weightedvisc,"weighted_permittivity, weighted_viscosity_mPa_s_25C",46.05,1.245,1,clustered,126,6,6,0.9448105888567919,False
127,176,10.1016/j.jpowsour.2011.07.071,PF6,EC:0.500+DMC:0.500,weightedperm_weightedvisc,"weighted_permittivity, weighted_viscosity_mPa_s_25C",46.05,1.245,1,clustered,127,6,6,0.9448105888567919,False
128,177,10.1016/j.jpowsour.2011.07.071,PF6,EC:0.500+DMC:0.500,weightedperm_weightedvisc,"weighted_permittivity, weighted_viscosity_mPa_s_25C",46.05,1.245,1,clustered,128,6,6,0.9448105888567919,False
129,178,10.1016/j.jpowsour.2011.07.071,PF6,EC:0.500+DMC:0.500,weightedperm_weightedvisc,"weighted_permittivity, weighted_viscosity_mPa_s_25C",46.05,1.245,1,clustered,129,6,6,0.9448105888567919,False
130,179,10.1016/j.jpowsour.2011.07.071,PF6,EC:0.500+DMC:0.500,weightedperm_weightedvisc,"weighted_permittivity, weighted_viscosity_mPa_s_25C",46.05,1.245,1,clustered,130,6,6,0.9448105888567919,False
131,180,10.1016/j.jpowsour.2011.07.071,PF6,EC:0.500+DMC:0.500,weightedperm_weightedvisc,"weighted_permittivity, weighted_viscosity_mPa_s_25C",46.05,1.245,1,clustered,131,6,6,0.9448105888567919,False
132,181,10.1016/j.jpowsour.2011.07.071,PF6,EC:0.500+DMC:0.500,weightedperm_weightedvisc,"weighted_permittivity, weighted_viscosity_mPa_s_25C",46.05,1.245,1,clustered,132,6,6,0.9448105888567919,False
133,182,10.1016/j.jpowsour.2011.07.071,PF6,EC:0.500+DMC:0.500,weightedperm_weightedvisc,"weighted_permittivity, weighted_viscosity_mPa_s_25C",46.05,1.245,1,clustered,133,6,6,0.9448105888567919,False
134,183,10.1016/j.jpowsour.2011.07.071,PF6,EC:0.500+DMC:0.500,weightedperm_weightedvisc,"weighted_permittivity, weighted_viscosity_mPa_s_25C",46.05,1.245,1,clustered,134,6,6,0.9448105888567919,False
135,184,10.1016/j.jpowsour.2011.07.071,PF6,EC:0.500+DMC:0.500,weightedperm_weightedvisc,"weighted_permittivity, weighted_viscosity_mPa_s_25C",46.05,1.245,1,clustered,135,6,6,0.9448105888567919,False
136,185,10.1016/j.jpowsour.2011.07.071,PF6,EC:0.500+DMC:0.500,weightedperm_weightedvisc,"weighted_permittivity, weighted_viscosity_mPa_s_25C",46.05,1.245,1,clustered,136,6,6,0.9448105888567919,False
137,186,10.1016/j.jpowsour.2011.07.071,PF6,EC:0.500+DMC:0.500,weightedperm_weightedvisc,"weighted_permittivity, weighted_viscosity_mPa_s_25C",46.05,1.245,1,clustered,137,6,6,0.9448105888567919,False
138,187,10.1016/j.jpowsour.2011.07.071,PF6,EC:0.500+DMC:0.500,weightedperm_weightedvisc,"weighted_permittivity, weighted_viscosity_mPa_s_25C",46.05,1.245,1,clustered,138,6,6,0.9448105888567919,False
139,188,10.1016/j.jpowsour.2011.07.071,PF6,EC:0.500+DMC:0.500,weightedperm_weightedvisc,"weighted_permittivity, weighted_viscosity_mPa_s_25C",46.05,1.245,1,clustered,139,6,6,0.9448105888567919,False
140,189,10.1016/j.jpowsour.2011.07.071,PF6,EC:0.500+DMC:0.500,weightedperm_weightedvisc,"weighted_permittivity, weighted_viscosity_mPa_s_25C",46.05,1.245,1,clustered,140,6,6,0.9448105888567919,False
141,190,10.1016/j.jpowsour.2011.07.071,PF6,EC:0.500+DMC:0.500,weightedperm_weightedvisc,"weighted_permittivity, weighted_viscosity_mPa_s_25C",46.05,1.245,1,clustered,141,6,6,0.9448105888567919,False
142,191,10.1016/j.jpowsour.2011.07.071,PF6,EC:0.500+DMC:0.500,weightedperm_weightedvisc,"weighted_permittivity, weighted_viscosity_mPa_s_25C",46.05,1.245,1,clustered,142,6,6,0.9448105888567919,False
143,192,10.1016/j.jpowsour.2011.07.071,PF6,EC:0.500+DMC:0.500,weightedperm_weightedvisc,"weighted_permittivity, weighted_viscosity_mPa_s_25C",46.05,1.245,1,clustered,143,6,6,0.9448105888567919,False
144,193,10.1016/j.jpowsour.2011.07.071,TFSI,EC:0.500+DMC:0.500,weightedperm_weightedvisc,"weighted_permittivity, weighted_viscosity_mPa_s_25C",46.05,1.245,1,clustered,144,6,6,0.9448105888567919,False
145,194,10.1016/j.jpowsour.2011.07.071,TFSI,EC:0.500+DMC:0.500,weightedperm_weightedvisc,"weighted_permittivity, weighted_viscosity_mPa_s_25C",46.05,1.245,1,clustered,145,6,6,0.9448105888567919,False
146,195,10.1016/j.jpowsour.2011.07.071,TFSI,EC:0.500+DMC:0.500,weightedperm_weightedvisc,"weighted_permittivity, weighted_viscosity_mPa_s_25C",46.05,1.245,1,clustered,146,6,6,0.9448105888567919,False
147,196,10.1016/j.jpowsour.2011.07.071,TFSI,EC:0.500+DMC:0.500,weightedperm_weightedvisc,"weighted_permittivity, weighted_viscosity_mPa_s_25C",46.05,1.245,1,clustered,147,6,6,0.9448105888567919,False
148,197,10.1016/j.jpowsour.2011.07.071,TFSI,EC:0.500+DMC:0.500,weightedperm_weightedvisc,"weighted_permittivity, weighted_viscosity_mPa_s_25C",46.05,1.245,1,clustered,148,6,6,0.9448105888567919,False
149,198,10.1016/j.jpowsour.2011.07.071,TFSI,EC:0.500+DMC:0.500,weightedperm_weightedvisc,"weighted_permittivity, weighted_viscosity_mPa_s_25C",46.05,1.245,1,clustered,149,6,6,0.9448105888567919,False
150,199,10.1016/j.jpowsour.2011.07.071,TFSI,EC:0.500+DMC:0.500,weightedperm_weightedvisc,"weighted_permittivity, weighted_viscosity_mPa_s_25C",46.05,1.245,1,clustered,150,6,6,0.9448105888567919,False
151,200,10.1016/j.jpowsour.2011.07.071,TFSI,EC:0.500+DMC:0.500,weightedperm_weightedvisc,"weighted_permittivity, weighted_viscosity_mPa_s_25C",46.05,1.245,1,clustered,151,6,6,0.9448105888567919,False
152,201,10.1016/j.jpowsour.2011.07.071,TFSI,EC:0.500+DMC:0.500,weightedperm_weightedvisc,"weighted_permittivity, weighted_viscosity_mPa_s_25C",46.05,1.245,1,clustered,152,6,6,0.9448105888567919,False
153,202,10.1016/j.jpowsour.2011.07.071,TFSI,EC:0.500+DMC:0.500,weightedperm_weightedvisc,"weighted_permittivity, weighted_viscosity_mPa_s_25C",46.05,1.245,1,clustered,153,6,6,0.9448105888567919,False
154,203,10.1016/j.jpowsour.2011.07.071,TFSI,EC:0.500+DMC:0.500,weightedperm_weightedvisc,"weighted_permittivity, weighted_viscosity_mPa_s_25C",46.05,1.245,1,clustered,154,6,6,0.9448105888567919,False
155,204,10.1016/j.jpowsour.2011.07.071,TFSI,EC:0.500+DMC:0.500,weightedperm_weightedvisc,"weighted_permittivity, weighted_viscosity_mPa_s_25C",46.05,1.245,1,clustered,155,6,6,0.9448105888567919,False
156,205,10.1016/j.jpowsour.2011.07.071,TFSI,EC:0.500+DMC:0.500,weightedperm_weightedvisc,"weighted_permittivity, weighted_viscosity_mPa_s_25C",46.05,1.245,1,clustered,156,6,6,0.9448105888567919,False
157,206,10.1016/j.jpowsour.2011.07.071,TFSI,EC:0.500+DMC:0.500,weightedperm_weightedvisc,"weighted_permittivity, weighted_viscosity_mPa_s_25C",46.05,1.245,1,clustered,157,6,6,0.9448105888567919,False
158,207,10.1016/j.jpowsour.2011.07.071,TFSI,EC:0.500+DMC:0.500,weightedperm_weightedvisc,"weighted_permittivity, weighted_viscosity_mPa_s_25C",46.05,1.245,1,clustered,158,6,6,0.9448105888567919,False
159,208,10.1016/j.jpowsour.2011.07.071,TFSI,EC:0.500+DMC:0.500,weightedperm_weightedvisc,"weighted_permittivity, weighted_viscosity_mPa_s_25C",46.05,1.245,1,clustered,159,6,6,0.9448105888567919,False
160,209,10.1016/j.jpowsour.2011.07.071,TFSI,EC:0.500+DMC:0.500,weightedperm_weightedvisc,"weighted_permittivity, weighted_viscosity_mPa_s_25C",46.05,1.245,1,clustered,160,6,6,0.9448105888567919,False
161,210,10.1016/j.jpowsour.2011.07.071,TFSI,EC:0.500+DMC:0.500,weightedperm_weightedvisc,"weighted_permittivity, weighted_viscosity_mPa_s_25C",46.05,1.245,1,clustered,161,6,6,0.9448105888567919,False
162,211,10.1016/j.jpowsour.2011.07.071,TFSI,EC:0.500+DMC:0.500,weightedperm_weightedvisc,"weighted_permittivity, weighted_viscosity_mPa_s_25C",46.05,1.245,1,clustered,162,6,6,0.9448105888567919,False
163,212,10.1016/j.jpowsour.2011.07.071,TFSI,EC:0.500+DMC:0.500,weightedperm_weightedvisc,"weighted_permittivity, weighted_viscosity_mPa_s_25C",46.05,1.245,1,clustered,163,6,6,0.9448105888567919,False
164,213,10.1016/j.jpowsour.2011.07.071,TFSI,EC:0.500+DMC:0.500,weightedperm_weightedvisc,"weighted_permittivity, weighted_viscosity_mPa_s_25C",46.05,1.245,1,clustered,164,6,6,0.9448105888567919,False
165,214,10.1016/j.jpowsour.2011.07.071,TFSI,EC:0.500+DMC:0.500,weightedperm_weightedvisc,"weighted_permittivity, weighted_viscosity_mPa_s_25C",46.05,1.245,1,clustered,165,6,6,0.9448105888567919,False
166,215,10.1016/j.jpowsour.2011.07.071,TFSI,EC:0.500+DMC:0.500,weightedperm_weightedvisc,"weighted_permittivity, weighted_viscosity_mPa_s_25C",46.05,1.245,1,clustered,166,6,6,0.9448105888567919,False
167,216,10.1016/j.jpowsour.2011.07.071,TFSI,EC:0.500+DMC:0.500,weightedperm_weightedvisc,"weighted_permittivity, weighted_viscosity_mPa_s_25C",46.05,1.245,1,clustered,167,6,6,0.9448105888567919,False
168,217,10.1016/j.jpowsour.2011.07.071,TFSI,EC:0.500+DMC:0.500,weightedperm_weightedvisc,"weighted_permittivity, weighted_viscosity_mPa_s_25C",46.05,1.245,1,clustered,168,6,6,0.9448105888567919,False
169,218,10.1016/j.jpowsour.2011.07.071,TFSI,EC:0.500+DMC:0.500,weightedperm_weightedvisc,"weighted_permittivity, weighted_viscosity_mPa_s_25C",46.05,1.245,1,clustered,169,6,6,0.9448105888567919,False
170,219,10.1016/j.jpowsour.2011.07.071,TFSI,EC:0.500+DMC:0.500,weightedperm_weightedvisc,"weighted_permittivity, weighted_viscosity_mPa_s_25C",46.05,1.245,1,clustered,170,6,6,0.9448105888567919,False
171,220,10.1016/j.jpowsour.2011.07.071,TFSI,EC:0.500+DMC:0.500,weightedperm_weightedvisc,"weighted_permittivity, weighted_viscosity_mPa_s_25C",46.05,1.245,1,clustered,171,6,6,0.9448105888567919,False
172,221,10.1016/j.jpowsour.2011.07.071,TFSI,EC:0.500+DMC:0.500,weightedperm_weightedvisc,"weighted_permittivity, weighted_viscosity_mPa_s_25C",46.05,1.245,1,clustered,172,6,6,0.9448105888567919,False
173,222,10.1016/j.jpowsour.2011.07.071,TFSI,EC:0.500+DMC:0.500,weightedperm_weightedvisc,"weighted_permittivity, weighted_viscosity_mPa_s_25C",46.05,1.245,1,clustered,173,6,6,0.9448105888567919,False
174,223,10.1016/j.jpowsour.2011.07.071,TFSI,EC:0.500+DMC:0.500,weightedperm_weightedvisc,"weighted_permittivity, weighted_viscosity_mPa_s_25C",46.05,1.245,1,clustered,174,6,6,0.9448105888567919,False
175,224,10.1016/j.jpowsour.2011.07.071,TFSI,EC:0.500+DMC:0.500,weightedperm_weightedvisc,"weighted_permittivity, weighted_viscosity_mPa_s_25C",46.05,1.245,1,clustered,175,6,6,0.9448105888567919,False
176,225,10.1016/j.jpowsour.2011.07.071,TFSI,EC:0.500+DMC:0.500,weightedperm_weightedvisc,"weighted_permittivity, weighted_viscosity_mPa_s_25C",46.05,1.245,1,clustered,176,6,6,0.9448105888567919,False
177,226,10.1016/j.jpowsour.2011.07.071,TFSI,EC:0.500+DMC:0.500,weightedperm_weightedvisc,"weighted_permittivity, weighted_viscosity_mPa_s_25C",46.05,1.245,1,clustered,177,6,6,0.9448105888567919,False
178,227,10.1016/j.jpowsour.2011.07.071,TFSI,EC:0.500+DMC:0.500,weightedperm_weightedvisc,"weighted_permittivity, weighted_viscosity_mPa_s_25C",46.05,1.245,1,clustered,178,6,6,0.9448105888567919,False
179,228,10.1016/j.jpowsour.2011.07.071,TFSI,EC:0.500+DMC:0.500,weightedperm_weightedvisc,"weighted_permittivity, weighted_viscosity_mPa_s_25C",46.05,1.245,1,clustered,179,6,6,0.9448105888567919,False
180,229,10.1016/j.jpowsour.2011.07.071,TFSI,EC:0.500+DMC:0.500,weightedperm_weightedvisc,"weighted_permittivity, weighted_viscosity_mPa_s_25C",46.05,1.245,1,clustered,180,6,6,0.9448105888567919,False
181,230,10.1016/j.jpowsour.2011.07.071,TFSI,EC:0.500+DMC:0.500,weightedperm_weightedvisc,"weighted_permittivity, weighted_viscosity_mPa_s_25C",46.05,1.245,1,clustered,181,6,6,0.9448105888567919,False
182,231,10.1016/j.jpowsour.2011.07.071,TFSI,EC:0.500+DMC:0.500,weightedperm_weightedvisc,"weighted_permittivity, weighted_viscosity_mPa_s_25C",46.05,1.245,1,clustered,182,6,6,0.9448105888567919,False
183,232,10.1016/j.jpowsour.2011.07.071,TFSI,EC:0.500+DMC:0.500,weightedperm_weightedvisc,"weighted_permittivity, weighted_viscosity_mPa_s_25C",46.05,1.245,1,clustered,183,6,6,0.9448105888567919,False
184,233,10.1016/j.jpowsour.2011.07.071,TFSI,EC:0.500+DMC:0.500,weightedperm_weightedvisc,"weighted_permittivity, weighted_viscosity_mPa_s_25C",46.05,1.245,1,clustered,184,6,6,0.9448105888567919,False
185,234,10.1016/j.jpowsour.2011.07.071,TFSI,EC:0.500+DMC:0.500,weightedperm_weightedvisc,"weighted_permittivity, weighted_viscosity_mPa_s_25C",46.05,1.245,1,clustered,185,6,6,0.9448105888567919,False
186,235,10.1016/j.jpowsour.2011.07.071,TFSI,EC:0.500+DMC:0.500,weightedperm_weightedvisc,"weighted_permittivity, weighted_viscosity_mPa_s_25C",46.05,1.245,1,clustered,186,6,6,0.9448105888567919,False
187,236,10.1016/j.jpowsour.2011.07.071,TFSI,EC:0.500+DMC:0.500,weightedperm_weightedvisc,"weighted_permittivity, weighted_viscosity_mPa_s_25C",46.05,1.245,1,clustered,187,6,6,0.9448105888567919,False
188,237,10.1016/j.jpowsour.2011.07.071,TFSI,EC:0.500+DMC:0.500,weightedperm_weightedvisc,"weighted_permittivity, weighted_viscosity_mPa_s_25C",46.05,1.245,1,clustered,188,6,6,0.9448105888567919,False
189,238,10.1016/j.jpowsour.2011.07.071,TFSI,EC:0.500+DMC:0.500,weightedperm_weightedvisc,"weighted_permittivity, weighted_viscosity_mPa_s_25C",46.05,1.245,1,clustered,189,6,6,0.9448105888567919,False
190,239,10.1016/j.jpowsour.2011.07.071,TFSI,EC:0.500+DMC:0.500,weightedperm_weightedvisc,"weighted_permittivity, weighted_viscosity_mPa_s_25C",46.05,1.245,1,clustered,190,6,6,0.9448105888567919,False
191,240,10.1016/j.jpowsour.2011.07.071,TFSI,EC:0.500+DMC:0.500,weightedperm_weightedvisc,"weighted_permittivity, weighted_viscosity_mPa_s_25C",46.05,1.245,1,clustered,191,6,6,0.9448105888567919,False
192,241,10.1016/j.jpowsour.2011.07.071,TFSI,EC:0.500+DMC:0.500,weightedperm_weightedvisc,"weighted_permittivity, weighted_viscosity_mPa_s_25C",46.05,1.245,1,clustered,192,6,6,0.9448105888567919,False
193,242,10.1016/j.jpowsour.2011.07.071,TFSI,EC:0.500+DMC:0.500,weightedperm_weightedvisc,"weighted_permittivity, weighted_viscosity_mPa_s_25C",46.05,1.245,1,clustered,193,6,6,0.9448105888567919,False
194,243,10.1016/j.jpowsour.2011.07.071,TFSI,EC:0.500+DMC:0.500,weightedperm_weightedvisc,"weighted_permittivity, weighted_viscosity_mPa_s_25C",46.05,1.245,1,clustered,194,6,6,0.9448105888567919,False
195,244,10.1016/j.jpowsour.2011.07.071,TFSI,EC:0.500+DMC:0.500,weightedperm_weightedvisc,"weighted_permittivity, weighted_viscosity_mPa_s_25C",46.05,1.245,1,clustered,195,6,6,0.9448105888567919,False
196,245,10.1016/j.jpowsour.2011.07.071,TFSI,EC:0.500+DMC:0.500,weightedperm_weightedvisc,"weighted_permittivity, weighted_viscosity_mPa_s_25C",46.05,1.245,1,clustered,196,6,6,0.9448105888567919,False
197,246,10.1016/j.jpowsour.2011.07.071,TFSI,EC:0.500+DMC:0.500,weightedperm_weightedvisc,"weighted_permittivity, weighted_viscosity_mPa_s_25C",46.05,1.245,1,clustered,197,6,6,0.9448105888567919,False
198,247,10.1016/j.jpowsour.2011.07.071,TFSI,EC:0.500+DMC:0.500,weightedperm_weightedvisc,"weighted_permittivity, weighted_viscosity_mPa_s_25C",46.05,1.245,1,clustered,198,6,6,0.9448105888567919,False
199,248,10.1016/j.jpowsour.2011.07.071,TFSI,EC:0.500+DMC:0.500,weightedperm_weightedvisc,"weighted_permittivity, weighted_viscosity_mPa_s_25C",46.05,1.245,1,clustered,199,6,6,0.9448105888567919,False
200,249,10.1016/j.jpowsour.2011.07.071,TFSI,EC:0.500+DMC:0.500,weightedperm_weightedvisc,"weighted_permittivity, weighted_viscosity_mPa_s_25C",46.05,1.245,1,clustered,200,6,6,0.9448105888567919,False
201,3593,10.1149/1.1344281,TFSI,PC:1.000,weightedperm_weightedvisc,"weighted_permittivity, weighted_viscosity_mPa_s_25C",64.9,2.53,2,clustered,201,6,6,0.9448105888567919,False
202,3594,10.1149/1.1344281,TFSI,PC:1.000,weightedperm_weightedvisc,"weighted_permittivity, weighted_viscosity_mPa_s_25C",64.9,2.53,2,clustered,202,6,6,0.9448105888567919,False
203,3595,10.1149/1.1344281,TFSI,PC:1.000,weightedperm_weightedvisc,"weighted_permittivity, weighted_viscosity_mPa_s_25C",64.9,2.53,2,clustered,203,6,6,0.9448105888567919,False
204,3596,10.1149/1.1344281,TFSI,PC:1.000,weightedperm_weightedvisc,"weighted_permittivity, weighted_viscosity_mPa_s_25C",64.9,2.53,2,clustered,204,6,6,0.9448105888567919,False
205,3597,10.1149/1.1344281,TFSI,PC:1.000,weightedperm_weightedvisc,"weighted_permittivity, weighted_viscosity_mPa_s_25C",64.9,2.53,2,clustered,205,6,6,0.9448105888567919,False
206,3598,10.1149/1.1344281,TFSI,PC:1.000,weightedperm_weightedvisc,"weighted_permittivity, weighted_viscosity_mPa_s_25C",64.9,2.53,2,clustered,206,6,6,0.9448105888567919,False
207,3599,10.1149/1.1344281,TFSI,PC:1.000,weightedperm_weightedvisc,"weighted_permittivity, weighted_viscosity_mPa_s_25C",64.9,2.53,2,clustered,207,6,6,0.9448105888567919,False
208,3600,10.1149/1.1344281,TFSI,PC:1.000,weightedperm_weightedvisc,"weighted_permittivity, weighted_viscosity_mPa_s_25C",64.9,2.53,2,clustered,208,6,6,0.9448105888567919,False
209,3601,10.1149/1.1344281,TFSI,PC:1.000,weightedperm_weightedvisc,"weighted_permittivity, weighted_viscosity_mPa_s_25C",64.9,2.53,2,clustered,209,6,6,0.9448105888567919,False
210,3602,10.1149/1.1344281,TFSI,PC:1.000,weightedperm_weightedvisc,"weighted_permittivity, weighted_viscosity_mPa_s_25C",64.9,2.53,2,clustered,210,6,6,0.9448105888567919,False
211,3603,10.1149/1.1344281,TFSI,PC:1.000,weightedperm_weightedvisc,"weighted_permittivity, weighted_viscosity_mPa_s_25C",64.9,2.53,2,clustered,211,6,6,0.9448105888567919,False
212,3604,10.1149/1.1344281,TFSI,PC:1.000,weightedperm_weightedvisc,"weighted_permittivity, weighted_viscosity_mPa_s_25C",64.9,2.53,2,clustered,212,6,6,0.9448105888567919,False
213,3605,10.1149/1.1344281,TFSI,PC:1.000,weightedperm_weightedvisc,"weighted_permittivity, weighted_viscosity_mPa_s_25C",64.9,2.53,2,clustered,213,6,6,0.9448105888567919,False
214,3606,10.1149/1.1344281,TFSI,PC:1.000,weightedperm_weightedvisc,"weighted_permittivity, weighted_viscosity_mPa_s_25C",64.9,2.53,2,clustered,214,6,6,0.9448105888567919,False
215,3607,10.1149/1.1344281,TFSI,PC:1.000,weightedperm_weightedvisc,"weighted_permittivity, weighted_viscosity_mPa_s_25C",64.9,2.53,2,clustered,215,6,6,0.9448105888567919,False
216,3608,10.1149/1.1344281,TFSI,PC:1.000,weightedperm_weightedvisc,"weighted_permittivity, weighted_viscosity_mPa_s_25C",64.9,2.53,2,clustered,216,6,6,0.9448105888567919,False
217,3609,10.1149/1.1344281,TFSI,PC:1.000,weightedperm_weightedvisc,"weighted_permittivity, weighted_viscosity_mPa_s_25C",64.9,2.53,2,clustered,217,6,6,0.9448105888567919,False
218,3610,10.1149/1.1344281,TFSI,PC:1.000,weightedperm_weightedvisc,"weighted_permittivity, weighted_viscosity_mPa_s_25C",64.9,2.53,2,clustered,218,6,6,0.9448105888567919,False
219,3611,10.1149/1.1344281,TFSI,PC:1.000,weightedperm_weightedvisc,"weighted_permittivity, weighted_viscosity_mPa_s_25C",64.9,2.53,2,clustered,219,6,6,0.9448105888567919,False
220,3612,10.1149/1.1344281,TFSI,PC:1.000,weightedperm_weightedvisc,"weighted_permittivity, weighted_viscosity_mPa_s_25C",64.9,2.53,2,clustered,220,6,6,0.9448105888567919,False
221,3613,10.1149/1.1344281,TFSI,PC:1.000,weightedperm_weightedvisc,"weighted_permittivity, weighted_viscosity_mPa_s_25C",64.9,2.53,2,clustered,221,6,6,0.9448105888567919,False
222,3614,10.1149/1.1344281,TFSI,PC:1.000,weightedperm_weightedvisc,"weighted_permittivity, weighted_viscosity_mPa_s_25C",64.9,2.53,2,clustered,222,6,6,0.9448105888567919,False
223,3615,10.1149/1.1344281,TFSI,PC:1.000,weightedperm_weightedvisc,"weighted_permittivity, weighted_viscosity_mPa_s_25C",64.9,2.53,2,clustered,223,6,6,0.9448105888567919,False
224,3616,10.1149/1.1344281,TFSI,PC:1.000,weightedperm_weightedvisc,"weighted_permittivity, weighted_viscosity_mPa_s_25C",64.9,2.53,2,clustered,224,6,6,0.9448105888567919,False
225,3617,10.1149/1.1344281,TFSI,PC:1.000,weightedperm_weightedvisc,"weighted_permittivity, weighted_viscosity_mPa_s_25C",64.9,2.53,2,clustered,225,6,6,0.9448105888567919,False
226,3618,10.1149/1.1344281,TFSI,PC:1.000,weightedperm_weightedvisc,"weighted_permittivity, weighted_viscosity_mPa_s_25C",64.9,2.53,2,clustered,226,6,6,0.9448105888567919,False
227,3619,10.1149/1.1344281,TFSI,PC:1.000,weightedperm_weightedvisc,"weighted_permittivity, weighted_viscosity_mPa_s_25C",64.9,2.53,2,clustered,227,6,6,0.9448105888567919,False
228,3620,10.1149/1.1344281,TFSI,PC:1.000,weightedperm_weightedvisc,"weighted_permittivity, weighted_viscosity_mPa_s_25C",64.9,2.53,2,clustered,228,6,6,0.9448105888567919,False
229,3621,10.1149/1.1344281,TFSI,PC:1.000,weightedperm_weightedvisc,"weighted_permittivity, weighted_viscosity_mPa_s_25C",64.9,2.53,2,clustered,229,6,6,0.9448105888567919,False
230,3622,10.1149/1.1344281,TFSI,PC:1.000,weightedperm_weightedvisc,"weighted_permittivity, weighted_viscosity_mPa_s_25C",64.9,2.53,2,clustered,230,6,6,0.9448105888567919,False
231,3623,10.1149/1.1344281,TFSI,PC:1.000,weightedperm_weightedvisc,"weighted_permittivity, weighted_viscosity_mPa_s_25C",64.9,2.53,2,clustered,231,6,6,0.9448105888567919,False
232,3624,10.1149/1.1344281,TFSI,PC:1.000,weightedperm_weightedvisc,"weighted_permittivity, weighted_viscosity_mPa_s_25C",64.9,2.53,2,clustered,232,6,6,0.9448105888567919,False
233,3625,10.1149/1.1344281,TFSI,PC:1.000,weightedperm_weightedvisc,"weighted_permittivity, weighted_viscosity_mPa_s_25C",64.9,2.53,2,clustered,233,6,6,0.9448105888567919,False
234,3724,10.1149/1.1344281,ClO4,PC:1.000,weightedperm_weightedvisc,"weighted_permittivity, weighted_viscosity_mPa_s_25C",64.9,2.53,2,clustered,234,6,6,0.9448105888567919,False
235,3725,10.1149/1.1344281,ClO4,PC:1.000,weightedperm_weightedvisc,"weighted_permittivity, weighted_viscosity_mPa_s_25C",64.9,2.53,2,clustered,235,6,6,0.9448105888567919,False
236,3726,10.1149/1.1344281,ClO4,PC:1.000,weightedperm_weightedvisc,"weighted_permittivity, weighted_viscosity_mPa_s_25C",64.9,2.53,2,clustered,236,6,6,0.9448105888567919,False
237,3727,10.1149/1.1344281,ClO4,PC:1.000,weightedperm_weightedvisc,"weighted_permittivity, weighted_viscosity_mPa_s_25C",64.9,2.53,2,clustered,237,6,6,0.9448105888567919,False
238,3728,10.1149/1.1344281,ClO4,PC:1.000,weightedperm_weightedvisc,"weighted_permittivity, weighted_viscosity_mPa_s_25C",64.9,2.53,2,clustered,238,6,6,0.9448105888567919,False
239,3729,10.1149/1.1344281,ClO4,PC:1.000,weightedperm_weightedvisc,"weighted_permittivity, weighted_viscosity_mPa_s_25C",64.9,2.53,2,clustered,239,6,6,0.9448105888567919,False
240,3730,10.1149/1.1344281,ClO4,PC:1.000,weightedperm_weightedvisc,"weighted_permittivity, weighted_viscosity_mPa_s_25C",64.9,2.53,2,clustered,240,6,6,0.9448105888567919,False
241,3731,10.1149/1.1344281,ClO4,PC:1.000,weightedperm_weightedvisc,"weighted_permittivity, weighted_viscosity_mPa_s_25C",64.9,2.53,2,clustered,241,6,6,0.9448105888567919,False
242,3732,10.1149/1.1344281,ClO4,PC:1.000,weightedperm_weightedvisc,"weighted_permittivity, weighted_viscosity_mPa_s_25C",64.9,2.53,2,clustered,242,6,6,0.9448105888567919,False
243,3733,10.1149/1.1344281,ClO4,PC:1.000,weightedperm_weightedvisc,"weighted_permittivity, weighted_viscosity_mPa_s_25C",64.9,2.53,2,clustered,243,6,6,0.9448105888567919,False
244,3734,10.1149/1.1344281,ClO4,PC:1.000,weightedperm_weightedvisc,"weighted_permittivity, weighted_viscosity_mPa_s_25C",64.9,2.53,2,clustered,244,6,6,0.9448105888567919,False
245,3735,10.1149/1.1344281,ClO4,PC:1.000,weightedperm_weightedvisc,"weighted_permittivity, weighted_viscosity_mPa_s_25C",64.9,2.53,2,clustered,245,6,6,0.9448105888567919,False
246,3736,10.1149/1.1344281,ClO4,PC:1.000,weightedperm_weightedvisc,"weighted_permittivity, weighted_viscosity_mPa_s_25C",64.9,2.53,2,clustered,246,6,6,0.9448105888567919,False
247,3737,10.1149/1.1344281,ClO4,PC:1.000,weightedperm_weightedvisc,"weighted_permittivity, weighted_viscosity_mPa_s_25C",64.9,2.53,2,clustered,247,6,6,0.9448105888567919,False
248,3738,10.1149/1.1344281,ClO4,PC:1.000,weightedperm_weightedvisc,"weighted_permittivity, weighted_viscosity_mPa_s_25C",64.9,2.53,2,clustered,248,6,6,0.9448105888567919,False
249,3739,10.1149/1.1344281,ClO4,PC:1.000,weightedperm_weightedvisc,"weighted_permittivity, weighted_viscosity_mPa_s_25C",64.9,2.53,2,clustered,249,6,6,0.9448105888567919,False
250,3740,10.1149/1.1344281,ClO4,PC:1.000,weightedperm_weightedvisc,"weighted_permittivity, weighted_viscosity_mPa_s_25C",64.9,2.53,2,clustered,250,6,6,0.9448105888567919,False
251,3741,10.1149/1.1344281,ClO4,PC:1.000,weightedperm_weightedvisc,"weighted_permittivity, weighted_viscosity_mPa_s_25C",64.9,2.53,2,clustered,251,6,6,0.9448105888567919,False
252,3742,10.1149/1.1344281,ClO4,PC:1.000,weightedperm_weightedvisc,"weighted_permittivity, weighted_viscosity_mPa_s_25C",64.9,2.53,2,clustered,252,6,6,0.9448105888567919,False
253,3743,10.1149/1.1344281,ClO4,PC:1.000,weightedperm_weightedvisc,"weighted_permittivity, weighted_viscosity_mPa_s_25C",64.9,2.53,2,clustered,253,6,6,0.9448105888567919,False
254,3744,10.1149/1.1344281,ClO4,PC:1.000,weightedperm_weightedvisc,"weighted_permittivity, weighted_viscosity_mPa_s_25C",64.9,2.53,2,clustered,254,6,6,0.9448105888567919,False
255,3745,10.1149/1.1344281,ClO4,PC:1.000,weightedperm_weightedvisc,"weighted_permittivity, weighted_viscosity_mPa_s_25C",64.9,2.53,2,clustered,255,6,6,0.9448105888567919,False
256,3746,10.1149/1.1344281,ClO4,PC:1.000,weightedperm_weightedvisc,"weighted_permittivity, weighted_viscosity_mPa_s_25C",64.9,2.53,2,clustered,256,6,6,0.9448105888567919,False
257,3747,10.1149/1.1344281,ClO4,PC:1.000,weightedperm_weightedvisc,"weighted_permittivity, weighted_viscosity_mPa_s_25C",64.9,2.53,2,clustered,257,6,6,0.9448105888567919,False
258,3748,10.1149/1.1344281,ClO4,PC:1.000,weightedperm_weightedvisc,"weighted_permittivity, weighted_viscosity_mPa_s_25C",64.9,2.53,2,clustered,258,6,6,0.9448105888567919,False
259,3749,10.1149/1.1344281,ClO4,PC:1.000,weightedperm_weightedvisc,"weighted_permittivity, weighted_viscosity_mPa_s_25C",64.9,2.53,2,clustered,259,6,6,0.9448105888567919,False
260,3750,10.1149/1.1344281,ClO4,PC:1.000,weightedperm_weightedvisc,"weighted_permittivity, weighted_viscosity_mPa_s_25C",64.9,2.53,2,clustered,260,6,6,0.9448105888567919,False
261,3751,10.1149/1.1344281,ClO4,PC:1.000,weightedperm_weightedvisc,"weighted_permittivity, weighted_viscosity_mPa_s_25C",64.9,2.53,2,clustered,261,6,6,0.9448105888567919,False
262,3752,10.1149/1.1344281,ClO4,PC:1.000,weightedperm_weightedvisc,"weighted_permittivity, weighted_viscosity_mPa_s_25C",64.9,2.53,2,clustered,262,6,6,0.9448105888567919,False
263,3753,10.1149/1.1344281,ClO4,PC:1.000,weightedperm_weightedvisc,"weighted_permittivity, weighted_viscosity_mPa_s_25C",64.9,2.53,2,clustered,263,6,6,0.9448105888567919,False
264,3754,10.1149/1.1344281,ClO4,PC:1.000,weightedperm_weightedvisc,"weighted_permittivity, weighted_viscosity_mPa_s_25C",64.9,2.53,2,clustered,264,6,6,0.9448105888567919,False
265,3755,10.1149/1.1344281,ClO4,PC:1.000,weightedperm_weightedvisc,"weighted_permittivity, weighted_viscosity_mPa_s_25C",64.9,2.53,2,clustered,265,6,6,0.9448105888567919,False
266,3756,10.1149/1.1344281,ClO4,PC:1.000,weightedperm_weightedvisc,"weighted_permittivity, weighted_viscosity_mPa_s_25C",64.9,2.53,2,clustered,266,6,6,0.9448105888567919,False
267,3757,10.1149/1.1344281,ClO4,PC:1.000,weightedperm_weightedvisc,"weighted_permittivity, weighted_viscosity_mPa_s_25C",64.9,2.53,2,clustered,267,6,6,0.9448105888567919,False
268,3758,10.1149/1.1344281,ClO4,PC:1.000,weightedperm_weightedvisc,"weighted_permittivity, weighted_viscosity_mPa_s_25C",64.9,2.53,2,clustered,268,6,6,0.9448105888567919,False
269,3759,10.1149/1.1344281,ClO4,PC:1.000,weightedperm_weightedvisc,"weighted_permittivity, weighted_viscosity_mPa_s_25C",64.9,2.53,2,clustered,269,6,6,0.9448105888567919,False
270,3760,10.1149/1.1344281,ClO4,PC:1.000,weightedperm_weightedvisc,"weighted_permittivity, weighted_viscosity_mPa_s_25C",64.9,2.53,2,clustered,270,6,6,0.9448105888567919,False
271,3786,10.1149/1.1344281,ClO4,DME:1.000,weightedperm_weightedvisc,"weighted_permittivity, weighted_viscosity_mPa_s_25C",7.2,0.39,4,clustered,271,6,6,0.9448105888567919,False
272,3787,10.1149/1.1344281,ClO4,DME:1.000,weightedperm_weightedvisc,"weighted_permittivity, weighted_viscosity_mPa_s_25C",7.2,0.39,4,clustered,272,6,6,0.9448105888567919,False
273,3788,10.1149/1.1344281,ClO4,DME:1.000,weightedperm_weightedvisc,"weighted_permittivity, weighted_viscosity_mPa_s_25C",7.2,0.39,4,clustered,273,6,6,0.9448105888567919,False
274,3789,10.1149/1.1344281,ClO4,DME:1.000,weightedperm_weightedvisc,"weighted_permittivity, weighted_viscosity_mPa_s_25C",7.2,0.39,4,clustered,274,6,6,0.9448105888567919,False
275,3790,10.1149/1.1344281,ClO4,DME:1.000,weightedperm_weightedvisc,"weighted_permittivity, weighted_viscosity_mPa_s_25C",7.2,0.39,4,clustered,275,6,6,0.9448105888567919,False
276,3791,10.1149/1.1344281,ClO4,DME:1.000,weightedperm_weightedvisc,"weighted_permittivity, weighted_viscosity_mPa_s_25C",7.2,0.39,4,clustered,276,6,6,0.9448105888567919,False
277,3792,10.1149/1.1344281,ClO4,DME:1.000,weightedperm_weightedvisc,"weighted_permittivity, weighted_viscosity_mPa_s_25C",7.2,0.39,4,clustered,277,6,6,0.9448105888567919,False
278,3793,10.1149/1.1344281,ClO4,DME:1.000,weightedperm_weightedvisc,"weighted_permittivity, weighted_viscosity_mPa_s_25C",7.2,0.39,4,clustered,278,6,6,0.9448105888567919,False
279,3794,10.1149/1.1344281,ClO4,DME:1.000,weightedperm_weightedvisc,"weighted_permittivity, weighted_viscosity_mPa_s_25C",7.2,0.39,4,clustered,279,6,6,0.9448105888567919,False
280,3795,10.1149/1.1344281,ClO4,DME:1.000,weightedperm_weightedvisc,"weighted_permittivity, weighted_viscosity_mPa_s_25C",7.2,0.39,4,clustered,280,6,6,0.9448105888567919,False
281,3796,10.1149/1.1344281,ClO4,DME:1.000,weightedperm_weightedvisc,"weighted_permittivity, weighted_viscosity_mPa_s_25C",7.2,0.39,4,clustered,281,6,6,0.9448105888567919,False
282,3797,10.1149/1.1344281,ClO4,DME:1.000,weightedperm_weightedvisc,"weighted_permittivity, weighted_viscosity_mPa_s_25C",7.2,0.39,4,clustered,282,6,6,0.9448105888567919,False
283,3798,10.1149/1.1344281,ClO4,DME:1.000,weightedperm_weightedvisc,"weighted_permittivity, weighted_viscosity_mPa_s_25C",7.2,0.39,4,clustered,283,6,6,0.9448105888567919,False
284,3799,10.1149/1.1344281,ClO4,DME:1.000,weightedperm_weightedvisc,"weighted_permittivity, weighted_viscosity_mPa_s_25C",7.2,0.39,4,clustered,284,6,6,0.9448105888567919,False
285,3800,10.1149/1.1344281,ClO4,DME:1.000,weightedperm_weightedvisc,"weighted_permittivity, weighted_viscosity_mPa_s_25C",7.2,0.39,4,clustered,285,6,6,0.9448105888567919,False
286,3801,10.1149/1.1344281,ClO4,DME:1.000,weightedperm_weightedvisc,"weighted_permittivity, weighted_viscosity_mPa_s_25C",7.2,0.39,4,clustered,286,6,6,0.9448105888567919,False
287,3802,10.1149/1.1344281,ClO4,DME:1.000,weightedperm_weightedvisc,"weighted_permittivity, weighted_viscosity_mPa_s_25C",7.2,0.39,4,clustered,287,6,6,0.9448105888567919,False
288,3803,10.1149/1.1344281,ClO4,DME:1.000,weightedperm_weightedvisc,"weighted_permittivity, weighted_viscosity_mPa_s_25C",7.2,0.39,4,clustered,288,6,6,0.9448105888567919,False
289,3804,10.1149/1.1344281,ClO4,DME:1.000,weightedperm_weightedvisc,"weighted_permittivity, weighted_viscosity_mPa_s_25C",7.2,0.39,4,clustered,289,6,6,0.9448105888567919,False
290,3805,10.1149/1.1344281,ClO4,DME:1.000,weightedperm_weightedvisc,"weighted_permittivity, weighted_viscosity_mPa_s_25C",7.2,0.39,4,clustered,290,6,6,0.9448105888567919,False
291,3806,10.1149/1.1344281,ClO4,DME:1.000,weightedperm_weightedvisc,"weighted_permittivity, weighted_viscosity_mPa_s_25C",7.2,0.39,4,clustered,291,6,6,0.9448105888567919,False
292,3807,10.1149/1.1344281,ClO4,DME:1.000,weightedperm_weightedvisc,"weighted_permittivity, weighted_viscosity_mPa_s_25C",7.2,0.39,4,clustered,292,6,6,0.9448105888567919,False
293,3808,10.1149/1.1344281,ClO4,DME:1.000,weightedperm_weightedvisc,"weighted_permittivity, weighted_viscosity_mPa_s_25C",7.2,0.39,4,clustered,293,6,6,0.9448105888567919,False
294,3809,10.1149/1.1344281,ClO4,DME:1.000,weightedperm_weightedvisc,"weighted_permittivity, weighted_viscosity_mPa_s_25C",7.2,0.39,4,clustered,294,6,6,0.9448105888567919,False
295,3810,10.1149/1.1344281,ClO4,DME:1.000,weightedperm_weightedvisc,"weighted_permittivity, weighted_viscosity_mPa_s_25C",7.2,0.39,4,clustered,295,6,6,0.9448105888567919,False
296,3811,10.1149/1.1344281,ClO4,DME:1.000,weightedperm_weightedvisc,"weighted_permittivity, weighted_viscosity_mPa_s_25C",7.2,0.39,4,clustered,296,6,6,0.9448105888567919,False
297,3812,10.1149/1.1344281,ClO4,DME:1.000,weightedperm_weightedvisc,"weighted_permittivity, weighted_viscosity_mPa_s_25C",7.2,0.39,4,clustered,297,6,6,0.9448105888567919,False
298,3813,10.1149/1.1344281,TFSI,DME:1.000,weightedperm_weightedvisc,"weighted_permittivity, weighted_viscosity_mPa_s_25C",7.2,0.39,4,clustered,298,6,6,0.9448105888567919,False
299,3814,10.1149/1.1344281,TFSI,DME:1.000,weightedperm_weightedvisc,"weighted_permittivity, weighted_viscosity_mPa_s_25C",7.2,0.39,4,clustered,299,6,6,0.9448105888567919,False
300,3815,10.1149/1.1344281,TFSI,DME:1.000,weightedperm_weightedvisc,"weighted_permittivity, weighted_viscosity_mPa_s_25C",7.2,0.39,4,clustered,300,6,6,0.9448105888567919,False
301,3816,10.1149/1.1344281,TFSI,DME:1.000,weightedperm_weightedvisc,"weighted_permittivity, weighted_viscosity_mPa_s_25C",7.2,0.39,4,clustered,301,6,6,0.9448105888567919,False
302,3817,10.1149/1.1344281,TFSI,DME:1.000,weightedperm_weightedvisc,"weighted_permittivity, weighted_viscosity_mPa_s_25C",7.2,0.39,4,clustered,302,6,6,0.9448105888567919,False
303,3818,10.1149/1.1344281,TFSI,DME:1.000,weightedperm_weightedvisc,"weighted_permittivity, weighted_viscosity_mPa_s_25C",7.2,0.39,4,clustered,303,6,6,0.9448105888567919,False
304,3819,10.1149/1.1344281,TFSI,DME:1.000,weightedperm_weightedvisc,"weighted_permittivity, weighted_viscosity_mPa_s_25C",7.2,0.39,4,clustered,304,6,6,0.9448105888567919,False
305,3820,10.1149/1.1344281,TFSI,DME:1.000,weightedperm_weightedvisc,"weighted_permittivity, weighted_viscosity_mPa_s_25C",7.2,0.39,4,clustered,305,6,6,0.9448105888567919,False
306,3821,10.1149/1.1344281,TFSI,DME:1.000,weightedperm_weightedvisc,"weighted_permittivity, weighted_viscosity_mPa_s_25C",7.2,0.39,4,clustered,306,6,6,0.9448105888567919,False
307,3822,10.1149/1.1344281,TFSI,DME:1.000,weightedperm_weightedvisc,"weighted_permittivity, weighted_viscosity_mPa_s_25C",7.2,0.39,4,clustered,307,6,6,0.9448105888567919,False
308,3823,10.1149/1.1344281,TFSI,DME:1.000,weightedperm_weightedvisc,"weighted_permittivity, weighted_viscosity_mPa_s_25C",7.2,0.39,4,clustered,308,6,6,0.9448105888567919,False
309,3824,10.1149/1.1344281,TFSI,DME:1.000,weightedperm_weightedvisc,"weighted_permittivity, weighted_viscosity_mPa_s_25C",7.2,0.39,4,clustered,309,6,6,0.9448105888567919,False
310,3825,10.1149/1.1344281,TFSI,DME:1.000,weightedperm_weightedvisc,"weighted_permittivity, weighted_viscosity_mPa_s_25C",7.2,0.39,4,clustered,310,6,6,0.9448105888567919,False
311,3826,10.1149/1.1344281,TFSI,DME:1.000,weightedperm_weightedvisc,"weighted_permittivity, weighted_viscosity_mPa_s_25C",7.2,0.39,4,clustered,311,6,6,0.9448105888567919,False
312,3827,10.1149/1.1344281,TFSI,DME:1.000,weightedperm_weightedvisc,"weighted_permittivity, weighted_viscosity_mPa_s_25C",7.2,0.39,4,clustered,312,6,6,0.9448105888567919,False
313,3828,10.1149/1.1344281,TFSI,DME:1.000,weightedperm_weightedvisc,"weighted_permittivity, weighted_viscosity_mPa_s_25C",7.2,0.39,4,clustered,313,6,6,0.9448105888567919,False
314,3829,10.1149/1.1344281,TFSI,DME:1.000,weightedperm_weightedvisc,"weighted_permittivity, weighted_viscosity_mPa_s_25C",7.2,0.39,4,clustered,314,6,6,0.9448105888567919,False
315,3830,10.1149/1.1344281,TFSI,DME:1.000,weightedperm_weightedvisc,"weighted_permittivity, weighted_viscosity_mPa_s_25C",7.2,0.39,4,clustered,315,6,6,0.9448105888567919,False
316,3831,10.1149/1.1344281,TFSI,DME:1.000,weightedperm_weightedvisc,"weighted_permittivity, weighted_viscosity_mPa_s_25C",7.2,0.39,4,clustered,316,6,6,0.9448105888567919,False
317,3832,10.1149/1.1344281,TFSI,DME:1.000,weightedperm_weightedvisc,"weighted_permittivity, weighted_viscosity_mPa_s_25C",7.2,0.39,4,clustered,317,6,6,0.9448105888567919,False
318,3833,10.1149/1.1344281,TFSI,DME:1.000,weightedperm_weightedvisc,"weighted_permittivity, weighted_viscosity_mPa_s_25C",7.2,0.39,4,clustered,318,6,6,0.9448105888567919,False
319,3834,10.1149/1.1344281,TFSI,DME:1.000,weightedperm_weightedvisc,"weighted_permittivity, weighted_viscosity_mPa_s_25C",7.2,0.39,4,clustered,319,6,6,0.9448105888567919,False
320,3835,10.1149/1.1344281,TFSI,DME:1.000,weightedperm_weightedvisc,"weighted_permittivity, weighted_viscosity_mPa_s_25C",7.2,0.39,4,clustered,320,6,6,0.9448105888567919,False
321,3836,10.1149/1.1344281,TFSI,DME:1.000,weightedperm_weightedvisc,"weighted_permittivity, weighted_viscosity_mPa_s_25C",7.2,0.39,4,clustered,321,6,6,0.9448105888567919,False
322,3837,10.1149/1.1344281,TFSI,DME:1.000,weightedperm_weightedvisc,"weighted_permittivity, weighted_viscosity_mPa_s_25C",7.2,0.39,4,clustered,322,6,6,0.9448105888567919,False
323,3838,10.1149/1.1344281,TFSI,DME:1.000,weightedperm_weightedvisc,"weighted_permittivity, weighted_viscosity_mPa_s_25C",7.2,0.39,4,clustered,323,6,6,0.9448105888567919,False
324,4363,10.1149/1.1466857,PF6,EC:0.300+EMC:0.700,weightedperm_weightedvisc,"weighted_permittivity, weighted_viscosity_mPa_s_25C",28.73,1.025,3,clustered,324,6,6,0.9448105888567919,False
325,4364,10.1149/1.1466857,PF6,EC:0.300+EMC:0.700,weightedperm_weightedvisc,"weighted_permittivity, weighted_viscosity_mPa_s_25C",28.73,1.025,3,clustered,325,6,6,0.9448105888567919,False
326,4365,10.1149/1.1466857,PF6,EC:0.300+EMC:0.700,weightedperm_weightedvisc,"weighted_permittivity, weighted_viscosity_mPa_s_25C",28.73,1.025,3,clustered,326,6,6,0.9448105888567919,False
327,4366,10.1149/1.1466857,PF6,EC:0.300+EMC:0.700,weightedperm_weightedvisc,"weighted_permittivity, weighted_viscosity_mPa_s_25C",28.73,1.025,3,clustered,327,6,6,0.9448105888567919,False
328,4367,10.1149/1.1466857,PF6,EC:0.300+EMC:0.700,weightedperm_weightedvisc,"weighted_permittivity, weighted_viscosity_mPa_s_25C",28.73,1.025,3,clustered,328,6,6,0.9448105888567919,False
329,4368,10.1149/1.1466857,PF6,EC:0.300+EMC:0.700,weightedperm_weightedvisc,"weighted_permittivity, weighted_viscosity_mPa_s_25C",28.73,1.025,3,clustered,329,6,6,0.9448105888567919,False
330,4369,10.1149/1.1466857,PF6,EC:0.300+EMC:0.700,weightedperm_weightedvisc,"weighted_permittivity, weighted_viscosity_mPa_s_25C",28.73,1.025,3,clustered,330,6,6,0.9448105888567919,False
331,4370,10.1149/1.1466857,PF6,EC:0.300+EMC:0.700,weightedperm_weightedvisc,"weighted_permittivity, weighted_viscosity_mPa_s_25C",28.73,1.025,3,clustered,331,6,6,0.9448105888567919,False
332,4371,10.1149/1.1466857,PF6,EC:0.300+EMC:0.700,weightedperm_weightedvisc,"weighted_permittivity, weighted_viscosity_mPa_s_25C",28.73,1.025,3,clustered,332,6,6,0.9448105888567919,False
333,4372,10.1149/1.1466857,PF6,EC:0.300+EMC:0.700,weightedperm_weightedvisc,"weighted_permittivity, weighted_viscosity_mPa_s_25C",28.73,1.025,3,clustered,333,6,6,0.9448105888567919,False
334,4373,10.1149/1.1466857,PF6,EC:0.300+EMC:0.700,weightedperm_weightedvisc,"weighted_permittivity, weighted_viscosity_mPa_s_25C",28.73,1.025,3,clustered,334,6,6,0.9448105888567919,False
335,4374,10.1149/1.1466857,PF6,EC:0.300+EMC:0.700,weightedperm_weightedvisc,"weighted_permittivity, weighted_viscosity_mPa_s_25C",28.73,1.025,3,clustered,335,6,6,0.9448105888567919,False
336,4375,10.1149/1.1466857,BF4,EC:0.300+EMC:0.700,weightedperm_weightedvisc,"weighted_permittivity, weighted_viscosity_mPa_s_25C",28.73,1.025,3,clustered,336,6,6,0.9448105888567919,False
337,4376,10.1149/1.1466857,BF4,EC:0.300+EMC:0.700,weightedperm_weightedvisc,"weighted_permittivity, weighted_viscosity_mPa_s_25C",28.73,1.025,3,clustered,337,6,6,0.9448105888567919,False
338,4377,10.1149/1.1466857,BF4,EC:0.300+EMC:0.700,weightedperm_weightedvisc,"weighted_permittivity, weighted_viscosity_mPa_s_25C",28.73,1.025,3,clustered,338,6,6,0.9448105888567919,False
339,4378,10.1149/1.1466857,BF4,EC:0.300+EMC:0.700,weightedperm_weightedvisc,"weighted_permittivity, weighted_viscosity_mPa_s_25C",28.73,1.025,3,clustered,339,6,6,0.9448105888567919,False
340,4379,10.1149/1.1466857,BF4,EC:0.300+EMC:0.700,weightedperm_weightedvisc,"weighted_permittivity, weighted_viscosity_mPa_s_25C",28.73,1.025,3,clustered,340,6,6,0.9448105888567919,False
341,4380,10.1149/1.1466857,BF4,EC:0.300+EMC:0.700,weightedperm_weightedvisc,"weighted_permittivity, weighted_viscosity_mPa_s_25C",28.73,1.025,3,clustered,341,6,6,0.9448105888567919,False
342,4381,10.1149/1.1466857,BF4,EC:0.300+EMC:0.700,weightedperm_weightedvisc,"weighted_permittivity, weighted_viscosity_mPa_s_25C",28.73,1.025,3,clustered,342,6,6,0.9448105888567919,False
343,4382,10.1149/1.1466857,BF4,EC:0.300+EMC:0.700,weightedperm_weightedvisc,"weighted_permittivity, weighted_viscosity_mPa_s_25C",28.73,1.025,3,clustered,343,6,6,0.9448105888567919,False
344,4383,10.1149/1.1466857,BF4,EC:0.300+EMC:0.700,weightedperm_weightedvisc,"weighted_permittivity, weighted_viscosity_mPa_s_25C",28.73,1.025,3,clustered,344,6,6,0.9448105888567919,False
345,4384,10.1149/1.1466857,BF4,EC:0.300+EMC:0.700,weightedperm_weightedvisc,"weighted_permittivity, weighted_viscosity_mPa_s_25C",28.73,1.025,3,clustered,345,6,6,0.9448105888567919,False
346,4385,10.1149/1.1466857,BF4,EC:0.300+EMC:0.700,weightedperm_weightedvisc,"weighted_permittivity, weighted_viscosity_mPa_s_25C",28.73,1.025,3,clustered,346,6,6,0.9448105888567919,False
347,4386,10.1149/1.1466857,BF4,EC:0.300+EMC:0.700,weightedperm_weightedvisc,"weighted_permittivity, weighted_viscosity_mPa_s_25C",28.73,1.025,3,clustered,347,6,6,0.9448105888567919,False
348,10873,10.1149/1.1872737,PF6,EC:0.270+PC:0.100+DMC:0.630,weightedperm_weightedvisc,"weighted_permittivity, weighted_viscosity_mPa_s_25C",32.473,1.1377,3,clustered,348,6,6,0.9448105888567919,False
349,10874,10.1149/1.1872737,PF6,EC:0.270+PC:0.100+DMC:0.630,weightedperm_weightedvisc,"weighted_permittivity, weighted_viscosity_mPa_s_25C",32.473,1.1377,3,clustered,349,6,6,0.9448105888567919,False
350,10875,10.1149/1.1872737,PF6,EC:0.270+PC:0.100+DMC:0.630,weightedperm_weightedvisc,"weighted_permittivity, weighted_viscosity_mPa_s_25C",32.473,1.1377,3,clustered,350,6,6,0.9448105888567919,False
351,10877,10.1149/1.1872737,PF6,EC:0.270+PC:0.100+DMC:0.630,weightedperm_weightedvisc,"weighted_permittivity, weighted_viscosity_mPa_s_25C",32.473,1.1377,3,clustered,351,6,6,0.9448105888567919,False
352,10878,10.1149/1.1872737,PF6,EC:0.270+PC:0.100+DMC:0.630,weightedperm_weightedvisc,"weighted_permittivity, weighted_viscosity_mPa_s_25C",32.473,1.1377,3,clustered,352,6,6,0.9448105888567919,False
353,10881,10.1149/1.1872737,PF6,EC:0.270+PC:0.100+DMC:0.630,weightedperm_weightedvisc,"weighted_permittivity, weighted_viscosity_mPa_s_25C",32.473,1.1377,3,clustered,353,6,6,0.9448105888567919,False
354,10884,10.1149/1.1872737,PF6,EC:0.270+PC:0.100+DMC:0.630,weightedperm_weightedvisc,"weighted_permittivity, weighted_viscosity_mPa_s_25C",32.473,1.1377,3,clustered,354,6,6,0.9448105888567919,False
355,10885,10.1149/1.1872737,PF6,EC:0.270+PC:0.100+DMC:0.630,weightedperm_weightedvisc,"weighted_permittivity, weighted_viscosity_mPa_s_25C",32.473,1.1377,3,clustered,355,6,6,0.9448105888567919,False
356,10886,10.1149/1.1872737,PF6,EC:0.270+PC:0.100+DMC:0.630,weightedperm_weightedvisc,"weighted_permittivity, weighted_viscosity_mPa_s_25C",32.473,1.1377,3,clustered,356,6,6,0.9448105888567919,False
357,10887,10.1149/1.1872737,PF6,EC:0.270+PC:0.100+DMC:0.630,weightedperm_weightedvisc,"weighted_permittivity, weighted_viscosity_mPa_s_25C",32.473,1.1377,3,clustered,357,6,6,0.9448105888567919,False
358,10888,10.1149/1.1872737,PF6,EC:0.270+PC:0.100+DMC:0.630,weightedperm_weightedvisc,"weighted_permittivity, weighted_viscosity_mPa_s_25C",32.473,1.1377,3,clustered,358,6,6,0.9448105888567919,False
359,10889,10.1149/1.1872737,PF6,EC:0.270+PC:0.100+DMC:0.630,weightedperm_weightedvisc,"weighted_permittivity, weighted_viscosity_mPa_s_25C",32.473,1.1377,3,clustered,359,6,6,0.9448105888567919,False
360,10891,10.1149/1.1872737,PF6,EC:0.270+PC:0.100+DMC:0.630,weightedperm_weightedvisc,"weighted_permittivity, weighted_viscosity_mPa_s_25C",32.473,1.1377,3,clustered,360,6,6,0.9448105888567919,False
361,10893,10.1149/1.1872737,PF6,EC:0.270+PC:0.100+DMC:0.630,weightedperm_weightedvisc,"weighted_permittivity, weighted_viscosity_mPa_s_25C",32.473,1.1377,3,clustered,361,6,6,0.9448105888567919,False
362,10894,10.1149/1.1872737,PF6,EC:0.270+PC:0.100+DMC:0.630,weightedperm_weightedvisc,"weighted_permittivity, weighted_viscosity_mPa_s_25C",32.473,1.1377,3,clustered,362,6,6,0.9448105888567919,False
363,10895,10.1149/1.1872737,PF6,EC:0.270+PC:0.100+DMC:0.630,weightedperm_weightedvisc,"weighted_permittivity, weighted_viscosity_mPa_s_25C",32.473,1.1377,3,clustered,363,6,6,0.9448105888567919,False
364,10897,10.1149/1.1872737,PF6,EC:0.270+PC:0.100+DMC:0.630,weightedperm_weightedvisc,"weighted_permittivity, weighted_viscosity_mPa_s_25C",32.473,1.1377,3,clustered,364,6,6,0.9448105888567919,False
365,10899,10.1149/1.1872737,PF6,EC:0.270+PC:0.100+DMC:0.630,weightedperm_weightedvisc,"weighted_permittivity, weighted_viscosity_mPa_s_25C",32.473,1.1377,3,clustered,365,6,6,0.9448105888567919,False
366,10900,10.1149/1.1872737,PF6,EC:0.270+PC:0.100+DMC:0.630,weightedperm_weightedvisc,"weighted_permittivity, weighted_viscosity_mPa_s_25C",32.473,1.1377,3,clustered,366,6,6,0.9448105888567919,False
367,10901,10.1149/1.1872737,PF6,EC:0.270+PC:0.100+DMC:0.630,weightedperm_weightedvisc,"weighted_permittivity, weighted_viscosity_mPa_s_25C",32.473,1.1377,3,clustered,367,6,6,0.9448105888567919,False
368,10902,10.1149/1.1872737,PF6,EC:0.270+PC:0.100+DMC:0.630,weightedperm_weightedvisc,"weighted_permittivity, weighted_viscosity_mPa_s_25C",32.473,1.1377,3,clustered,368,6,6,0.9448105888567919,False
369,10903,10.1149/1.1872737,PF6,EC:0.270+PC:0.100+DMC:0.630,weightedperm_weightedvisc,"weighted_permittivity, weighted_viscosity_mPa_s_25C",32.473,1.1377,3,clustered,369,6,6,0.9448105888567919,False
370,11883,10.1149/2.0571912jes,PF6,EC:0.500+DMC:0.500,weightedperm_weightedvisc,"weighted_permittivity, weighted_viscosity_mPa_s_25C",46.05,1.245,1,clustered,370,6,6,0.9448105888567919,False
371,11884,10.1149/2.0571912jes,PF6,EC:0.500+DMC:0.500,weightedperm_weightedvisc,"weighted_permittivity, weighted_viscosity_mPa_s_25C",46.05,1.245,1,clustered,371,6,6,0.9448105888567919,False
372,11885,10.1149/2.0571912jes,PF6,EC:0.500+DMC:0.500,weightedperm_weightedvisc,"weighted_permittivity, weighted_viscosity_mPa_s_25C",46.05,1.245,1,clustered,372,6,6,0.9448105888567919,False
373,11886,10.1149/2.0571912jes,PF6,EC:0.500+DMC:0.500,weightedperm_weightedvisc,"weighted_permittivity, weighted_viscosity_mPa_s_25C",46.05,1.245,1,clustered,373,6,6,0.9448105888567919,False
374,11887,10.1149/2.0571912jes,PF6,EC:0.500+DMC:0.500,weightedperm_weightedvisc,"weighted_permittivity, weighted_viscosity_mPa_s_25C",46.05,1.245,1,clustered,374,6,6,0.9448105888567919,False
375,11888,10.1149/2.0571912jes,PF6,EC:0.500+DMC:0.500,weightedperm_weightedvisc,"weighted_permittivity, weighted_viscosity_mPa_s_25C",46.05,1.245,1,clustered,375,6,6,0.9448105888567919,False
376,11889,10.1149/2.0571912jes,PF6,EC:0.500+DMC:0.500,weightedperm_weightedvisc,"weighted_permittivity, weighted_viscosity_mPa_s_25C",46.05,1.245,1,clustered,376,6,6,0.9448105888567919,False
377,11890,10.1149/2.0571912jes,PF6,EC:0.500+DMC:0.500,weightedperm_weightedvisc,"weighted_permittivity, weighted_viscosity_mPa_s_25C",46.05,1.245,1,clustered,377,6,6,0.9448105888567919,False
378,11891,10.1149/2.0571912jes,PF6,EC:0.500+DMC:0.500,weightedperm_weightedvisc,"weighted_permittivity, weighted_viscosity_mPa_s_25C",46.05,1.245,1,clustered,378,6,6,0.9448105888567919,False
379,11892,10.1149/2.0571912jes,PF6,EC:0.500+DMC:0.500,weightedperm_weightedvisc,"weighted_permittivity, weighted_viscosity_mPa_s_25C",46.05,1.245,1,clustered,379,6,6,0.9448105888567919,False
380,11893,10.1149/2.0571912jes,PF6,EC:0.500+DMC:0.500,weightedperm_weightedvisc,"weighted_permittivity, weighted_viscosity_mPa_s_25C",46.05,1.245,1,clustered,380,6,6,0.9448105888567919,False
381,11894,10.1149/2.0571912jes,PF6,EC:0.500+DMC:0.500,weightedperm_weightedvisc,"weighted_permittivity, weighted_viscosity_mPa_s_25C",46.05,1.245,1,clustered,381,6,6,0.9448105888567919,False
382,11895,10.1149/2.0571912jes,PF6,EC:0.500+DMC:0.500,weightedperm_weightedvisc,"weighted_permittivity, weighted_viscosity_mPa_s_25C",46.05,1.245,1,clustered,382,6,6,0.9448105888567919,False
383,11896,10.1149/2.0571912jes,PF6,EC:0.500+DMC:0.500,weightedperm_weightedvisc,"weighted_permittivity, weighted_viscosity_mPa_s_25C",46.05,1.245,1,clustered,383,6,6,0.9448105888567919,False
384,11897,10.1149/2.0571912jes,PF6,EC:0.500+DMC:0.500,weightedperm_weightedvisc,"weighted_permittivity, weighted_viscosity_mPa_s_25C",46.05,1.245,1,clustered,384,6,6,0.9448105888567919,False
385,11898,10.1149/2.0571912jes,PF6,EC:0.500+DMC:0.500,weightedperm_weightedvisc,"weighted_permittivity, weighted_viscosity_mPa_s_25C",46.05,1.245,1,clustered,385,6,6,0.9448105888567919,False
386,11899,10.1149/2.0571912jes,PF6,EC:0.500+DMC:0.500,weightedperm_weightedvisc,"weighted_permittivity, weighted_viscosity_mPa_s_25C",46.05,1.245,1,clustered,386,6,6,0.9448105888567919,False
387,11900,10.1149/2.0571912jes,PF6,EC:0.500+DMC:0.500,weightedperm_weightedvisc,"weighted_permittivity, weighted_viscosity_mPa_s_25C",46.05,1.245,1,clustered,387,6,6,0.9448105888567919,False
388,11901,10.1149/2.0571912jes,PF6,EC:0.500+DMC:0.500,weightedperm_weightedvisc,"weighted_permittivity, weighted_viscosity_mPa_s_25C",46.05,1.245,1,clustered,388,6,6,0.9448105888567919,False
389,11902,10.1149/2.0571912jes,PF6,EC:0.500+DMC:0.500,weightedperm_weightedvisc,"weighted_permittivity, weighted_viscosity_mPa_s_25C",46.05,1.245,1,clustered,389,6,6,0.9448105888567919,False
390,11903,10.1149/2.0571912jes,PF6,EC:0.500+DMC:0.500,weightedperm_weightedvisc,"weighted_permittivity, weighted_viscosity_mPa_s_25C",46.05,1.245,1,clustered,390,6,6,0.9448105888567919,False
391,11904,10.1149/2.0571912jes,PF6,EC:0.500+DMC:0.500,weightedperm_weightedvisc,"weighted_permittivity, weighted_viscosity_mPa_s_25C",46.05,1.245,1,clustered,391,6,6,0.9448105888567919,False
392,11905,10.1149/2.0571912jes,PF6,EC:0.500+DMC:0.500,weightedperm_weightedvisc,"weighted_permittivity, weighted_viscosity_mPa_s_25C",46.05,1.245,1,clustered,392,6,6,0.9448105888567919,False
393,11906,10.1149/2.0571912jes,PF6,EC:0.500+DMC:0.500,weightedperm_weightedvisc,"weighted_permittivity, weighted_viscosity_mPa_s_25C",46.05,1.245,1,clustered,393,6,6,0.9448105888567919,False
394,11907,10.1149/2.0571912jes,PF6,EC:0.500+DMC:0.500,weightedperm_weightedvisc,"weighted_permittivity, weighted_viscosity_mPa_s_25C",46.05,1.245,1,clustered,394,6,6,0.9448105888567919,False
395,11908,10.1149/2.0571912jes,PF6,EC:0.500+DMC:0.500,weightedperm_weightedvisc,"weighted_permittivity, weighted_viscosity_mPa_s_25C",46.05,1.245,1,clustered,395,6,6,0.9448105888567919,False
396,11909,10.1149/2.0571912jes,PF6,EC:0.500+DMC:0.500,weightedperm_weightedvisc,"weighted_permittivity, weighted_viscosity_mPa_s_25C",46.05,1.245,1,clustered,396,6,6,0.9448105888567919,False
397,11910,10.1149/2.0571912jes,PF6,EC:0.500+DMC:0.500,weightedperm_weightedvisc,"weighted_permittivity, weighted_viscosity_mPa_s_25C",46.05,1.245,1,clustered,397,6,6,0.9448105888567919,False
398,11911,10.1149/2.0571912jes,PF6,EC:0.500+DMC:0.500,weightedperm_weightedvisc,"weighted_permittivity, weighted_viscosity_mPa_s_25C",46.05,1.245,1,clustered,398,6,6,0.9448105888567919,False
399,11912,10.1149/2.0571912jes,PF6,EC:0.500+DMC:0.500,weightedperm_weightedvisc,"weighted_permittivity, weighted_viscosity_mPa_s_25C",46.05,1.245,1,clustered,399,6,6,0.9448105888567919,False
400,11913,10.1149/2.0571912jes,PF6,EC:0.500+DMC:0.500,weightedperm_weightedvisc,"weighted_permittivity, weighted_viscosity_mPa_s_25C",46.05,1.245,1,clustered,400,6,6,0.9448105888567919,False
401,11914,10.1149/2.0571912jes,PF6,EC:0.500+DMC:0.500,weightedperm_weightedvisc,"weighted_permittivity, weighted_viscosity_mPa_s_25C",46.05,1.245,1,clustered,401,6,6,0.9448105888567919,False
402,11915,10.1149/2.0571912jes,PF6,EC:0.500+DMC:0.500,weightedperm_weightedvisc,"weighted_permittivity, weighted_viscosity_mPa_s_25C",46.05,1.245,1,clustered,402,6,6,0.9448105888567919,False
403,11916,10.1149/2.0571912jes,PF6,EC:0.500+DMC:0.500,weightedperm_weightedvisc,"weighted_permittivity, weighted_viscosity_mPa_s_25C",46.05,1.245,1,clustered,403,6,6,0.9448105888567919,False
404,11917,10.1149/2.0571912jes,PF6,EC:0.500+DMC:0.500,weightedperm_weightedvisc,"weighted_permittivity, weighted_viscosity_mPa_s_25C",46.05,1.245,1,clustered,404,6,6,0.9448105888567919,False
405,11918,10.1149/2.0571912jes,PF6,EC:0.300+EMC:0.700,weightedperm_weightedvisc,"weighted_permittivity, weighted_viscosity_mPa_s_25C",28.73,1.025,3,clustered,405,6,6,0.9448105888567919,False
406,11919,10.1149/2.0571912jes,PF6,EC:0.300+EMC:0.700,weightedperm_weightedvisc,"weighted_permittivity, weighted_viscosity_mPa_s_25C",28.73,1.025,3,clustered,406,6,6,0.9448105888567919,False
407,11920,10.1149/2.0571912jes,PF6,EC:0.300+EMC:0.700,weightedperm_weightedvisc,"weighted_permittivity, weighted_viscosity_mPa_s_25C",28.73,1.025,3,clustered,407,6,6,0.9448105888567919,False
408,11921,10.1149/2.0571912jes,PF6,EC:0.300+EMC:0.700,weightedperm_weightedvisc,"weighted_permittivity, weighted_viscosity_mPa_s_25C",28.73,1.025,3,clustered,408,6,6,0.9448105888567919,False
409,11922,10.1149/2.0571912jes,PF6,EC:0.300+EMC:0.700,weightedperm_weightedvisc,"weighted_permittivity, weighted_viscosity_mPa_s_25C",28.73,1.025,3,clustered,409,6,6,0.9448105888567919,False
410,11923,10.1149/2.0571912jes,PF6,EC:0.300+EMC:0.700,weightedperm_weightedvisc,"weighted_permittivity, weighted_viscosity_mPa_s_25C",28.73,1.025,3,clustered,410,6,6,0.9448105888567919,False
411,11924,10.1149/2.0571912jes,PF6,EC:0.300+EMC:0.700,weightedperm_weightedvisc,"weighted_permittivity, weighted_viscosity_mPa_s_25C",28.73,1.025,3,clustered,411,6,6,0.9448105888567919,False
412,11925,10.1149/2.0571912jes,PF6,EC:0.300+EMC:0.700,weightedperm_weightedvisc,"weighted_permittivity, weighted_viscosity_mPa_s_25C",28.73,1.025,3,clustered,412,6,6,0.9448105888567919,False
413,11926,10.1149/2.0571912jes,PF6,EC:0.300+EMC:0.700,weightedperm_weightedvisc,"weighted_permittivity, weighted_viscosity_mPa_s_25C",28.73,1.025,3,clustered,413,6,6,0.9448105888567919,False
414,11927,10.1149/2.0571912jes,PF6,EC:0.300+EMC:0.700,weightedperm_weightedvisc,"weighted_permittivity, weighted_viscosity_mPa_s_25C",28.73,1.025,3,clustered,414,6,6,0.9448105888567919,False
415,11928,10.1149/2.0571912jes,PF6,EC:0.300+EMC:0.700,weightedperm_weightedvisc,"weighted_permittivity, weighted_viscosity_mPa_s_25C",28.73,1.025,3,clustered,415,6,6,0.9448105888567919,False
416,11929,10.1149/2.0571912jes,PF6,EC:0.300+EMC:0.700,weightedperm_weightedvisc,"weighted_permittivity, weighted_viscosity_mPa_s_25C",28.73,1.025,3,clustered,416,6,6,0.9448105888567919,False
417,11930,10.1149/2.0571912jes,PF6,EC:0.300+EMC:0.700,weightedperm_weightedvisc,"weighted_permittivity, weighted_viscosity_mPa_s_25C",28.73,1.025,3,clustered,417,6,6,0.9448105888567919,False
418,11931,10.1149/2.0571912jes,PF6,EC:0.300+EMC:0.700,weightedperm_weightedvisc,"weighted_permittivity, weighted_viscosity_mPa_s_25C",28.73,1.025,3,clustered,418,6,6,0.9448105888567919,False
419,11932,10.1149/2.0571912jes,PF6,EC:0.300+EMC:0.700,weightedperm_weightedvisc,"weighted_permittivity, weighted_viscosity_mPa_s_25C",28.73,1.025,3,clustered,419,6,6,0.9448105888567919,False
420,11933,10.1149/2.0571912jes,PF6,EC:0.300+EMC:0.700,weightedperm_weightedvisc,"weighted_permittivity, weighted_viscosity_mPa_s_25C",28.73,1.025,3,clustered,420,6,6,0.9448105888567919,False
421,11934,10.1149/2.0571912jes,PF6,EC:0.300+EMC:0.700,weightedperm_weightedvisc,"weighted_permittivity, weighted_viscosity_mPa_s_25C",28.73,1.025,3,clustered,421,6,6,0.9448105888567919,False
422,11935,10.1149/2.0571912jes,PF6,EC:0.300+EMC:0.700,weightedperm_weightedvisc,"weighted_permittivity, weighted_viscosity_mPa_s_25C",28.73,1.025,3,clustered,422,6,6,0.9448105888567919,False
423,11936,10.1149/2.0571912jes,PF6,EC:0.300+EMC:0.700,weightedperm_weightedvisc,"weighted_permittivity, weighted_viscosity_mPa_s_25C",28.73,1.025,3,clustered,423,6,6,0.9448105888567919,False
424,11937,10.1149/2.0571912jes,PF6,EC:0.300+EMC:0.700,weightedperm_weightedvisc,"weighted_permittivity, weighted_viscosity_mPa_s_25C",28.73,1.025,3,clustered,424,6,6,0.9448105888567919,False
425,11938,10.1149/2.0571912jes,PF6,EC:0.300+EMC:0.700,weightedperm_weightedvisc,"weighted_permittivity, weighted_viscosity_mPa_s_25C",28.73,1.025,3,clustered,425,6,6,0.9448105888567919,False
426,11939,10.1149/2.0571912jes,PF6,EC:0.300+EMC:0.700,weightedperm_weightedvisc,"weighted_permittivity, weighted_viscosity_mPa_s_25C",28.73,1.025,3,clustered,426,6,6,0.9448105888567919,False
427,11940,10.1149/2.0571912jes,PF6,EC:0.300+EMC:0.700,weightedperm_weightedvisc,"weighted_permittivity, weighted_viscosity_mPa_s_25C",28.73,1.025,3,clustered,427,6,6,0.9448105888567919,False
428,11941,10.1149/2.0571912jes,PF6,EC:0.300+EMC:0.700,weightedperm_weightedvisc,"weighted_permittivity, weighted_viscosity_mPa_s_25C",28.73,1.025,3,clustered,428,6,6,0.9448105888567919,False
429,11942,10.1149/2.0571912jes,PF6,EC:0.300+EMC:0.700,weightedperm_weightedvisc,"weighted_permittivity, weighted_viscosity_mPa_s_25C",28.73,1.025,3,clustered,429,6,6,0.9448105888567919,False
430,11943,10.1149/2.0571912jes,PF6,EC:0.300+EMC:0.700,weightedperm_weightedvisc,"weighted_permittivity, weighted_viscosity_mPa_s_25C",28.73,1.025,3,clustered,430,6,6,0.9448105888567919,False
431,11944,10.1149/2.0571912jes,PF6,EC:0.300+EMC:0.700,weightedperm_weightedvisc,"weighted_permittivity, weighted_viscosity_mPa_s_25C",28.73,1.025,3,clustered,431,6,6,0.9448105888567919,False
432,11945,10.1149/2.0571912jes,PF6,EC:0.300+EMC:0.700,weightedperm_weightedvisc,"weighted_permittivity, weighted_viscosity_mPa_s_25C",28.73,1.025,3,clustered,432,6,6,0.9448105888567919,False
433,11946,10.1149/2.0571912jes,PF6,EC:0.300+EMC:0.700,weightedperm_weightedvisc,"weighted_permittivity, weighted_viscosity_mPa_s_25C",28.73,1.025,3,clustered,433,6,6,0.9448105888567919,False
434,11947,10.1149/2.0571912jes,PF6,EC:0.300+EMC:0.700,weightedperm_weightedvisc,"weighted_permittivity, weighted_viscosity_mPa_s_25C",28.73,1.025,3,clustered,434,6,6,0.9448105888567919,False
435,11948,10.1149/2.0571912jes,PF6,EC:0.300+EMC:0.700,weightedperm_weightedvisc,"weighted_permittivity, weighted_viscosity_mPa_s_25C",28.73,1.025,3,clustered,435,6,6,0.9448105888567919,False
436,11949,10.1149/2.0571912jes,PF6,EC:0.300+EMC:0.700,weightedperm_weightedvisc,"weighted_permittivity, weighted_viscosity_mPa_s_25C",28.73,1.025,3,clustered,436,6,6,0.9448105888567919,False
437,11950,10.1149/2.0571912jes,PF6,EC:0.300+EMC:0.700,weightedperm_weightedvisc,"weighted_permittivity, weighted_viscosity_mPa_s_25C",28.73,1.025,3,clustered,437,6,6,0.9448105888567919,False
438,11951,10.1149/2.0571912jes,PF6,EC:0.300+EMC:0.700,weightedperm_weightedvisc,"weighted_permittivity, weighted_viscosity_mPa_s_25C",28.73,1.025,3,clustered,438,6,6,0.9448105888567919,False
439,11952,10.1149/2.0571912jes,PF6,EC:0.300+EMC:0.700,weightedperm_weightedvisc,"weighted_permittivity, weighted_viscosity_mPa_s_25C",28.73,1.025,3,clustered,439,6,6,0.9448105888567919,False
440,11953,10.1149/2.0571912jes,PF6,EC:0.300+EMC:0.700,weightedperm_weightedvisc,"weighted_permittivity, weighted_viscosity_mPa_s_25C",28.73,1.025,3,clustered,440,6,6,0.9448105888567919,False
441,11954,10.1149/2.0571912jes,PF6,EC:0.300+EMC:0.700,weightedperm_weightedvisc,"weighted_permittivity, weighted_viscosity_mPa_s_25C",28.73,1.025,3,clustered,441,6,6,0.9448105888567919,False
442,11955,10.1149/2.0571912jes,PF6,EC:0.300+EMC:0.700,weightedperm_weightedvisc,"weighted_permittivity, weighted_viscosity_mPa_s_25C",28.73,1.025,3,clustered,442,6,6,0.9448105888567919,False
443,11956,10.1149/2.0571912jes,PF6,EC:0.300+EMC:0.700,weightedperm_weightedvisc,"weighted_permittivity, weighted_viscosity_mPa_s_25C",28.73,1.025,3,clustered,443,6,6,0.9448105888567919,False
444,11957,10.1149/2.0571912jes,PF6,EC:0.300+EMC:0.700,weightedperm_weightedvisc,"weighted_permittivity, weighted_viscosity_mPa_s_25C",28.73,1.025,3,clustered,444,6,6,0.9448105888567919,False
445,11958,10.1149/2.0571912jes,PF6,EC:0.300+EMC:0.700,weightedperm_weightedvisc,"weighted_permittivity, weighted_viscosity_mPa_s_25C",28.73,1.025,3,clustered,445,6,6,0.9448105888567919,False
446,11959,10.1149/2.0571912jes,PF6,EC:0.300+EMC:0.700,weightedperm_weightedvisc,"weighted_permittivity, weighted_viscosity_mPa_s_25C",28.73,1.025,3,clustered,446,6,6,0.9448105888567919,False
447,12002,10.1149/2.0641503jes,PF6,EC:0.500+DEC:0.500,weightedperm_weightedvisc,"weighted_permittivity, weighted_viscosity_mPa_s_25C",45.9,1.255,1,clustered,447,6,6,0.9448105888567919,False
448,12003,10.1149/2.0641503jes,PF6,EC:0.500+DEC:0.500,weightedperm_weightedvisc,"weighted_permittivity, weighted_viscosity_mPa_s_25C",45.9,1.255,1,clustered,448,6,6,0.9448105888567919,False
449,12004,10.1149/2.0641503jes,PF6,EC:0.500+DEC:0.500,weightedperm_weightedvisc,"weighted_permittivity, weighted_viscosity_mPa_s_25C",45.9,1.255,1,clustered,449,6,6,0.9448105888567919,False
450,12005,10.1149/2.0641503jes,PF6,EC:0.500+DEC:0.500,weightedperm_weightedvisc,"weighted_permittivity, weighted_viscosity_mPa_s_25C",45.9,1.255,1,clustered,450,6,6,0.9448105888567919,False
451,12006,10.1149/2.0641503jes,PF6,EC:0.500+DEC:0.500,weightedperm_weightedvisc,"weighted_permittivity, weighted_viscosity_mPa_s_25C",45.9,1.255,1,clustered,451,6,6,0.9448105888567919,False
452,12007,10.1149/2.0641503jes,PF6,EC:0.500+DEC:0.500,weightedperm_weightedvisc,"weighted_permittivity, weighted_viscosity_mPa_s_25C",45.9,1.255,1,clustered,452,6,6,0.9448105888567919,False
453,12008,10.1149/2.0641503jes,PF6,EC:0.500+DEC:0.500,weightedperm_weightedvisc,"weighted_permittivity, weighted_viscosity_mPa_s_25C",45.9,1.255,1,clustered,453,6,6,0.9448105888567919,False
454,12009,10.1149/2.0641503jes,PF6,EC:0.500+DEC:0.500,weightedperm_weightedvisc,"weighted_permittivity, weighted_viscosity_mPa_s_25C",45.9,1.255,1,clustered,454,6,6,0.9448105888567919,False
455,12010,10.1149/2.0641503jes,PF6,EC:0.500+DEC:0.500,weightedperm_weightedvisc,"weighted_permittivity, weighted_viscosity_mPa_s_25C",45.9,1.255,1,clustered,455,6,6,0.9448105888567919,False
456,12011,10.1149/2.0641503jes,PF6,EC:0.500+DEC:0.500,weightedperm_weightedvisc,"weighted_permittivity, weighted_viscosity_mPa_s_25C",45.9,1.255,1,clustered,456,6,6,0.9448105888567919,False
457,12012,10.1149/2.0641503jes,PF6,EC:0.500+DEC:0.500,weightedperm_weightedvisc,"weighted_permittivity, weighted_viscosity_mPa_s_25C",45.9,1.255,1,clustered,457,6,6,0.9448105888567919,False
458,12013,10.1149/2.0641503jes,PF6,EC:0.500+DEC:0.500,weightedperm_weightedvisc,"weighted_permittivity, weighted_viscosity_mPa_s_25C",45.9,1.255,1,clustered,458,6,6,0.9448105888567919,False
459,12014,10.1149/2.0641503jes,PF6,EC:0.500+DEC:0.500,weightedperm_weightedvisc,"weighted_permittivity, weighted_viscosity_mPa_s_25C",45.9,1.255,1,clustered,459,6,6,0.9448105888567919,False
460,12015,10.1149/2.0641503jes,PF6,EC:0.500+DEC:0.500,weightedperm_weightedvisc,"weighted_permittivity, weighted_viscosity_mPa_s_25C",45.9,1.255,1,clustered,460,6,6,0.9448105888567919,False
461,12016,10.1149/2.0641503jes,PF6,EC:0.500+DEC:0.500,weightedperm_weightedvisc,"weighted_permittivity, weighted_viscosity_mPa_s_25C",45.9,1.255,1,clustered,461,6,6,0.9448105888567919,False
462,13615,10.1016/0378-7753(91)80004-H,PF6,EC:0.150+PC:0.850,weightedperm_weightedvisc,"weighted_permittivity, weighted_viscosity_mPa_s_25C",68.515,2.4355,2,clustered,462,6,6,0.9448105888567919,False
463,13616,10.1016/0378-7753(91)80004-H,PF6,EC:0.500+PC:0.500,weightedperm_weightedvisc,"weighted_permittivity, weighted_viscosity_mPa_s_25C",76.95,2.215,5,clustered,463,6,6,0.9448105888567919,False
464,13618,10.1016/0378-7753(91)80004-H,PF6,EC:0.150+PC:0.850,weightedperm_weightedvisc,"weighted_permittivity, weighted_viscosity_mPa_s_25C",68.515,2.4355,2,clustered,464,6,6,0.9448105888567919,False
465,13619,10.1016/0378-7753(91)80004-H,PF6,EC:0.500+PC:0.500,weightedperm_weightedvisc,"weighted_permittivity, weighted_viscosity_mPa_s_25C",76.95,2.215,5,clustered,465,6,6,0.9448105888567919,False
466,13621,10.1016/0378-7753(91)80004-H,PF6,EC:0.150+PC:0.850,weightedperm_weightedvisc,"weighted_permittivity, weighted_viscosity_mPa_s_25C",68.515,2.4355,2,clustered,466,6,6,0.9448105888567919,False
467,13622,10.1016/0378-7753(91)80004-H,PF6,EC:0.500+PC:0.500,weightedperm_weightedvisc,"weighted_permittivity, weighted_viscosity_mPa_s_25C",76.95,2.215,5,clustered,467,6,6,0.9448105888567919,False
468,13624,10.1016/0378-7753(91)80004-H,PF6,EC:0.150+PC:0.850,weightedperm_weightedvisc,"weighted_permittivity, weighted_viscosity_mPa_s_25C",68.515,2.4355,2,clustered,468,6,6,0.9448105888567919,False
469,13625,10.1016/0378-7753(91)80004-H,PF6,EC:0.500+PC:0.500,weightedperm_weightedvisc,"weighted_permittivity, weighted_viscosity_mPa_s_25C",76.95,2.215,5,clustered,469,6,6,0.9448105888567919,False
470,13627,10.1016/0378-7753(91)80004-H,PF6,EC:0.150+PC:0.850,weightedperm_weightedvisc,"weighted_permittivity, weighted_viscosity_mPa_s_25C",68.515,2.4355,2,clustered,470,6,6,0.9448105888567919,False
471,13628,10.1016/0378-7753(91)80004-H,PF6,EC:0.500+PC:0.500,weightedperm_weightedvisc,"weighted_permittivity, weighted_viscosity_mPa_s_25C",76.95,2.215,5,clustered,471,6,6,0.9448105888567919,False
472,13630,10.1016/0378-7753(91)80004-H,PF6,EC:0.150+PC:0.850,weightedperm_weightedvisc,"weighted_permittivity, weighted_viscosity_mPa_s_25C",68.515,2.4355,2,clustered,472,6,6,0.9448105888567919,False
473,13631,10.1016/0378-7753(91)80004-H,PF6,EC:0.500+PC:0.500,weightedperm_weightedvisc,"weighted_permittivity, weighted_viscosity_mPa_s_25C",76.95,2.215,5,clustered,473,6,6,0.9448105888567919,False
474,13633,10.1016/0378-7753(91)80004-H,PF6,EC:0.150+PC:0.850,weightedperm_weightedvisc,"weighted_permittivity, weighted_viscosity_mPa_s_25C",68.515,2.4355,2,clustered,474,6,6,0.9448105888567919,False
475,13634,10.1016/0378-7753(91)80004-H,PF6,EC:0.500+PC:0.500,weightedperm_weightedvisc,"weighted_permittivity, weighted_viscosity_mPa_s_25C",76.95,2.215,5,clustered,475,6,6,0.9448105888567919,False
476,13636,10.1016/0378-7753(91)80004-H,PF6,EC:0.150+PC:0.850,weightedperm_weightedvisc,"weighted_permittivity, weighted_viscosity_mPa_s_25C",68.515,2.4355,2,clustered,476,6,6,0.9448105888567919,False
477,13637,10.1016/0378-7753(91)80004-H,PF6,EC:0.500+PC:0.500,weightedperm_weightedvisc,"weighted_permittivity, weighted_viscosity_mPa_s_25C",76.95,2.215,5,clustered,477,6,6,0.9448105888567919,False
478,13639,10.1016/0378-7753(91)80004-H,PF6,EC:0.150+PC:0.850,weightedperm_weightedvisc,"weighted_permittivity, weighted_viscosity_mPa_s_25C",68.515,2.4355,2,clustered,478,6,6,0.9448105888567919,False
479,13640,10.1016/0378-7753(91)80004-H,PF6,EC:0.500+PC:0.500,weightedperm_weightedvisc,"weighted_permittivity, weighted_viscosity_mPa_s_25C",76.95,2.215,5,clustered,479,6,6,0.9448105888567919,False
480,13642,10.1016/0378-7753(91)80004-H,PF6,EC:0.150+PC:0.850,weightedperm_weightedvisc,"weighted_permittivity, weighted_viscosity_mPa_s_25C",68.515,2.4355,2,clustered,480,6,6,0.9448105888567919,False
481,13643,10.1016/0378-7753(91)80004-H,PF6,EC:0.500+PC:0.500,weightedperm_weightedvisc,"weighted_permittivity, weighted_viscosity_mPa_s_25C",76.95,2.215,5,clustered,481,6,6,0.9448105888567919,False
482,13645,10.1016/0378-7753(91)80004-H,PF6,EC:0.150+PC:0.850,weightedperm_weightedvisc,"weighted_permittivity, weighted_viscosity_mPa_s_25C",68.515,2.4355,2,clustered,482,6,6,0.9448105888567919,False
483,13646,10.1016/0378-7753(91)80004-H,PF6,EC:0.500+PC:0.500,weightedperm_weightedvisc,"weighted_permittivity, weighted_viscosity_mPa_s_25C",76.95,2.215,5,clustered,483,6,6,0.9448105888567919,False
484,13793,10.1016/0378-7753(91)80004-H,BF4,EC:0.500+PC:0.500,weightedperm_weightedvisc,"weighted_permittivity, weighted_viscosity_mPa_s_25C",76.95,2.215,5,clustered,484,6,6,0.9448105888567919,False
485,13796,10.1016/0378-7753(91)80004-H,BF4,EC:0.500+PC:0.500,weightedperm_weightedvisc,"weighted_permittivity, weighted_viscosity_mPa_s_25C",76.95,2.215,5,clustered,485,6,6,0.9448105888567919,False
486,13799,10.1016/0378-7753(91)80004-H,BF4,EC:0.500+PC:0.500,weightedperm_weightedvisc,"weighted_permittivity, weighted_viscosity_mPa_s_25C",76.95,2.215,5,clustered,486,6,6,0.9448105888567919,False
487,13802,10.1016/0378-7753(91)80004-H,BF4,EC:0.500+PC:0.500,weightedperm_weightedvisc,"weighted_permittivity, weighted_viscosity_mPa_s_25C",76.95,2.215,5,clustered,487,6,6,0.9448105888567919,False
488,13805,10.1016/0378-7753(91)80004-H,BF4,EC:0.500+PC:0.500,weightedperm_weightedvisc,"weighted_permittivity, weighted_viscosity_mPa_s_25C",76.95,2.215,5,clustered,488,6,6,0.9448105888567919,False
489,13808,10.1016/0378-7753(91)80004-H,BF4,EC:0.500+PC:0.500,weightedperm_weightedvisc,"weighted_permittivity, weighted_viscosity_mPa_s_25C",76.95,2.215,5,clustered,489,6,6,0.9448105888567919,False
490,13811,10.1016/0378-7753(91)80004-H,BF4,EC:0.500+PC:0.500,weightedperm_weightedvisc,"weighted_permittivity, weighted_viscosity_mPa_s_25C",76.95,2.215,5,clustered,490,6,6,0.9448105888567919,False
491,13814,10.1016/0378-7753(91)80004-H,BF4,EC:0.500+PC:0.500,weightedperm_weightedvisc,"weighted_permittivity, weighted_viscosity_mPa_s_25C",76.95,2.215,5,clustered,491,6,6,0.9448105888567919,False
492,13817,10.1016/0378-7753(91)80004-H,BF4,EC:0.500+PC:0.500,weightedperm_weightedvisc,"weighted_permittivity, weighted_viscosity_mPa_s_25C",76.95,2.215,5,clustered,492,6,6,0.9448105888567919,False
493,13820,10.1016/0378-7753(91)80004-H,BF4,EC:0.500+PC:0.500,weightedperm_weightedvisc,"weighted_permittivity, weighted_viscosity_mPa_s_25C",76.95,2.215,5,clustered,493,6,6,0.9448105888567919,False
494,13823,10.1016/0378-7753(91)80004-H,BF4,EC:0.500+PC:0.500,weightedperm_weightedvisc,"weighted_permittivity, weighted_viscosity_mPa_s_25C",76.95,2.215,5,clustered,494,6,6,0.9448105888567919,False
