original_row_index,doi,anion_name,composition_summary,cluster_id,conductivity,best_predicted_conductivity_ms_cm,best_abs_error_ms_cm,q_scale_opt,weighted_permittivity,weighted_viscosity_mpa_s_25c,salt_conc_x_weighted_permittivity,salt_conc_x_weighted_viscosity,temperature,anion_tfsi
106,10.1016/j.jpowsour.2011.06.030,PF6,EC:0.500+DMC:0.500,1,3.307854125,3.3381274871353197,0.030273362135319726,0.8,46.05,1.245,46.05,1.245,253.4239726,0
107,10.1016/j.jpowsour.2011.06.030,PF6,EC:0.500+DMC:0.500,1,4.071672861,4.001795062921328,0.06987779807867156,0.7,46.05,1.245,46.05,1.245,258.3554795,0
108,10.1016/j.jpowsour.2011.06.030,PF6,EC:0.500+DMC:0.500,1,4.838902914,4.244080221679584,0.5948226923204158,0.7,46.05,1.245,46.05,1.245,263.2869863,0
109,10.1016/j.jpowsour.2011.06.030,PF6,EC:0.500+DMC:0.500,1,5.818420512,4.736361431412955,1.0820590805870456,0.7,46.05,1.245,46.05,1.245,268.2184932,0
110,10.1016/j.jpowsour.2011.06.030,PF6,EC:0.500+DMC:0.500,1,6.715351084,5.227175861843264,1.4881752221567357,0.7,46.05,1.245,46.05,1.245,273.15,0
111,10.1016/j.jpowsour.2011.06.030,PF6,EC:0.500+DMC:0.500,1,7.705930369,5.766686212125698,1.9392441568743015,0.7,46.05,1.245,46.05,1.245,278.2184932,0
112,10.1016/j.jpowsour.2011.06.030,PF6,EC:0.500+DMC:0.500,1,8.7903169,6.429824577831504,2.360492322168496,0.7,46.05,1.245,46.05,1.245,283.15,0
113,10.1016/j.jpowsour.2011.06.030,PF6,EC:0.500+DMC:0.500,1,9.795252881,6.875180435391672,2.9200724456083273,0.7,46.05,1.245,46.05,1.245,288.0815068,0
114,10.1016/j.jpowsour.2011.06.030,PF6,EC:0.500+DMC:0.500,1,10.91507623,7.545534877756228,3.3695413522437727,0.7,46.05,1.245,46.05,1.245,293.0130137,0
115,10.1016/j.jpowsour.2011.06.030,PF6,EC:0.500+DMC:0.500,1,12.09193518,8.206688249916558,3.885246930083442,0.7,46.05,1.245,46.05,1.245,297.9445205,0
116,10.1016/j.jpowsour.2011.06.030,PF6,EC:0.500+DMC:0.500,1,13.31856972,8.725590428753687,4.592979291246312,0.7,46.05,1.245,46.05,1.245,303.0130137,0
117,10.1016/j.jpowsour.2011.06.030,PF6,EC:0.500+DMC:0.500,1,15.68921029,9.589620572160833,6.099589717839168,0.7,46.05,1.245,46.05,1.245,312.8760274,0
118,10.1016/j.jpowsour.2011.06.030,PF6,EC:0.500+DMC:0.500,1,16.97859662,9.99058765361072,6.98800896638928,0.7,46.05,1.245,46.05,1.245,317.8075342,0
124,10.1016/j.jpowsour.2011.07.071,TFSI,EC:0.500+DMC:0.500,1,9.313333333,8.27542622537812,1.03790710762188,0.7,46.05,1.245,46.05,1.245,298.0,1
125,10.1016/j.jpowsour.2011.07.071,TFSI,EC:0.600+DMC:0.400,1,9.093333333,8.095600459759606,0.9977328732403947,0.7,54.64,1.376,54.64,1.376,298.0,1
130,10.1016/j.jpowsour.2011.07.071,PF6,EC:0.500+DMC:0.500,1,5.037117229,4.086040379433952,0.9510768495660473,0.7,46.05,1.245,46.05,1.245,260.9124652,0
131,10.1016/j.jpowsour.2011.07.071,PF6,EC:0.500+DMC:0.500,1,5.194092174,4.122105040351622,1.0719871336483777,0.7,46.05,1.245,46.05,1.245,261.6795546,0
132,10.1016/j.jpowsour.2011.07.071,PF6,EC:0.500+DMC:0.500,1,5.247448191,4.1550863813185055,1.0923618096814947,0.7,46.05,1.245,46.05,1.245,262.1373337,0
133,10.1016/j.jpowsour.2011.07.071,PF6,EC:0.500+DMC:0.500,1,5.353386947,4.199006817828012,1.1543801291719875,0.7,46.05,1.245,46.05,1.245,262.90133,0
134,10.1016/j.jpowsour.2011.07.071,PF6,EC:0.500+DMC:0.500,1,5.457005877,4.213180991994209,1.2438248850057914,0.7,46.05,1.245,46.05,1.245,263.2106403,0
135,10.1016/j.jpowsour.2011.07.071,PF6,EC:0.500+DMC:0.500,1,5.615527374,4.320146383715105,1.2953809902848947,0.7,46.05,1.245,46.05,1.245,264.2808537,0
136,10.1016/j.jpowsour.2011.07.071,PF6,EC:0.500+DMC:0.500,1,5.77250232,4.433433348119727,1.3390689718802733,0.7,46.05,1.245,46.05,1.245,265.0479431,0
137,10.1016/j.jpowsour.2011.07.071,PF6,EC:0.500+DMC:0.500,1,6.033096195,4.511075508836642,1.5220206861633576,0.7,46.05,1.245,46.05,1.245,266.1243427,0
138,10.1016/j.jpowsour.2011.07.071,PF6,EC:0.500+DMC:0.500,1,6.143674606,4.677259848297203,1.4664147577027968,0.7,46.05,1.245,46.05,1.245,267.7977111,0
139,10.1016/j.jpowsour.2011.07.071,PF6,EC:0.500+DMC:0.500,1,6.196257346,4.716915776504702,1.4793415694952987,0.7,46.05,1.245,46.05,1.245,268.1039282,0
140,10.1016/j.jpowsour.2011.07.071,PF6,EC:0.500+DMC:0.500,1,6.405041757,4.791365765680636,1.6136759913193641,0.7,46.05,1.245,46.05,1.245,269.0256727,0
141,10.1016/j.jpowsour.2011.07.071,PF6,EC:0.500+DMC:0.500,1,6.562789978,4.834941180230926,1.7278487977690737,0.7,46.05,1.245,46.05,1.245,269.9443242,0
142,10.1016/j.jpowsour.2011.07.071,PF6,EC:0.500+DMC:0.500,1,6.670275286,4.964874231607302,1.7054010543926976,0.7,46.05,1.245,46.05,1.245,271.0114445,0
143,10.1016/j.jpowsour.2011.07.071,PF6,EC:0.500+DMC:0.500,1,6.880606248,5.1531909873189905,1.7274152606810098,0.7,46.05,1.245,46.05,1.245,272.236313,0
144,10.1016/j.jpowsour.2011.07.071,PF6,EC:0.500+DMC:0.500,1,6.98731828,5.227175861843264,1.760142418156736,0.7,46.05,1.245,46.05,1.245,273.1518713,0
145,10.1016/j.jpowsour.2011.07.071,PF6,EC:0.500+DMC:0.500,1,7.039127745,5.250432158086853,1.7886955869131471,0.7,46.05,1.245,46.05,1.245,273.3065264,0
146,10.1016/j.jpowsour.2011.07.071,PF6,EC:0.500+DMC:0.500,1,7.091710486,5.293425451369545,1.7982850346304549,0.7,46.05,1.245,46.05,1.245,273.6127436,0
147,10.1016/j.jpowsour.2011.07.071,PF6,EC:0.500+DMC:0.500,1,7.302041448,5.4550241827529,1.8470172652471,0.7,46.05,1.245,46.05,1.245,274.8376121,0
148,10.1016/j.jpowsour.2011.07.071,PF6,EC:0.500+DMC:0.500,1,7.455150015,5.4550241827529,2.0001258322471003,0.7,46.05,1.245,46.05,1.245,274.8468914,0
149,10.1016/j.jpowsour.2011.07.071,PF6,EC:0.500+DMC:0.500,1,7.508506032,5.510584754083919,1.997921277916081,0.7,46.05,1.245,46.05,1.245,275.3046706,0
150,10.1016/j.jpowsour.2011.07.071,PF6,EC:0.500+DMC:0.500,1,7.667800804,5.6346863247337655,2.033114479266234,0.7,46.05,1.245,46.05,1.245,276.526446,0
151,10.1016/j.jpowsour.2011.07.071,PF6,EC:0.500+DMC:0.500,1,7.772966285,5.6661075108257535,2.1068587741742464,0.7,46.05,1.245,46.05,1.245,277.1388803,0
152,10.1016/j.jpowsour.2011.07.071,PF6,EC:0.500+DMC:0.500,1,7.982523972,5.766686212125698,2.2158377598743018,0.7,46.05,1.245,46.05,1.245,278.2121868,0
153,10.1016/j.jpowsour.2011.07.071,PF6,EC:0.500+DMC:0.500,1,8.242344572,5.926613797629942,2.315730774370058,0.7,46.05,1.245,46.05,1.245,279.1370244,0
154,10.1016/j.jpowsour.2011.07.071,PF6,EC:0.500+DMC:0.500,1,8.501391896,6.033491717205496,2.467900178794504,0.7,46.05,1.245,46.05,1.245,279.9103,0
155,10.1016/j.jpowsour.2011.07.071,PF6,EC:0.500+DMC:0.500,1,8.813795237,6.2028459956013124,2.6109492413986883,0.7,46.05,1.245,46.05,1.245,281.1413548,0
156,10.1016/j.jpowsour.2011.07.071,PF6,EC:0.500+DMC:0.500,1,8.92205382,6.3500244179648835,2.572029402035117,0.7,46.05,1.245,46.05,1.245,282.3600371,0
157,10.1016/j.jpowsour.2011.07.071,PF6,EC:0.500+DMC:0.500,1,9.07825549,6.39611779520967,2.68213769479033,0.7,46.05,1.245,46.05,1.245,282.9755645,0
158,10.1016/j.jpowsour.2011.07.071,PF6,EC:0.500+DMC:0.500,1,9.182647696,6.446165504930305,2.736482191069695,0.7,46.05,1.245,46.05,1.245,283.4364367,0
159,10.1016/j.jpowsour.2011.07.071,PF6,EC:0.500+DMC:0.500,1,9.341169193,6.554497083130202,2.786672109869799,0.7,46.05,1.245,46.05,1.245,284.5066502,0
160,10.1016/j.jpowsour.2011.07.071,PF6,EC:0.500+DMC:0.500,1,9.500463965,6.626128670727896,2.874335294272104,0.7,46.05,1.245,46.05,1.245,285.7284256,0
161,10.1016/j.jpowsour.2011.07.071,PF6,EC:0.500+DMC:0.500,1,9.658985462,6.729671898040699,2.929313563959301,0.7,46.05,1.245,46.05,1.245,286.798639,0
162,10.1016/j.jpowsour.2011.07.071,PF6,EC:0.500+DMC:0.500,1,9.612588927,6.789522564146431,2.8230663628535684,0.7,46.05,1.245,46.05,1.245,287.704918,0
163,10.1016/j.jpowsour.2011.07.071,PF6,EC:0.500+DMC:0.500,1,9.821373337,6.94975725345717,2.871616083542831,0.7,46.05,1.245,46.05,1.245,288.6266625,0
164,10.1016/j.jpowsour.2011.07.071,PF6,EC:0.500+DMC:0.500,1,9.976028457,7.003353625140826,2.972674831859174,0.7,46.05,1.245,46.05,1.245,288.9390659,0
165,10.1016/j.jpowsour.2011.07.071,PF6,EC:0.500+DMC:0.500,1,10.1299103,7.036365911791991,3.0935443882080094,0.7,46.05,1.245,46.05,1.245,289.0999072,0
166,10.1016/j.jpowsour.2011.07.071,PF6,EC:0.500+DMC:0.500,1,10.28456542,7.06890656533738,3.21565885466262,0.7,46.05,1.245,46.05,1.245,289.4123105,0
167,10.1016/j.jpowsour.2011.07.071,PF6,EC:0.500+DMC:0.500,1,10.33792144,7.15479202642847,3.183129413571531,0.7,46.05,1.245,46.05,1.245,289.8700897,0
168,10.1016/j.jpowsour.2011.07.071,PF6,EC:0.500+DMC:0.500,1,10.2915249,7.244795046086218,3.0467298539137824,0.7,46.05,1.245,46.05,1.245,290.7763687,0
169,10.1016/j.jpowsour.2011.07.071,PF6,EC:0.500+DMC:0.500,1,10.39978348,7.41218685745045,2.9875966225495496,0.7,46.05,1.245,46.05,1.245,291.995051,0
170,10.1016/j.jpowsour.2011.07.071,PF6,EC:0.500+DMC:0.500,1,10.55907826,7.561205951890643,2.997872308109357,0.7,46.05,1.245,46.05,1.245,293.2168265,0
171,10.1016/j.jpowsour.2011.07.071,PF6,EC:0.500+DMC:0.500,1,10.66269719,7.575470787663848,3.0872264023361513,0.7,46.05,1.245,46.05,1.245,293.5261367,0
172,10.1016/j.jpowsour.2011.07.071,PF6,EC:0.500+DMC:0.500,1,10.82044541,7.75744434379859,3.0630010662014096,0.7,46.05,1.245,46.05,1.245,294.4447881,0
173,10.1016/j.jpowsour.2011.07.071,PF6,EC:0.500+DMC:0.500,1,11.03077637,7.915461313640553,3.1153150563594467,0.7,46.05,1.245,46.05,1.245,295.6696567,0
174,10.1016/j.jpowsour.2011.07.071,PF6,EC:0.500+DMC:0.500,1,11.24188061,8.090504407756564,3.151376202243437,0.7,46.05,1.245,46.05,1.245,297.0460872,0
175,10.1016/j.jpowsour.2011.07.071,PF6,EC:0.500+DMC:0.500,1,11.40426848,8.2638652582879,3.1404032217121003,0.7,46.05,1.245,46.05,1.245,298.8741107,0
176,10.1016/j.jpowsour.2011.07.071,PF6,EC:0.500+DMC:0.500,1,12.03448809,8.649450476708655,3.3850376132913453,0.7,46.05,1.245,46.05,1.245,302.3971543,0
177,10.1016/j.jpowsour.2011.07.071,PF6,EC:0.500+DMC:0.500,1,13.49520569,9.243472173156636,4.251733516843364,0.7,46.05,1.245,46.05,1.245,308.6978039,0
178,10.1016/j.jpowsour.2011.07.071,PF6,EC:0.500+DMC:0.500,1,14.12387875,9.565091731443,4.558787018557,0.7,46.05,1.245,46.05,1.245,311.9177235,0
179,10.1016/j.jpowsour.2011.07.071,PF6,EC:0.500+DMC:0.500,1,14.59480359,9.75714216191145,4.83766142808855,0.7,46.05,1.245,46.05,1.245,314.2189916,0
180,10.1016/j.jpowsour.2011.07.071,PF6,EC:0.500+DMC:0.500,1,15.06418187,9.907654241589222,5.156527628410778,0.7,46.05,1.245,46.05,1.245,316.2171358,0
181,10.1016/j.jpowsour.2011.07.071,PF6,EC:0.500+DMC:0.500,1,15.38045159,10.059959121383889,5.320492468616111,0.7,46.05,1.245,46.05,1.245,318.2060006,0
182,10.1016/j.jpowsour.2011.07.071,PF6,EC:0.500+DMC:0.500,1,15.85137643,10.246699106051636,5.604677323948364,0.7,46.05,1.245,46.05,1.245,320.5072688,0
183,10.1016/j.jpowsour.2011.07.071,PF6,EC:0.500+DMC:0.500,1,16.90303124,11.473188370307735,5.429842869692266,0.7,46.05,1.245,46.05,1.245,326.6316115,0
184,10.1016/j.jpowsour.2011.07.071,PF6,EC:0.500+DMC:0.500,1,17.68171976,12.123226724056437,5.558493035943563,0.7,46.05,1.245,46.05,1.245,329.2545623,0
185,10.1016/j.jpowsour.2011.07.071,PF6,EC:0.500+DMC:0.500,1,18.36452212,13.250869584593932,5.113652535406068,0.7,46.05,1.245,46.05,1.245,333.0838231,0
186,10.1016/j.jpowsour.2011.07.071,PF6,EC:0.500+DMC:0.500,1,18.89189607,14.731903667055443,4.1599924029445585,0.7,46.05,1.245,46.05,1.245,336.4491185,0
187,10.1016/j.jpowsour.2011.07.071,PF6,EC:0.500+DMC:0.500,1,19.67445097,16.021443781896284,3.6530071881037145,0.7,46.05,1.245,46.05,1.245,339.8298794,0
188,10.1016/j.jpowsour.2011.07.071,PF6,EC:0.500+DMC:0.500,1,20.20027838,17.455456714288598,2.7448216657114024,0.7,46.05,1.245,46.05,1.245,342.8920507,0
189,10.1016/j.jpowsour.2011.07.071,PF6,EC:0.500+DMC:0.500,1,20.82817816,19.87224802834453,0.9559301316554709,0.7,46.05,1.245,46.05,1.245,345.9604083,0
190,10.1016/j.jpowsour.2011.07.071,PF6,EC:0.500+DMC:0.500,1,21.40194865,21.55887978735702,0.15693113735702013,0.75,46.05,1.245,46.05,1.245,348.4194247,0
191,10.1016/j.jpowsour.2011.07.071,PF6,EC:0.500+DMC:0.500,1,21.92932261,23.309941505816127,1.3806188958161272,0.9,46.05,1.245,46.05,1.245,351.7847201,0
192,10.1016/j.jpowsour.2011.07.071,PF6,EC:0.500+DMC:0.500,1,22.55335602,25.711951221618683,3.1585952016186845,0.8,46.05,1.245,46.05,1.245,354.0952676,0
193,10.1016/j.jpowsour.2011.07.071,TFSI,EC:0.500+DMC:0.500,1,3.379987628,3.287122536139193,0.09286509186080671,0.85,46.05,1.245,46.05,1.245,256.1150634,1
194,10.1016/j.jpowsour.2011.07.071,TFSI,EC:0.500+DMC:0.500,1,3.48669966,3.3230153394768562,0.16368432052314397,0.85,46.05,1.245,46.05,1.245,257.0306217,1
195,10.1016/j.jpowsour.2011.07.071,TFSI,EC:0.500+DMC:0.500,1,3.543148778,3.338910214009054,0.2042385639909461,0.85,46.05,1.245,46.05,1.245,258.0946489,1
196,10.1016/j.jpowsour.2011.07.071,TFSI,EC:0.500+DMC:0.500,1,3.598824621,3.37719061456857,0.22163400643142994,0.85,46.05,1.245,46.05,1.245,259.0071141,1
197,10.1016/j.jpowsour.2011.07.071,TFSI,EC:0.500+DMC:0.500,1,3.603464275,3.408540190540888,0.19492408445911202,0.85,46.05,1.245,46.05,1.245,259.9164862,1
198,10.1016/j.jpowsour.2011.07.071,TFSI,EC:0.500+DMC:0.500,1,3.712496134,3.9943123573686514,0.28181622336865164,0.8,46.05,1.245,46.05,1.245,261.2867306,1
199,10.1016/j.jpowsour.2011.07.071,TFSI,EC:0.500+DMC:0.500,1,3.718682338,3.4479135091201987,0.27076882887980114,0.85,46.05,1.245,46.05,1.245,262.4992267,1
200,10.1016/j.jpowsour.2011.07.071,TFSI,EC:0.500+DMC:0.500,1,3.774358181,3.489207875551096,0.2851503054489042,0.85,46.05,1.245,46.05,1.245,263.4116919,1
201,10.1016/j.jpowsour.2011.07.071,TFSI,EC:0.500+DMC:0.500,1,3.778224559,3.529727532194699,0.24849702680530106,0.85,46.05,1.245,46.05,1.245,264.169502,1
202,10.1016/j.jpowsour.2011.07.071,TFSI,EC:0.500+DMC:0.500,1,3.884163316,3.596170013358815,0.28799330264118517,0.85,46.05,1.245,46.05,1.245,264.9334983,1
203,10.1016/j.jpowsour.2011.07.071,TFSI,EC:0.500+DMC:0.500,1,4.041911537,4.348392354324815,0.30648081732481547,0.8,46.05,1.245,46.05,1.245,265.8521497,1
204,10.1016/j.jpowsour.2011.07.071,TFSI,EC:0.500+DMC:0.500,1,4.20120631,4.482429407968951,0.28122309796895095,0.8,46.05,1.245,46.05,1.245,267.0739251,1
205,10.1016/j.jpowsour.2011.07.071,TFSI,EC:0.500+DMC:0.500,1,4.20816579,4.609224130382432,0.3838359542141916,0.8,46.05,1.245,46.05,1.245,268.4379833,1
206,10.1016/j.jpowsour.2011.07.071,TFSI,EC:0.500+DMC:0.500,1,4.215125271,3.8692718138230537,0.34585345717694604,0.85,46.05,1.245,46.05,1.245,269.8020414,1
207,10.1016/j.jpowsour.2011.07.071,TFSI,EC:0.500+DMC:0.500,1,4.323383854,3.971923024768558,0.35146082923144206,0.85,46.05,1.245,46.05,1.245,271.0207238,1
208,10.1016/j.jpowsour.2011.07.071,TFSI,EC:0.500+DMC:0.500,1,4.531394989,4.906937151272803,0.37554216227280346,0.8,46.05,1.245,46.05,1.245,271.7909063,1
209,10.1016/j.jpowsour.2011.07.071,TFSI,EC:0.500+DMC:0.500,1,4.739406124,5.013789537644656,0.2743834136446557,0.8,46.05,1.245,46.05,1.245,272.5610888,1
210,10.1016/j.jpowsour.2011.07.071,TFSI,EC:0.500+DMC:0.500,1,4.94741726,5.082925013214888,0.13550775321488828,0.8,46.05,1.245,46.05,1.245,273.3312713,1
211,10.1016/j.jpowsour.2011.07.071,TFSI,EC:0.500+DMC:0.500,1,4.95437674,5.261900509964069,0.30752376996406916,0.8,46.05,1.245,46.05,1.245,274.6953294,1
212,10.1016/j.jpowsour.2011.07.071,TFSI,EC:0.500+DMC:0.500,1,5.010052583,5.361133134609226,0.35108055160922547,0.8,46.05,1.245,46.05,1.245,275.6077946,1
213,10.1016/j.jpowsour.2011.07.071,TFSI,EC:0.500+DMC:0.500,1,5.119857717,5.473505690888089,0.3536479738880889,0.8,46.05,1.245,46.05,1.245,277.129601,1
214,10.1016/j.jpowsour.2011.07.071,TFSI,EC:0.500+DMC:0.500,1,5.276059388,5.535041376761372,0.2589819887613718,0.8,46.05,1.245,46.05,1.245,277.7451284,1
215,10.1016/j.jpowsour.2011.07.071,TFSI,EC:0.500+DMC:0.500,1,5.43535416,5.657047979053122,0.22169381905312147,0.8,46.05,1.245,46.05,1.245,278.9669038,1
216,10.1016/j.jpowsour.2011.07.071,TFSI,EC:0.500+DMC:0.500,1,5.647231673,5.851616480204475,0.20438480720447494,0.8,46.05,1.245,46.05,1.245,280.4948964,1
217,10.1016/j.jpowsour.2011.07.071,TFSI,EC:0.500+DMC:0.500,1,5.856016084,5.97767399921891,0.12165791521890945,0.8,46.05,1.245,46.05,1.245,281.4166409,1
218,10.1016/j.jpowsour.2011.07.071,TFSI,EC:0.500+DMC:0.500,1,5.910918651,6.058527400875192,0.14760874987519212,0.8,46.05,1.245,46.05,1.245,282.1775441,1
219,10.1016/j.jpowsour.2011.07.071,TFSI,EC:0.500+DMC:0.500,1,6.170739251,6.150915521041021,0.019823729958978298,0.8,46.05,1.245,46.05,1.245,283.1023817,1
220,10.1016/j.jpowsour.2011.07.071,TFSI,EC:0.500+DMC:0.500,1,6.484689143,6.562388520651361,0.07769937765136081,0.75,46.05,1.245,46.05,1.245,284.6365605,1
221,10.1016/j.jpowsour.2011.07.071,TFSI,EC:0.500+DMC:0.500,1,6.596040829,6.723629805579846,0.12758897657984658,0.75,46.05,1.245,46.05,1.245,286.4614909,1
222,10.1016/j.jpowsour.2011.07.071,TFSI,EC:0.500+DMC:0.500,1,7.065419115,7.067269326491992,0.0018502114919920487,0.7,46.05,1.245,46.05,1.245,288.459635,1
223,10.1016/j.jpowsour.2011.07.071,TFSI,EC:0.500+DMC:0.500,1,7.226260439,7.285835342588496,0.05957490358849604,0.7,46.05,1.245,46.05,1.245,289.9845345,1
224,10.1016/j.jpowsour.2011.07.071,TFSI,EC:0.500+DMC:0.500,1,7.696412001,7.577308321868081,0.11910367913191866,0.7,46.05,1.245,46.05,1.245,292.1342406,1
225,10.1016/j.jpowsour.2011.07.071,TFSI,EC:0.500+DMC:0.500,1,8.064491185,7.833263077584013,0.23122810741598698,0.7,46.05,1.245,46.05,1.245,294.2777606,1
226,10.1016/j.jpowsour.2011.07.071,TFSI,EC:0.500+DMC:0.500,1,8.638261676,8.076763010576677,0.5614986654233238,0.7,46.05,1.245,46.05,1.245,296.736777,1
227,10.1016/j.jpowsour.2011.07.071,TFSI,EC:0.500+DMC:0.500,1,8.849365914,8.247970340106285,0.6013955738937149,0.7,46.05,1.245,46.05,1.245,298.1132075,1
228,10.1016/j.jpowsour.2011.07.071,TFSI,EC:0.500+DMC:0.500,1,8.9607176,8.32160964671252,0.6391079532874802,0.7,46.05,1.245,46.05,1.245,299.938138,1
229,10.1016/j.jpowsour.2011.07.071,TFSI,EC:0.500+DMC:0.500,1,9.638107021,8.560663729197332,1.077443291802668,0.7,46.05,1.245,46.05,1.245,302.7064646,1
230,10.1016/j.jpowsour.2011.07.071,TFSI,EC:0.500+DMC:0.500,1,9.799721621,8.676925970856674,1.1227956501433258,0.7,46.05,1.245,46.05,1.245,304.3829261,1
231,10.1016/j.jpowsour.2011.07.071,TFSI,EC:0.500+DMC:0.500,1,10.11444479,8.782082511060048,1.3323622789399518,0.7,46.05,1.245,46.05,1.245,306.0686669,1
232,10.1016/j.jpowsour.2011.07.071,TFSI,EC:0.500+DMC:0.500,1,10.78951438,8.909802318388747,1.8797120616112526,0.7,46.05,1.245,46.05,1.245,308.3823075,1
233,10.1016/j.jpowsour.2011.07.071,TFSI,EC:0.500+DMC:0.500,1,11.15682029,9.03394902624458,2.122871263755421,0.7,46.05,1.245,46.05,1.245,310.3742654,1
234,10.1016/j.jpowsour.2011.07.071,TFSI,EC:0.500+DMC:0.500,1,11.83343644,9.175781139265853,2.657655300734147,0.7,46.05,1.245,46.05,1.245,312.99103,1
235,10.1016/j.jpowsour.2011.07.071,TFSI,EC:0.500+DMC:0.500,1,12.0437674,9.302186892407017,2.7415805075929836,0.7,46.05,1.245,46.05,1.245,314.2158985,1
236,10.1016/j.jpowsour.2011.07.071,TFSI,EC:0.500+DMC:0.500,1,12.46288277,9.419370581516327,3.043512188483673,0.7,46.05,1.245,46.05,1.245,316.3625116,1
237,10.1016/j.jpowsour.2011.07.071,TFSI,EC:0.500+DMC:0.500,1,12.88122487,9.490651244230985,3.390573625769015,0.7,46.05,1.245,46.05,1.245,318.3575626,1
238,10.1016/j.jpowsour.2011.07.071,TFSI,EC:0.500+DMC:0.500,1,13.24930405,9.6184499200235,3.6308541299765,0.7,46.05,1.245,46.05,1.245,320.5010826,1
239,10.1016/j.jpowsour.2011.07.071,TFSI,EC:0.500+DMC:0.500,1,13.41014538,9.727484133313762,3.682661246686237,0.7,46.05,1.245,46.05,1.245,322.0259821,1
240,10.1016/j.jpowsour.2011.07.071,TFSI,EC:0.500+DMC:0.500,1,14.20275286,10.756483742568275,3.4462691174317257,0.7,46.05,1.245,46.05,1.245,327.3770492,1
241,10.1016/j.jpowsour.2011.07.071,TFSI,EC:0.500+DMC:0.500,1,14.97757501,11.177467535291562,3.8001074747084385,0.7,46.05,1.245,46.05,1.245,329.2421899,1
242,10.1016/j.jpowsour.2011.07.071,TFSI,EC:0.500+DMC:0.500,1,15.08815342,11.496829593593272,3.591323826406727,0.7,46.05,1.245,46.05,1.245,330.9155583,1
243,10.1016/j.jpowsour.2011.07.071,TFSI,EC:0.500+DMC:0.500,1,15.24435509,11.611056036494531,3.6332990535054694,0.7,46.05,1.245,46.05,1.245,331.5310857,1
244,10.1016/j.jpowsour.2011.07.071,TFSI,EC:0.500+DMC:0.500,1,15.40287659,12.049154618368776,3.3537219716312237,0.7,46.05,1.245,46.05,1.245,332.6012991,1
245,10.1016/j.jpowsour.2011.07.071,TFSI,EC:0.500+DMC:0.500,1,15.50881534,12.26727160598065,3.2415437340193503,0.7,46.05,1.245,46.05,1.245,333.3652954,1
246,10.1016/j.jpowsour.2011.07.071,TFSI,EC:0.500+DMC:0.500,1,15.6147541,12.502745308518683,3.1120087914813173,0.7,46.05,1.245,46.05,1.245,334.1292917,1
247,10.1016/j.jpowsour.2011.07.071,TFSI,EC:0.500+DMC:0.500,1,15.87380142,12.842609233706517,3.0311921862934827,0.7,46.05,1.245,46.05,1.245,334.9025673,1
248,10.1016/j.jpowsour.2011.07.071,TFSI,EC:0.500+DMC:0.500,1,14.02618827,10.199070809518307,3.827117460481693,0.7,46.05,1.245,46.05,1.245,324.4370554,1
249,10.1016/j.jpowsour.2011.07.071,TFSI,EC:0.500+DMC:0.500,1,14.2478606,10.566041280029076,3.6818193199709235,0.7,46.05,1.245,46.05,1.245,326.2181668,1
11883,10.1149/2.0571912jes,PF6,EC:0.500+DMC:0.500,1,4.959,4.259221917964892,0.6997780820351078,0.7,46.05,1.245,23.16315,0.626235,263.15,0
11884,10.1149/2.0571912jes,PF6,EC:0.500+DMC:0.500,1,4.962,4.213180991994209,0.7488190080057908,0.7,46.05,1.245,46.18814999999999,1.2487349999999997,263.15,0
11885,10.1149/2.0571912jes,PF6,EC:0.500+DMC:0.500,1,2.955,2.896309961265625,0.05869003873437517,0.85,46.05,1.245,69.21314999999998,1.871235,263.15,0
11886,10.1149/2.0571912jes,PF6,EC:0.500+DMC:0.500,1,1.824,2.68360476233206,0.85960476233206,0.9,46.05,1.245,92.1,2.49,263.15,0
11887,10.1149/2.0571912jes,PF6,EC:0.500+DMC:0.500,1,0.756,2.8047099797055677,2.048709979705568,0.9,46.05,1.245,138.14999999999998,3.735,263.15,0
11888,10.1149/2.0571912jes,PF6,EC:0.500+DMC:0.500,1,6.352,5.267213603249449,1.0847863967505509,0.7,46.05,1.245,23.2092,0.6274799999999999,273.15,0
11889,10.1149/2.0571912jes,PF6,EC:0.500+DMC:0.500,1,6.813,5.227175861843264,1.5858241381567355,0.7,46.05,1.245,46.2342,1.24998,273.15,0
11890,10.1149/2.0571912jes,PF6,EC:0.500+DMC:0.500,1,4.488,4.295483754319962,0.19251624568003844,0.8,46.05,1.245,69.21314999999998,1.871235,273.15,0
11891,10.1149/2.0571912jes,PF6,EC:0.500+DMC:0.500,1,2.978,3.104801639024188,0.12680163902418773,0.9,46.05,1.245,92.23815,2.493735,273.15,0
11892,10.1149/2.0571912jes,PF6,EC:0.500+DMC:0.500,1,1.413,3.2151113228806696,1.8021113228806696,0.9,46.05,1.245,138.14999999999998,3.735,273.15,0
11893,10.1149/2.0571912jes,PF6,EC:0.500+DMC:0.500,1,7.864,6.433435746042353,1.4305642539576473,0.7,46.05,1.245,23.1171,0.6249899999999999,283.15,0
11894,10.1149/2.0571912jes,PF6,EC:0.500+DMC:0.500,1,8.723,6.429824577831504,2.2931754221684963,0.7,46.05,1.245,46.2342,1.24998,283.15,0
11895,10.1149/2.0571912jes,PF6,EC:0.500+DMC:0.500,1,6.378,6.209389582532673,0.16861041746732752,0.7,46.05,1.245,69.25919999999999,1.87248,283.15,0
11896,10.1149/2.0571912jes,PF6,EC:0.500+DMC:0.500,1,4.451,4.1980393277360175,0.2529606722639821,0.85,46.05,1.245,92.14605,2.491245,283.15,0
11897,10.1149/2.0571912jes,PF6,EC:0.500+DMC:0.500,1,2.308,3.655461475332622,1.3474614753326222,0.9,46.05,1.245,138.0579,3.73251,283.15,0
11898,10.1149/2.0571912jes,PF6,EC:0.500+DMC:0.500,1,9.436,7.519888419041839,1.9161115809581606,0.7,46.05,1.245,23.2092,0.6274799999999999,293.15,0
11899,10.1149/2.0571912jes,PF6,EC:0.500+DMC:0.500,1,10.813,7.561205951890643,3.2517940481093577,0.7,46.05,1.245,46.28025,1.2512249999999998,293.15,0
11900,10.1149/2.0571912jes,PF6,EC:0.500+DMC:0.500,1,8.507,7.473805118081864,1.0331948819181358,0.7,46.05,1.245,69.25919999999999,1.87248,293.15,0
11901,10.1149/2.0571912jes,PF6,EC:0.500+DMC:0.500,1,6.441,6.401856841248533,0.03914315875146723,0.8,46.05,1.245,92.3763,2.4974699999999994,293.15,0
11902,10.1149/2.0571912jes,PF6,EC:0.500+DMC:0.500,1,3.463,4.057248467446365,0.5942484674463646,0.9,46.05,1.245,138.38025,3.741225,293.15,0
11903,10.1149/2.0571912jes,PF6,EC:0.500+DMC:0.500,1,10.909,8.676291093138307,2.232708906861694,0.7,46.05,1.245,23.25525,0.628725,303.15,0
11904,10.1149/2.0571912jes,PF6,EC:0.500+DMC:0.500,1,12.942,8.731509221571121,4.210490778428879,0.7,46.05,1.245,46.37234999999999,1.2537149999999997,303.15,0
11905,10.1149/2.0571912jes,PF6,EC:0.500+DMC:0.500,1,10.896,8.787780004271072,2.1082199957289287,0.7,46.05,1.245,69.30524999999999,1.873725,303.15,0
11906,10.1149/2.0571912jes,PF6,EC:0.500+DMC:0.500,1,8.511,8.660610459288085,0.1496104592880858,0.7,46.05,1.245,92.3763,2.4974699999999994,303.15,0
11907,10.1149/2.0571912jes,PF6,EC:0.500+DMC:0.500,1,4.935,4.39030487147427,0.5446951285257295,0.9,46.05,1.245,138.19605,3.736245,303.15,0
11908,10.1149/2.0571912jes,PF6,EC:0.500+DMC:0.500,1,12.441,9.571582975201531,2.8694170247984694,0.7,46.05,1.245,23.25525,0.628725,313.15,0
11909,10.1149/2.0571912jes,PF6,EC:0.500+DMC:0.500,1,15.151,9.589130932681371,5.561869067318629,0.7,46.05,1.245,46.4184,1.25496,313.15,0
11910,10.1149/2.0571912jes,PF6,EC:0.500+DMC:0.500,1,13.184,9.550382307201168,3.633617692798831,0.7,46.05,1.245,69.21314999999998,1.871235,313.15,0
11911,10.1149/2.0571912jes,PF6,EC:0.500+DMC:0.500,1,10.76,9.346631770729122,1.413368229270878,0.7,46.05,1.245,92.19209999999998,2.49249,313.15,0
11912,10.1149/2.0571912jes,PF6,EC:0.500+DMC:0.500,1,6.587,5.656828395286728,0.930171604713272,0.85,46.05,1.245,138.19605,3.736245,313.15,0
11913,10.1149/2.0571912jes,PF6,EC:0.500+DMC:0.500,1,14.172,10.483548330263643,3.6884516697363576,0.7,46.05,1.245,23.07105,0.623745,323.15,0
11914,10.1149/2.0571912jes,PF6,EC:0.500+DMC:0.500,1,17.36,10.473908414724267,6.886091585275732,0.7,46.05,1.245,46.4184,1.25496,323.15,0
11915,10.1149/2.0571912jes,PF6,EC:0.500+DMC:0.500,1,15.731,10.297556690618837,5.433443309381163,0.7,46.05,1.245,69.12105,1.868745,323.15,0
11916,10.1149/2.0571912jes,PF6,EC:0.500+DMC:0.500,1,13.108,9.958121350998287,3.149878649001714,0.7,46.05,1.245,92.33025,2.4962249999999995,323.15,0
11917,10.1149/2.0571912jes,PF6,EC:0.500+DMC:0.500,1,7.98,8.190447268771678,0.2104472687716772,0.8,46.05,1.245,138.14999999999998,3.735,323.15,0
12002,10.1149/2.0641503jes,PF6,EC:0.500+DEC:0.500,1,5.095238095,4.471108054417792,0.6241300405822079,0.7,45.9,1.255,23.0562500085,0.6304050928249999,283.15,0
12003,10.1149/2.0641503jes,PF6,EC:0.500+DEC:0.500,1,6.80952381,5.668419940273715,1.141103869726285,0.7,45.9,1.255,23.0562500085,0.6304050928249999,298.15,0
12004,10.1149/2.0641503jes,PF6,EC:0.500+DEC:0.500,1,8.738205467,6.453364613503113,2.2848408534968874,0.7,45.9,1.255,22.95,0.6275,313.15,0
12005,10.1149/2.0641503jes,PF6,EC:0.500+DEC:0.500,1,5.581018519,3.7887977326191953,1.7922207863808044,0.7,45.9,1.255,36.7625000034,1.00516203713,283.15,0
12006,10.1149/2.0641503jes,PF6,EC:0.500+DEC:0.500,1,7.84292328,4.858544007879538,2.984379272120462,0.7,45.9,1.255,36.7625000034,1.00516203713,298.15,0
12007,10.1149/2.0641503jes,PF6,EC:0.500+DEC:0.500,1,10.31911376,5.493537614746421,4.82557614525358,0.7,45.9,1.255,36.7625000034,1.00516203713,313.15,0
12008,10.1149/2.0641503jes,PF6,EC:0.500+DEC:0.500,1,5.452491182,3.2805046199354435,2.1719865620645566,0.7,45.9,1.255,45.9,1.255,283.15,0
12009,10.1149/2.0641503jes,PF6,EC:0.500+DEC:0.500,1,7.88106261,4.243586216135028,3.637476393864972,0.7,45.9,1.255,45.9,1.255,298.15,0
12010,10.1149/2.0641503jes,PF6,EC:0.500+DEC:0.500,1,10.64296737,4.796245792573004,5.846721577426995,0.7,45.9,1.255,45.9,1.255,313.15,0
12011,10.1149/2.0641503jes,PF6,EC:0.500+DEC:0.500,1,4.919091711,3.008708492210446,1.910383218789554,0.7,45.9,1.255,55.1437500051,1.5077430556949998,283.15,0
12012,10.1149/2.0641503jes,PF6,EC:0.500+DEC:0.500,1,7.490520282,3.952937975460515,3.5375823065394854,0.7,45.9,1.255,55.1437500051,1.5077430556949998,298.15,0
12013,10.1149/2.0641503jes,PF6,EC:0.500+DEC:0.500,1,10.204806,4.460449779371221,5.744356220628779,0.7,45.9,1.255,55.1437500051,1.5077430556949998,313.15,0
12014,10.1149/2.0641503jes,PF6,EC:0.500+DEC:0.500,1,3.785824515,2.488054273504653,1.2977702414953467,0.7,45.9,1.255,68.85,1.8825,283.15,0
12015,10.1149/2.0641503jes,PF6,EC:0.500+DEC:0.500,1,6.404872134,3.4137785138314594,2.9910936201685403,0.7,45.9,1.255,68.85,1.8825,298.15,0
12016,10.1149/2.0641503jes,PF6,EC:0.500+DEC:0.500,1,9.095238095,3.8400661510484078,5.255171943951591,0.7,45.9,1.255,68.9562500085,1.885405092825,313.15,0
119,10.1016/j.jpowsour.2011.07.071,TFSI,EC:0.100+DMC:0.900,2,8.373333333,7.296328251410735,1.077005081589265,0.7,11.69,0.7210000000000001,11.69,0.7210000000000001,298.0,1
129,10.1016/j.jpowsour.2011.07.071,TFSI,DMC:1.000,2,6.993333333,6.9769114630106985,0.016421869989301285,0.75,3.1,0.59,3.1,0.59,298.0,1
3786,10.1149/1.1344281,ClO4,DME:1.000,2,2.579896064,1.3073224432370116,1.2725736207629885,0.8,7.2,0.39,3.6,0.195,342.1636336,0
3787,10.1149/1.1344281,ClO4,DME:1.000,2,2.62959886,1.3207743828588363,1.308824477141164,0.8,7.2,0.39,3.6,0.195,338.0551762,0
3788,10.1149/1.1344281,ClO4,DME:1.000,2,2.680259201,1.331231080805248,1.349028120194752,0.8,7.2,0.39,3.6,0.195,333.0552761,0
3789,10.1149/1.1344281,ClO4,DME:1.000,2,2.714573827,1.3437512231441584,1.3708226038558418,0.8,7.2,0.39,3.6,0.195,328.1997969,0
3790,10.1149/1.1344281,ClO4,DME:1.000,2,2.749327774,1.361919785394713,1.3874079886052872,0.8,7.2,0.39,3.6,0.195,323.4838556,0
3791,10.1149/1.1344281,ClO4,DME:1.000,2,2.784526666,1.4101706947571815,1.3743559712428186,0.8,7.2,0.39,3.6,0.195,318.2249727,0
3792,10.1149/1.1344281,ClO4,DME:1.000,2,2.820176199,1.4499400706906114,1.3702361283093887,0.8,7.2,0.39,3.6,0.195,313.3523897,0
3793,10.1149/1.1344281,ClO4,DME:1.000,2,2.911309636,1.4579525790153398,1.4533570569846601,0.8,7.2,0.39,3.6,0.195,307.1556519,0
3794,10.1149/1.1344281,ClO4,DME:1.000,2,2.948582337,1.4647652888354834,1.4838170481645165,0.8,7.2,0.39,3.6,0.195,303.021284,0
3795,10.1149/1.1344281,ClO4,DME:1.000,2,2.986332231,1.5089170423481626,1.4774151886518374,0.8,7.2,0.39,3.6,0.195,298.0067029,0
3796,10.1149/1.1344281,ClO4,DME:1.000,2,2.986332231,4.511473954732626,1.520379788803004,0.75,7.2,0.39,3.6,0.195,293.344378,0
3797,10.1149/1.1344281,ClO4,DME:1.000,2,2.986332231,4.244366025598225,1.2580337945982252,0.75,7.2,0.39,3.6,0.195,287.5338457,0
3798,10.1149/1.1344281,ClO4,DME:1.000,2,2.911309636,4.123193666777052,1.211884030777052,0.75,7.2,0.39,3.6,0.195,282.831159,0
3799,10.1149/1.1344281,ClO4,DME:1.000,2,2.802294743,3.77399364764874,0.9716989046487399,0.75,7.2,0.39,3.6,0.195,277.9341762,0
3800,10.1149/1.1344281,ClO4,DME:1.000,2,2.784526666,3.4691574398046363,0.6846307738046362,0.75,7.2,0.39,3.6,0.195,273.3744374,0
3801,10.1149/1.1344281,ClO4,DME:1.000,2,2.714573827,3.177953495066567,0.4633796680665667,0.75,7.2,0.39,3.6,0.195,267.9981574,0
3802,10.1149/1.1344281,ClO4,DME:1.000,2,2.714573827,2.8491244544325327,0.13455062743253254,0.75,7.2,0.39,3.6,0.195,263.1400409,0
3803,10.1149/1.1344281,ClO4,DME:1.000,2,2.596358393,2.866430634143779,0.27007224114377903,0.75,7.2,0.39,3.6,0.195,257.41429,0
3804,10.1149/1.1344281,ClO4,DME:1.000,2,2.531132715,2.849003676844199,0.31787096184419905,0.75,7.2,0.39,3.6,0.195,252.3586002,0
3805,10.1149/1.1344281,ClO4,DME:1.000,2,2.271713669,2.7250464904371436,0.4533328214371437,0.75,7.2,0.39,3.6,0.195,247.7604222,0
3806,10.1149/1.1344281,ClO4,DME:1.000,2,1.541151395,1.1110626661849579,0.4300887288150421,0.8,7.2,0.39,3.6,0.195,242.7698113,0
3807,10.1149/1.1344281,ClO4,DME:1.000,2,0.575000879,0.6484456331573984,0.07041037954862672,0.85,7.2,0.39,3.6,0.195,236.6597417,0
3808,10.1149/1.1344281,ClO4,DME:1.000,2,0.454421178,0.6268962838292031,0.170249947577428,0.85,7.2,0.39,3.6,0.195,231.2829745,0
3809,10.1149/1.1344281,ClO4,DME:1.000,2,0.363725275,0.6102960495736954,0.24296342706022162,0.85,7.2,0.39,3.6,0.195,226.3738768,0
3810,10.1149/1.1344281,ClO4,DME:1.000,2,0.308283497,0.5849486613394732,0.27342693149159647,0.85,7.2,0.39,3.6,0.195,221.8928866,0
3811,10.1149/1.1344281,ClO4,DME:1.000,2,0.262959886,0.5478316212328153,0.2827485527526824,0.85,7.2,0.39,3.6,0.195,217.271265,0
3812,10.1149/1.1344281,ClO4,DME:1.000,2,0.220060166,0.5280109077059278,0.3058547475782789,0.85,7.2,0.39,3.6,0.195,212.2342837,0
3813,10.1149/1.1344281,TFSI,DME:1.000,2,10.25769363,8.77913287801124,1.478560751988761,0.7,7.2,0.39,3.6,0.195,338.3557034,1
3814,10.1149/1.1344281,TFSI,DME:1.000,2,10.25769363,8.539620483216412,1.7180731467835884,0.7,7.2,0.39,3.6,0.195,333.0961378,1
3815,10.1149/1.1344281,TFSI,DME:1.000,2,10.25769363,8.341991990374902,1.915701639625098,0.7,7.2,0.39,3.6,0.195,328.2368302,1
3816,10.1149/1.1344281,TFSI,DME:1.000,2,10.32314802,8.15407326430247,2.1690747556975296,0.7,7.2,0.39,3.6,0.195,322.8222872,1
3817,10.1149/1.1344281,TFSI,DME:1.000,2,10.32314802,8.080420695596588,2.242727324403411,0.7,7.2,0.39,3.6,0.195,317.8065302,1
3818,10.1149/1.1344281,TFSI,DME:1.000,2,10.0,8.023063602468977,1.9769363975310235,0.7,7.2,0.39,3.6,0.195,313.3740906,1
3819,10.1149/1.1344281,TFSI,DME:1.000,2,10.0,7.952180140474596,2.0478198595254042,0.7,7.2,0.39,3.6,0.195,308.4339357,1
3820,10.1149/1.1344281,TFSI,DME:1.000,2,9.873591112,7.9221953776517795,1.9513957343482202,0.7,7.2,0.39,3.6,0.195,303.2356303,1
3821,10.1149/1.1344281,TFSI,DME:1.000,2,9.748780144,7.796852532846977,1.9519276111530228,0.7,7.2,0.39,3.6,0.195,297.4212537,1
3822,10.1149/1.1344281,TFSI,DME:1.000,2,9.4436117,7.208518713869811,2.235092986130189,0.7,7.2,0.39,3.6,0.195,292.5814702,1
3823,10.1149/1.1344281,TFSI,DME:1.000,2,9.147996017,6.812599622735029,2.335396394264971,0.7,7.2,0.39,3.6,0.195,287.5287705,1
3824,10.1149/1.1344281,TFSI,DME:1.000,2,8.749615134,6.593578592495844,2.1560365415041565,0.7,7.2,0.39,3.6,0.195,282.2910457,1
3825,10.1149/1.1344281,TFSI,DME:1.000,2,8.421983081,6.028878897927294,2.3931041830727064,0.7,7.2,0.39,3.6,0.195,277.7550436,1
3826,10.1149/1.1344281,TFSI,DME:1.000,2,8.106619313,5.440550112508673,2.666069200491327,0.7,7.2,0.39,3.6,0.195,272.5347235,1
3827,10.1149/1.1344281,TFSI,DME:1.000,2,7.558803207,4.979412129913587,2.579391077086413,0.7,7.2,0.39,3.6,0.195,267.3436967,1
3828,10.1149/1.1344281,TFSI,DME:1.000,2,7.13824024,4.478053442150249,2.660186797849751,0.7,7.2,0.39,3.6,0.195,262.5014503,1
3829,10.1149/1.1344281,TFSI,DME:1.000,2,6.741076905,4.48951608356647,2.2515608214335296,0.7,7.2,0.39,3.6,0.195,258.1272857,1
3830,10.1149/1.1344281,TFSI,DME:1.000,2,6.285539232,4.476473577430804,1.8090656545691957,0.7,7.2,0.39,3.6,0.195,252.8961185,1
3831,10.1149/1.1344281,TFSI,DME:1.000,2,5.713550593,4.2365665030607484,1.4769840899392515,0.7,7.2,0.39,3.6,0.195,247.0532567,1
3832,10.1149/1.1344281,TFSI,DME:1.000,2,4.904646766,4.12822200677197,0.7764247592280302,0.7,7.2,0.39,3.6,0.195,241.4678399,1
3833,10.1149/1.1344281,TFSI,DME:1.000,2,4.130685208,3.861920680166988,0.26876452783301197,0.7,7.2,0.39,3.6,0.195,235.0174568,1
3834,10.1149/1.1344281,TFSI,DME:1.000,2,3.456798248,3.6452663014719255,0.1884680534719254,0.7,7.2,0.39,3.6,0.195,227.9743728,1
3835,10.1149/1.1344281,TFSI,DME:1.000,2,3.005388031,3.0215421319291815,0.01615410092918168,0.75,7.2,0.39,3.6,0.195,221.9999346,1
3836,10.1149/1.1344281,TFSI,DME:1.000,2,2.62959886,2.833111473446269,0.2035126134462688,0.75,7.2,0.39,3.6,0.195,217.3762197,1
3837,10.1149/1.1344281,TFSI,DME:1.000,2,2.420905854,2.7268366471536067,0.30593079315360683,0.75,7.2,0.39,3.6,0.195,214.3657983,1
3838,10.1149/1.1344281,TFSI,DME:1.000,2,2.271713669,1.9680529445297776,0.3036607244702223,0.8,7.2,0.39,3.6,0.195,211.8374067,1
126,10.1016/j.jpowsour.2011.07.071,TFSI,EC:0.700+DMC:0.300,3,8.886666667,7.452362831917905,1.434303835082095,0.7,63.23,1.507,63.23,1.507,298.0,1
3593,10.1149/1.1344281,TFSI,PC:1.000,3,16.88831057,16.150133446572504,0.7381771234274979,0.8,64.9,2.53,64.9,2.53,375.3490984,1
3594,10.1149/1.1344281,TFSI,PC:1.000,3,15.5992403,15.8552281732002,0.25598787320019945,0.7,64.9,2.53,64.9,2.53,370.2464953,1
3595,10.1149/1.1344281,TFSI,PC:1.000,3,15.11159636,15.0243079684568,0.08728839154320056,0.85,64.9,2.53,64.9,2.53,365.2885407,1
3596,10.1149/1.1344281,TFSI,PC:1.000,3,14.18156428,14.929008826642894,0.7474445466428943,0.85,64.9,2.53,64.9,2.53,360.0909409,1
3597,10.1149/1.1344281,TFSI,PC:1.000,3,13.73823796,14.98581611423941,1.2475781542394113,0.85,64.9,2.53,64.9,2.53,355.7556741,1
3598,10.1149/1.1344281,TFSI,PC:1.000,3,12.89272821,12.945110579648006,0.05238236964800613,0.9,64.9,2.53,64.9,2.53,349.786968,1
3599,10.1149/1.1344281,TFSI,PC:1.000,3,11.90863732,11.922314114388762,0.013676794388761238,0.75,64.9,2.53,64.9,2.53,345.6878836,1
3600,10.1149/1.1344281,TFSI,PC:1.000,3,10.99966124,10.914922435843652,0.08473880415634838,0.7,64.9,2.53,64.9,2.53,340.3733362,1
3601,10.1149/1.1344281,TFSI,PC:1.000,3,10.48792698,10.56190706685724,0.07398008685724022,0.7,64.9,2.53,64.9,2.53,335.5409396,1
3602,10.1149/1.1344281,TFSI,PC:1.000,3,9.842455236,9.823506729390008,0.018948506609991256,0.75,64.9,2.53,64.9,2.53,331.1503252,1
3603,10.1149/1.1344281,TFSI,PC:1.000,3,8.947962141,8.834637752843136,0.11332438815686352,0.8,64.9,2.53,64.9,2.53,325.6695285,1
3604,10.1149/1.1344281,TFSI,PC:1.000,3,8.397266396,8.62023708025065,0.22297068425065092,0.8,64.9,2.53,64.9,2.53,321.2409042,1
3605,10.1149/1.1344281,TFSI,PC:1.000,3,7.395465531,7.332617104543463,0.06284842645653743,0.9,64.9,2.53,64.9,2.53,316.0767795,1
3606,10.1149/1.1344281,TFSI,PC:1.000,3,6.830975986,7.082485268224115,0.2515092822241147,0.9,64.9,2.53,64.9,2.53,310.8093421,1
3607,10.1149/1.1344281,TFSI,PC:1.000,3,6.112331451,6.958601407780956,0.8462699567809562,0.9,64.9,2.53,64.9,2.53,305.9744521,1
3608,10.1149/1.1344281,TFSI,PC:1.000,3,5.469291042,6.827315954878139,1.3580249128781388,0.9,64.9,2.53,64.9,2.53,301.5435986,1
3609,10.1149/1.1344281,TFSI,PC:1.000,3,4.893900918,6.559285669961657,1.665384751961657,0.9,64.9,2.53,64.9,2.53,296.9905725,1
3610,10.1149/1.1344281,TFSI,PC:1.000,3,4.175318937,6.02016965449261,1.8448507174926103,0.9,64.9,2.53,64.9,2.53,292.0865677,1
3611,10.1149/1.1344281,TFSI,PC:1.000,3,3.677199915,5.609354239355052,1.9321543243550519,0.9,64.9,2.53,64.9,2.53,286.6490324,1
3612,10.1149/1.1344281,TFSI,PC:1.000,3,3.087842728,5.34937627538698,2.26153354738698,0.9,64.9,2.53,64.9,2.53,281.6288791,1
3613,10.1149/1.1344281,TFSI,PC:1.000,3,2.634448149,4.87365403477224,2.2392058857722406,0.9,64.9,2.53,64.9,2.53,276.5673943,1
3614,10.1149/1.1344281,TFSI,PC:1.000,3,2.109297952,4.404332776339183,2.2950348243391834,0.9,64.9,2.53,64.9,2.53,271.8869669,1
3615,10.1149/1.1344281,TFSI,PC:1.000,3,1.715863589,4.009833106979915,2.293969517979915,0.9,64.9,2.53,64.9,2.53,267.1624981,1
3616,10.1149/1.1344281,TFSI,PC:1.000,3,1.395814116,3.6446611140934424,2.2488469980934425,0.9,64.9,2.53,64.9,2.53,262.0179582,1
3617,10.1149/1.1344281,TFSI,PC:1.000,3,1.016006653,3.6267274534232907,2.610720800423291,0.9,64.9,2.53,64.9,2.53,256.501612,1
3618,10.1149/1.1344281,TFSI,PC:1.000,3,0.763411364,3.5731438217667963,2.8097324577667964,0.9,64.9,2.53,64.9,2.53,252.1072196,1
3619,10.1149/1.1344281,TFSI,PC:1.000,3,0.538312523,3.393731928256216,2.855419405256216,0.9,64.9,2.53,64.9,2.53,247.165816,1
3620,10.1149/1.1344281,TFSI,PC:1.000,3,0.367719991,3.3492046502959356,2.9814846592959356,0.9,64.9,2.53,64.9,2.53,242.0815012,1
3621,10.1149/1.1344281,TFSI,PC:1.000,3,0.243336298,3.2228005917533613,2.9794642937533613,0.9,64.9,2.53,64.9,2.53,237.6763815,1
3622,10.1149/1.1344281,TFSI,PC:1.000,3,0.146391965,3.074863600353488,2.928471635353488,0.9,64.9,2.53,64.9,2.53,232.6574704,1
3623,10.1149/1.1344281,TFSI,PC:1.000,3,0.078804628,2.9189873647528506,2.8401827367528507,0.9,64.9,2.53,64.9,2.53,227.8390808,1
3624,10.1149/1.1344281,TFSI,PC:1.000,3,0.038566204,2.743579864996001,2.705013660996001,0.9,64.9,2.53,64.9,2.53,222.0932641,1
3625,10.1149/1.1344281,TFSI,PC:1.000,3,0.018873918,2.564021568925596,2.5451476509255957,0.9,64.9,2.53,64.9,2.53,217.6928575,1
3724,10.1149/1.1344281,ClO4,PC:1.000,3,15.11159636,7.902563031232744,7.209033328767256,0.7,64.9,2.53,64.9,2.53,393.6420782,0
3725,10.1149/1.1344281,ClO4,PC:1.000,3,14.63919654,7.902563031232744,6.736633508767256,0.7,64.9,2.53,64.9,2.53,388.4671114,0
3726,10.1149/1.1344281,ClO4,PC:1.000,3,14.18156428,7.902563031232744,6.279001248767256,0.7,64.9,2.53,64.9,2.53,384.2564945,0
3727,10.1149/1.1344281,ClO4,PC:1.000,3,13.73823796,7.902563031232744,5.835674928767255,0.7,64.9,2.53,64.9,2.53,379.3238125,0
3728,10.1149/1.1344281,ClO4,PC:1.000,3,13.30877035,7.902563031232744,5.4062073187672555,0.7,64.9,2.53,64.9,2.53,374.9116891,0
3729,10.1149/1.1344281,ClO4,PC:1.000,3,12.48969187,7.778880720763303,4.710811149236696,0.7,64.9,2.53,64.9,2.53,369.823548,0
3730,10.1149/1.1344281,ClO4,PC:1.000,3,11.72102298,7.651098565320638,4.069924414679363,0.7,64.9,2.53,64.9,2.53,364.8716658,0
3731,10.1149/1.1344281,ClO4,PC:1.000,3,11.175729,7.595720902813422,3.580008097186578,0.7,64.9,2.53,64.9,2.53,360.0531599,0
3732,10.1149/1.1344281,ClO4,PC:1.000,3,10.48792698,7.632185759473807,2.855741220526192,0.7,64.9,2.53,64.9,2.53,355.3578086,0
3733,10.1149/1.1344281,ClO4,PC:1.000,3,9.687392507,6.840801421808692,2.8465910851913083,0.7,64.9,2.53,64.9,2.53,349.744189,0
3734,10.1149/1.1344281,ClO4,PC:1.000,3,9.091189065,5.935637591274022,3.1555514737259784,0.7,64.9,2.53,64.9,2.53,345.6484223,0
3735,10.1149/1.1344281,ClO4,PC:1.000,3,8.397266396,5.3358183451985735,3.0614480508014257,0.7,64.9,2.53,64.9,2.53,340.6616679,0
3736,10.1149/1.1344281,ClO4,PC:1.000,3,7.880462816,5.227412443541998,2.6530503724580017,0.7,64.9,2.53,64.9,2.53,335.501574,0
3737,10.1149/1.1344281,ClO4,PC:1.000,3,7.51384218,5.073629980945581,2.440212199054419,0.7,64.9,2.53,64.9,2.53,330.1901921,0
3738,10.1149/1.1344281,ClO4,PC:1.000,3,6.940317048,4.948396284764071,1.991920763235929,0.7,64.9,2.53,64.9,2.53,325.6365649,0
3739,10.1149/1.1344281,ClO4,PC:1.000,3,6.309573445,4.878248945236798,1.4313244997632015,0.7,64.9,2.53,64.9,2.53,321.2048223,0
3740,10.1149/1.1344281,ClO4,PC:1.000,3,5.645782431,4.829791851222598,0.8159905797774014,0.7,64.9,2.53,64.9,2.53,315.7626765,0
3741,10.1149/1.1344281,ClO4,PC:1.000,3,5.214844698,4.760818741078532,0.45402595692146797,0.7,64.9,2.53,64.9,2.53,311.3225235,0
3742,10.1149/1.1344281,ClO4,PC:1.000,3,4.740913909,4.684518401392493,0.056395507607506445,0.7,64.9,2.53,64.9,2.53,305.9453548,0
3743,10.1149/1.1344281,ClO4,PC:1.000,3,4.175318937,4.342551072595844,0.16723213559584416,0.75,64.9,2.53,64.9,2.53,301.5135718,0
3744,10.1149/1.1344281,ClO4,PC:1.000,3,3.736059577,4.123041633112335,0.38698205611233494,0.75,64.9,2.53,64.9,2.53,296.4654522,0
3745,10.1149/1.1344281,ClO4,PC:1.000,3,3.343011965,3.058409443216494,0.2846025217835062,0.8,64.9,2.53,64.9,2.53,291.823279,0
3746,10.1149/1.1344281,ClO4,PC:1.000,3,2.897803719,2.8331533373989366,0.06465038160106351,0.8,64.9,2.53,64.9,2.53,286.6250905,0
3747,10.1149/1.1344281,ClO4,PC:1.000,3,2.39502662,2.233587944944395,0.16143867505560472,0.85,64.9,2.53,64.9,2.53,281.6042278,0
3748,10.1149/1.1344281,ClO4,PC:1.000,3,2.043359718,1.9923005121532638,0.05105920584673629,0.85,64.9,2.53,64.9,2.53,276.9751462,0
3749,10.1149/1.1344281,ClO4,PC:1.000,3,1.743328822,1.7722522148768478,0.026818582223896215,0.85,64.9,2.53,64.9,2.53,271.8697349,0
3750,10.1149/1.1344281,ClO4,PC:1.000,3,1.395814116,1.5454322244545218,0.14961810845452184,0.9,64.9,2.53,64.9,2.53,266.9435931,0
3751,10.1149/1.1344281,ClO4,PC:1.000,3,1.099966124,1.4137530543038617,0.3137869303038616,0.9,64.9,2.53,64.9,2.53,261.8047361,0
3752,10.1149/1.1344281,ClO4,PC:1.000,3,0.83972664,1.4218221120779901,0.5663402771928078,0.85,64.9,2.53,64.9,2.53,256.4862751,0
3753,10.1149/1.1344281,ClO4,PC:1.000,3,0.601603487,1.4005087803606056,0.7839850832162623,0.85,64.9,2.53,64.9,2.53,251.7311868,0
3754,10.1149/1.1344281,ClO4,PC:1.000,3,0.437904401,1.3143032465129139,0.8620144403992114,0.85,64.9,2.53,64.9,2.53,246.8067356,0
3755,10.1149/1.1344281,ClO4,PC:1.000,3,0.308784273,1.2964078122941989,0.9733503621174032,0.85,64.9,2.53,64.9,2.53,242.0689785,0
3756,10.1149/1.1344281,ClO4,PC:1.000,3,0.204335972,1.2387966932110765,1.0211952336594396,0.85,64.9,2.53,64.9,2.53,237.1879349,0
3757,10.1149/1.1344281,ClO4,PC:1.000,3,0.135217992,1.1783282483479218,1.0302030610007673,0.85,64.9,2.53,64.9,2.53,232.8047832,0
3758,10.1149/1.1344281,ClO4,PC:1.000,3,0.077563103,1.1173518664529682,1.0264335089877952,0.85,64.9,2.53,64.9,2.53,227.8380723,0
3759,10.1149/1.1344281,ClO4,PC:1.000,3,0.038566204,1.0403345026978454,0.9888988333485415,0.85,64.9,2.53,64.9,2.53,222.7901682,0
3760,10.1149/1.1344281,ClO4,PC:1.000,3,0.016360369,0.9644689482903069,0.9362875973357604,0.85,64.9,2.53,64.9,2.53,217.5511705,0
13615,10.1016/0378-7753(91)80004-H,PF6,EC:0.150+PC:0.850,3,0.01,0.6285684087052575,0.6140291782488506,0.85,68.515,2.4355,68.515,2.4355,213.15,0
13618,10.1016/0378-7753(91)80004-H,PF6,EC:0.150+PC:0.850,3,0.06,0.7617235153557168,0.696813148069992,0.85,68.515,2.4355,68.515,2.4355,223.15,0
13621,10.1016/0378-7753(91)80004-H,PF6,EC:0.150+PC:0.850,3,0.21,0.9073145725108571,0.6947540525032169,0.85,68.515,2.4355,68.515,2.4355,233.15,0
13624,10.1016/0378-7753(91)80004-H,PF6,EC:0.150+PC:0.850,3,0.56,1.0255660918469554,0.4628468222625237,0.85,68.515,2.4355,68.515,2.4355,243.15,0
13627,10.1016/0378-7753(91)80004-H,PF6,EC:0.150+PC:0.850,3,1.12,1.1338050948589249,0.010940517239409031,0.85,68.515,2.4355,68.515,2.4355,253.15,0
13630,10.1016/0378-7753(91)80004-H,PF6,EC:0.150+PC:0.850,3,1.9,1.4644556612191748,0.4355443387808251,0.7,68.515,2.4355,68.515,2.4355,263.15,0
13633,10.1016/0378-7753(91)80004-H,PF6,EC:0.150+PC:0.850,3,2.92,2.017795053374003,0.9022049466259969,0.7,68.515,2.4355,68.515,2.4355,273.15,0
13636,10.1016/0378-7753(91)80004-H,PF6,EC:0.150+PC:0.850,3,5.64,3.231865012682401,2.408134987317599,0.7,68.515,2.4355,68.515,2.4355,293.15,0
13639,10.1016/0378-7753(91)80004-H,PF6,EC:0.150+PC:0.850,3,8.95,3.993923800296938,4.956076199703061,0.7,68.515,2.4355,68.515,2.4355,313.15,0
13642,10.1016/0378-7753(91)80004-H,PF6,EC:0.150+PC:0.850,3,12.8,4.472395681842008,8.327604318157992,0.7,68.515,2.4355,68.515,2.4355,333.15,0
13645,10.1016/0378-7753(91)80004-H,PF6,EC:0.150+PC:0.850,3,16.88,7.308782866214926,9.571217133785073,0.7,68.515,2.4355,68.515,2.4355,353.15,0
23,10.1016/j.electacta.2008.04.023,PF6,EC:0.300+EMC:0.700,4,4.534450652,4.702638098406374,0.16818744640637373,0.7,28.73,1.025,5.80149254087,0.2069798069749999,298.15,0
24,10.1016/j.electacta.2008.04.023,PF6,EC:0.300+EMC:0.700,4,7.802607076,4.456859182058812,3.345747893941188,0.7,28.73,1.025,14.32716417015,0.511150131375,298.15,0
25,10.1016/j.electacta.2008.04.023,PF6,EC:0.300+EMC:0.700,4,9.348230912,3.9815764504129048,5.366654461587095,0.7,28.73,1.025,22.95373133612,0.8189201051,298.15,0
26,10.1016/j.electacta.2008.04.023,PF6,EC:0.300+EMC:0.700,4,9.506517691,3.6540503195248304,5.8524673714751705,0.7,28.73,1.025,28.75522387699,1.025899912075,298.15,0
27,10.1016/j.electacta.2008.04.023,PF6,EC:0.300+EMC:0.700,4,9.217877095,3.357707117829918,5.860169977170083,0.7,28.73,1.025,34.50626866388,1.2310798949,298.15,0
28,10.1016/j.electacta.2008.04.023,PF6,EC:0.300+EMC:0.700,4,7.774674115,2.8776526735850205,4.89702144141498,0.7,28.73,1.025,45.95791045495,1.6396400353749998,298.15,0
29,10.1016/j.electacta.2008.04.023,PF6,EC:0.300+EMC:0.700,4,5.931098696,2.4422148177032668,3.4888838782967335,0.7,28.73,1.025,57.40955224602,2.04820017585,298.15,0
30,10.1016/j.electacta.2008.04.023,PF6,EC:0.300+EMC:0.700,4,5.158286778,2.2544649365738136,2.9038218414261863,0.7,28.73,1.025,63.21104478689,2.255179982825,298.15,0
31,10.1016/j.jpowsour.2010.12.040,FSI,EC:0.300+EMC:0.700,4,15.58303956,4.593608905241844,10.989430654758156,0.7,28.73,1.025,28.73,1.025,332.5420421,0
32,10.1016/j.jpowsour.2010.12.040,FSI,EC:0.300+EMC:0.700,4,13.92880901,4.206371126376892,9.722437883623108,0.7,28.73,1.025,28.73,1.025,322.5244073,0
33,10.1016/j.jpowsour.2010.12.040,FSI,EC:0.300+EMC:0.700,4,12.2868877,4.028424535990858,8.258463164009141,0.7,28.73,1.025,28.73,1.025,312.7431776,0
34,10.1016/j.jpowsour.2010.12.040,FSI,EC:0.300+EMC:0.700,4,10.69635701,3.878935477800783,6.817421532199217,0.7,28.73,1.025,28.73,1.025,302.7131199,0
35,10.1016/j.jpowsour.2010.12.040,FSI,EC:0.300+EMC:0.700,4,9.009384647,3.4797886338800676,5.5295960131199315,0.7,28.73,1.025,28.73,1.025,292.8494972,0
36,10.1016/j.jpowsour.2010.12.040,FSI,EC:0.300+EMC:0.700,4,7.439667245,3.0547465615071254,4.384920683492874,0.7,28.73,1.025,28.73,1.025,282.8897228,0
37,10.1016/j.jpowsour.2010.12.040,FSI,EC:0.300+EMC:0.700,4,5.943977157,2.4128084445414437,3.5311687124585562,0.7,28.73,1.025,28.73,1.025,273.0531347,0
38,10.1016/j.jpowsour.2010.12.040,FSI,EC:0.300+EMC:0.700,4,4.534527977,1.8190564597372285,2.7154715172627713,0.7,28.73,1.025,28.73,1.025,263.0106197,0
39,10.1016/j.jpowsour.2010.12.040,FSI,EC:0.300+EMC:0.700,4,3.346973534,1.8281856052711594,1.5187879287288406,0.7,28.73,1.025,28.73,1.025,253.2231362,0
40,10.1016/j.jpowsour.2010.12.040,FSI,EC:0.300+EMC:0.700,4,12.3682667,4.593608905241844,7.774657794758156,0.7,28.73,1.025,28.73,1.025,332.6084723,0
41,10.1016/j.jpowsour.2010.12.040,FSI,EC:0.300+EMC:0.700,4,10.9825629,4.206371126376892,6.776191773623108,0.7,28.73,1.025,28.73,1.025,322.7762915,0
42,10.1016/j.jpowsour.2010.12.040,FSI,EC:0.300+EMC:0.700,4,9.624200289,4.028424535990858,5.595775753009141,0.7,28.73,1.025,28.73,1.025,312.8052904,0
43,10.1016/j.jpowsour.2010.12.040,FSI,EC:0.300+EMC:0.700,4,8.268462264,3.878935477800783,4.389526786199217,0.7,28.73,1.025,28.73,1.025,302.7744584,0
44,10.1016/j.jpowsour.2010.12.040,FSI,EC:0.300+EMC:0.700,4,7.638732831,3.8230905650177562,3.8156422659822433,0.7,28.73,1.025,28.73,1.025,297.7574305,0
45,10.1016/j.jpowsour.2010.12.040,FSI,EC:0.300+EMC:0.700,4,6.964404506,3.4797886338800676,3.4846158721199325,0.7,28.73,1.025,28.73,1.025,292.9069031,0
46,10.1016/j.jpowsour.2010.12.040,FSI,EC:0.300+EMC:0.700,4,5.675556682,3.0547465615071254,2.6208101204928744,0.7,28.73,1.025,28.73,1.025,282.9460375,0
47,10.1016/j.jpowsour.2010.12.040,FSI,EC:0.300+EMC:0.700,4,4.504692324,2.4128084445414437,2.091883879458556,0.7,28.73,1.025,28.73,1.025,272.9725552,0
48,10.1016/j.jpowsour.2010.12.040,FSI,EC:0.300+EMC:0.700,4,3.391455968,1.8190564597372285,1.5723995082627713,0.7,28.73,1.025,28.73,1.025,263.0628597,0
49,10.1016/j.jpowsour.2010.12.040,FSI,EC:0.300+EMC:0.700,4,2.406050072,1.8268780221781897,0.5791720498218105,0.7,28.73,1.025,28.73,1.025,253.1626323,0
50,10.1016/j.jpowsour.2010.12.040,PF6,EC:0.300+EMC:0.700,4,15.68624976,4.503619359524861,11.18263040047514,0.7,28.73,1.025,28.73,1.025,332.5401445,0
51,10.1016/j.jpowsour.2010.12.040,PF6,EC:0.300+EMC:0.700,4,13.83716218,4.116789949213494,9.720372230786506,0.7,28.73,1.025,28.73,1.025,322.7137304,0
52,10.1016/j.jpowsour.2010.12.040,PF6,EC:0.300+EMC:0.700,4,12.04594933,3.898879872861407,8.147069457138592,0.7,28.73,1.025,28.73,1.025,312.5720753,0
53,10.1016/j.jpowsour.2010.12.040,PF6,EC:0.300+EMC:0.700,4,10.21332669,3.7422100781885104,6.471116611811491,0.7,28.73,1.025,28.73,1.025,302.7241275,0
54,10.1016/j.jpowsour.2010.12.040,PF6,EC:0.300+EMC:0.700,4,9.373393367,3.6903749988492165,5.683018368150783,0.7,28.73,1.025,28.73,1.025,297.8700566,0
55,10.1016/j.jpowsour.2010.12.040,PF6,EC:0.300+EMC:0.700,4,8.545933527,3.3466963209729124,5.199237206027089,0.7,28.73,1.025,28.73,1.025,292.706816,0
56,10.1016/j.jpowsour.2010.12.040,PF6,EC:0.300+EMC:0.700,4,6.873059177,2.94580123873659,3.92725793826341,0.7,28.73,1.025,28.73,1.025,282.9062028,0
57,10.1016/j.jpowsour.2010.12.040,PF6,EC:0.300+EMC:0.700,4,5.348178506,2.3314248062741356,3.0167536997258644,0.7,28.73,1.025,28.73,1.025,272.939314,0
58,10.1016/j.jpowsour.2010.12.040,PF6,EC:0.300+EMC:0.700,4,4.0,1.7721065243776188,2.2278934756223814,0.7,28.73,1.025,28.73,1.025,263.0331754,0
59,10.1016/j.jpowsour.2010.12.040,PF6,EC:0.300+EMC:0.700,4,2.76382576,1.783078655728505,0.980747104271495,0.7,28.73,1.025,28.73,1.025,253.1395384,0
60,10.1016/j.jpowsour.2010.12.040,BF4,EC:0.300+EMC:0.700,4,6.103022078,4.593608905241844,1.5094131727581566,0.7,28.73,1.025,28.73,1.025,332.8117237,0
61,10.1016/j.jpowsour.2010.12.040,BF4,EC:0.300+EMC:0.700,4,5.419257645,4.206371126376892,1.2128865186231081,0.7,28.73,1.025,28.73,1.025,322.9677005,0
62,10.1016/j.jpowsour.2010.12.040,BF4,EC:0.300+EMC:0.700,4,4.748984501,4.028424535990858,0.7205599650091417,0.7,28.73,1.025,28.73,1.025,312.985053,0
63,10.1016/j.jpowsour.2010.12.040,BF4,EC:0.300+EMC:0.700,4,4.080006438,3.878935477800783,0.20107096019921666,0.7,28.73,1.025,28.73,1.025,302.9428736,0
64,10.1016/j.jpowsour.2010.12.040,BF4,EC:0.300+EMC:0.700,4,3.719833623,3.8247073929920385,0.10487376999203857,0.7,28.73,1.025,28.73,1.025,298.0833662,0
65,10.1016/j.jpowsour.2010.12.040,BF4,EC:0.300+EMC:0.700,4,3.436529588,3.4797886338800676,0.04325904588006768,0.7,28.73,1.025,28.73,1.025,293.0645169,0
66,10.1016/j.jpowsour.2010.12.040,BF4,EC:0.300+EMC:0.700,4,2.856573625,2.6910752857804052,0.16549833921959456,0.75,28.73,1.025,28.73,1.025,283.0889854,0
67,10.1016/j.jpowsour.2010.12.040,BF4,EC:0.300+EMC:0.700,4,2.29739671,2.4128084445414437,0.1154117345414436,0.7,28.73,1.025,28.73,1.025,273.103041,0
68,10.1016/j.jpowsour.2010.12.040,BF4,EC:0.300+EMC:0.700,4,1.764240962,1.8190564597372285,0.0548154977372286,0.7,28.73,1.025,28.73,1.025,263.1804756,0
69,10.1016/j.jpowsour.2010.12.040,BF4,EC:0.300+EMC:0.700,4,1.293633165,1.2411912994560936,0.052441865543906285,0.8,28.73,1.025,28.73,1.025,253.3816835,0
70,10.1016/j.jpowsour.2010.12.040,BF4,EC:0.300+EMC:0.700,4,10.48660798,4.593608905241844,5.892999074758157,0.7,28.73,1.025,28.73,1.025,332.6559387,0
71,10.1016/j.jpowsour.2010.12.040,BF4,EC:0.300+EMC:0.700,4,9.311719622,4.206371126376892,5.105348495623108,0.7,28.73,1.025,28.73,1.025,322.8209929,0
72,10.1016/j.jpowsour.2010.12.040,BF4,EC:0.300+EMC:0.700,4,8.052985912,4.028424535990858,4.024561376009142,0.7,28.73,1.025,28.73,1.025,312.8506316,0
73,10.1016/j.jpowsour.2010.12.040,BF4,EC:0.300+EMC:0.700,4,6.827836782,3.878935477800783,2.948901304199217,0.7,28.73,1.025,28.73,1.025,302.8200851,0
74,10.1016/j.jpowsour.2010.12.040,BF4,EC:0.300+EMC:0.700,4,6.266322617,3.83665749008974,2.42966512691026,0.7,28.73,1.025,28.73,1.025,297.9629611,0
75,10.1016/j.jpowsour.2010.12.040,BF4,EC:0.300+EMC:0.700,4,5.75098679,3.4797886338800676,2.271198156119932,0.7,28.73,1.025,28.73,1.025,292.9496041,0
76,10.1016/j.jpowsour.2010.12.040,BF4,EC:0.300+EMC:0.700,4,4.717737796,3.053681692627593,1.6640561033724066,0.7,28.73,1.025,28.73,1.025,283.1288716,0
77,10.1016/j.jpowsour.2010.12.040,BF4,EC:0.300+EMC:0.700,4,3.695358381,2.4128084445414437,1.2825499364585564,0.7,28.73,1.025,28.73,1.025,273.0109204,0
78,10.1016/j.jpowsour.2010.12.040,BF4,EC:0.300+EMC:0.700,4,2.800557959,1.8376490826845067,0.9629088763154932,0.7,28.73,1.025,28.73,1.025,263.2220822,0
79,10.1016/j.jpowsour.2010.12.040,BF4,EC:0.300+EMC:0.700,4,1.973767943,1.8281856052711594,0.14558233772884055,0.7,28.73,1.025,28.73,1.025,253.1956308,0
120,10.1016/j.jpowsour.2011.07.071,TFSI,EC:0.200+DMC:0.800,4,9.066666667,8.24498229803216,0.8216843689678406,0.7,20.28,0.852,20.28,0.852,298.0,1
121,10.1016/j.jpowsour.2011.07.071,TFSI,EC:0.250+DMC:0.750,4,9.3,8.225662626474772,1.0743373735252284,0.7,24.575,0.9175,24.575,0.9175,298.0,1
122,10.1016/j.jpowsour.2011.07.071,TFSI,EC:0.300+DMC:0.700,4,9.373333333,8.214538384596338,1.1587949484036617,0.7,28.87,0.983,28.87,0.983,298.0,1
4363,10.1149/1.1466857,PF6,EC:0.300+EMC:0.700,4,0.551948052,0.9077038498548601,0.3557557978548601,0.9,28.73,1.025,28.73,1.025,222.7274648,0
4364,10.1149/1.1466857,PF6,EC:0.300+EMC:0.700,4,1.038961039,1.0712724039607529,0.01921570897034841,0.8,28.73,1.025,28.73,1.025,232.5866197,0
4365,10.1149/1.1466857,PF6,EC:0.300+EMC:0.700,4,1.818181818,1.6836217372801738,0.13456008071982617,0.7,28.73,1.025,28.73,1.025,243.0091549,0
4366,10.1149/1.1466857,PF6,EC:0.300+EMC:0.700,4,2.824675325,1.783078655728505,1.0415966692714949,0.7,28.73,1.025,28.73,1.025,252.8683099,0
4367,10.1149/1.1466857,PF6,EC:0.300+EMC:0.700,4,3.928571429,1.7721065243776188,2.156464904622381,0.7,28.73,1.025,28.73,1.025,263.0091549,0
4368,10.1149/1.1466857,PF6,EC:0.300+EMC:0.700,4,5.162337662,2.3039129776853633,2.8584246843146364,0.7,28.73,1.025,28.73,1.025,272.8683099,0
4369,10.1149/1.1466857,PF6,EC:0.300+EMC:0.700,4,6.493506494,2.94580123873659,3.54770525526341,0.7,28.73,1.025,28.73,1.025,283.0091549,0
4370,10.1149/1.1466857,PF6,EC:0.300+EMC:0.700,4,7.954545455,3.356182008560646,4.598363446439354,0.7,28.73,1.025,28.73,1.025,292.8683099,0
4371,10.1149/1.1466857,PF6,EC:0.300+EMC:0.700,4,9.545454545,3.7422100781885104,5.80324446681149,0.7,28.73,1.025,28.73,1.025,303.0091549,0
4372,10.1149/1.1466857,PF6,EC:0.300+EMC:0.700,4,11.16883117,3.898879872861407,7.269951297138594,0.7,28.73,1.025,28.73,1.025,312.8683099,0
4373,10.1149/1.1466857,PF6,EC:0.300+EMC:0.700,4,12.5974026,4.116789949213494,8.480612650786506,0.7,28.73,1.025,28.73,1.025,323.0091549,0
4374,10.1149/1.1466857,PF6,EC:0.300+EMC:0.700,4,14.05844156,4.551711356693053,9.506730203306947,0.7,28.73,1.025,28.73,1.025,333.15,0
4375,10.1149/1.1466857,BF4,EC:0.300+EMC:0.700,4,0.12987013,0.8839029378057097,0.7540328078057097,0.9,28.73,1.025,28.73,1.025,222.4457746,0
4376,10.1149/1.1466857,BF4,EC:0.300+EMC:0.700,4,0.454545455,0.9606847247666326,0.5061392697666326,0.9,28.73,1.025,28.73,1.025,232.5866197,0
4377,10.1149/1.1466857,BF4,EC:0.300+EMC:0.700,4,0.714285714,1.0358911297766,0.32160541577660007,0.9,28.73,1.025,28.73,1.025,243.0091549,0
4378,10.1149/1.1466857,BF4,EC:0.300+EMC:0.700,4,0.974025974,1.094567822147483,0.12054184814748303,0.9,28.73,1.025,28.73,1.025,252.8683099,0
4379,10.1149/1.1466857,BF4,EC:0.300+EMC:0.700,4,1.233766234,1.229894540209501,0.003871693790499009,0.8,28.73,1.025,28.73,1.025,263.0091549,0
4380,10.1149/1.1466857,BF4,EC:0.300+EMC:0.700,4,1.720779221,1.6424361347844467,0.07834308621555319,0.8,28.73,1.025,28.73,1.025,272.8683099,0
4381,10.1149/1.1466857,BF4,EC:0.300+EMC:0.700,4,2.045454545,2.014141886403208,0.031312658596792,0.85,28.73,1.025,28.73,1.025,283.2908451,0
4382,10.1149/1.1466857,BF4,EC:0.300+EMC:0.700,4,2.564935065,2.4171783941669736,0.14775667083302624,0.8,28.73,1.025,28.73,1.025,293.15,0
4383,10.1149/1.1466857,BF4,EC:0.300+EMC:0.700,4,3.084415584,3.387475736463317,0.30306015246331697,0.75,28.73,1.025,28.73,1.025,303.0091549,0
4384,10.1149/1.1466857,BF4,EC:0.300+EMC:0.700,4,3.506493506,3.507950307765042,0.0014568017650420373,0.75,28.73,1.025,28.73,1.025,312.8683099,0
4385,10.1149/1.1466857,BF4,EC:0.300+EMC:0.700,4,3.928571429,4.206371126376892,0.26706357491284116,0.7,28.73,1.025,28.73,1.025,323.2908451,0
4386,10.1149/1.1466857,BF4,EC:0.300+EMC:0.700,4,4.220779221,4.036759971384691,0.18401924961530902,0.75,28.73,1.025,28.73,1.025,333.15,0
11918,10.1149/2.0571912jes,PF6,EC:0.300+EMC:0.700,4,1.417,1.4800783353200786,0.06307833532007856,0.9,28.73,1.025,3.1890300000000003,0.1137749999999999,263.15,0
11919,10.1149/2.0571912jes,PF6,EC:0.300+EMC:0.700,4,3.784,2.271694112570297,1.5123058874297026,0.7,28.73,1.025,14.33627,0.5114749999999999,263.15,0
11920,10.1149/2.0571912jes,PF6,EC:0.300+EMC:0.700,4,4.185,1.7904955549873685,2.394504445012631,0.7,28.73,1.025,28.58635,1.019875,263.15,0
11921,10.1149/2.0571912jes,PF6,EC:0.300+EMC:0.700,4,3.11,1.3430746027285105,1.7669253972714893,0.7,28.73,1.025,43.095,1.5375,263.15,0
11922,10.1149/2.0571912jes,PF6,EC:0.300+EMC:0.700,4,1.665,0.9678461626535599,0.6971538373464401,0.7,28.73,1.025,57.373810000000006,2.046925,263.15,0
11923,10.1149/2.0571912jes,PF6,EC:0.300+EMC:0.700,4,0.35,0.3973786118417889,0.04617423615226024,0.8,28.73,1.025,86.24745999999999,3.0770499999999994,263.15,0
11924,10.1149/2.0571912jes,PF6,EC:0.300+EMC:0.700,4,1.631,1.8942880989452902,0.26328809894529015,0.9,28.73,1.025,2.98792,0.1065999999999999,273.15,0
11925,10.1149/2.0571912jes,PF6,EC:0.300+EMC:0.700,4,4.697,2.9215690345684755,1.7754309654315246,0.7,28.73,1.025,14.02024,0.5002,273.15,0
11926,10.1149/2.0571912jes,PF6,EC:0.300+EMC:0.700,4,5.39,2.353524127565697,3.036475872434303,0.7,28.73,1.025,28.61508,1.0209,273.15,0
11927,10.1149/2.0571912jes,PF6,EC:0.300+EMC:0.700,4,4.276,1.8157542752271065,2.4602457247728933,0.7,28.73,1.025,42.98008,1.5334,273.15,0
11928,10.1149/2.0571912jes,PF6,EC:0.300+EMC:0.700,4,2.637,1.393407445475807,1.243592554524193,0.7,28.73,1.025,57.431270000000005,2.048975,273.15,0
11929,10.1149/2.0571912jes,PF6,EC:0.300+EMC:0.700,4,0.855,0.8519443716463919,0.003055628353608064,0.7,28.73,1.025,86.13254,3.07295,273.15,0
11930,10.1149/2.0571912jes,PF6,EC:0.300+EMC:0.700,4,2.137,2.3270664244175725,0.1900664244175725,0.9,28.73,1.025,2.93046,0.1045499999999999,283.15,0
11931,10.1149/2.0571912jes,PF6,EC:0.300+EMC:0.700,4,5.63,3.6371755686730696,1.9928244313269303,0.7,28.73,1.025,14.27881,0.5094249999999999,283.15,0
11932,10.1149/2.0571912jes,PF6,EC:0.300+EMC:0.700,4,6.77,2.9709329526897266,3.799067047310273,0.7,28.73,1.025,28.55762,1.0188499999999998,283.15,0
11933,10.1149/2.0571912jes,PF6,EC:0.300+EMC:0.700,4,5.656,2.3404559368390223,3.3155440631609774,0.7,28.73,1.025,43.03754,1.5354499999999998,283.15,0
11934,10.1149/2.0571912jes,PF6,EC:0.300+EMC:0.700,4,3.725,1.8632337291078038,1.8617662708921963,0.7,28.73,1.025,57.373810000000006,2.046925,283.15,0
11935,10.1149/2.0571912jes,PF6,EC:0.300+EMC:0.700,4,1.399,1.2292677540522956,0.16973224594770442,0.7,28.73,1.025,86.19,3.075,283.15,0
11936,10.1149/2.0571912jes,PF6,EC:0.300+EMC:0.700,4,2.467,2.6256017073631996,0.15860170736319956,0.9,28.73,1.025,2.93046,0.1045499999999999,293.15,0
11937,10.1149/2.0571912jes,PF6,EC:0.300+EMC:0.700,4,6.796,4.132038018458308,2.663961981541692,0.7,28.73,1.025,14.27881,0.5094249999999999,293.15,0
11938,10.1149/2.0571912jes,PF6,EC:0.300+EMC:0.700,4,8.267,3.3830892780305435,4.883910721969456,0.7,28.73,1.025,28.67254,1.0229499999999998,293.15,0
11939,10.1149/2.0571912jes,PF6,EC:0.300+EMC:0.700,4,7.172,2.7192432652818512,4.4527567347181485,0.7,28.73,1.025,43.06627,1.536475,293.15,0
11940,10.1149/2.0571912jes,PF6,EC:0.300+EMC:0.700,4,5.047,2.185758089672724,2.861241910327276,0.7,28.73,1.025,57.54619,2.053075,293.15,0
11941,10.1149/2.0571912jes,PF6,EC:0.300+EMC:0.700,4,2.216,1.5099307005937197,0.7060692994062805,0.7,28.73,1.025,86.19,3.075,293.15,0
11942,10.1149/2.0571912jes,PF6,EC:0.300+EMC:0.700,4,2.739,2.9278965375654,0.18889653756539992,0.9,28.73,1.025,2.93046,0.1045499999999999,303.15,0
11943,10.1149/2.0571912jes,PF6,EC:0.300+EMC:0.700,4,7.613,4.567244573530646,3.0457554264693547,0.7,28.73,1.025,14.33627,0.5114749999999999,303.15,0
11944,10.1149/2.0571912jes,PF6,EC:0.300+EMC:0.700,4,9.764,3.77366797690878,5.990332023091219,0.7,28.73,1.025,28.61508,1.0209,303.15,0
11945,10.1149/2.0571912jes,PF6,EC:0.300+EMC:0.700,4,8.688,3.043322984644039,5.644677015355962,0.7,28.73,1.025,43.12373,1.5385249999999997,303.15,0
11946,10.1149/2.0571912jes,PF6,EC:0.300+EMC:0.700,4,6.466,2.4835467048073383,3.982453295192662,0.7,28.73,1.025,57.57492,2.0541,303.15,0
11947,10.1149/2.0571912jes,PF6,EC:0.300+EMC:0.700,4,3.246,1.7523119217981065,1.4936880782018935,0.7,28.73,1.025,86.07508,3.0708999999999995,303.15,0
11948,10.1149/2.0571912jes,PF6,EC:0.300+EMC:0.700,4,3.381,3.3083221863753707,0.0726778136246291,0.85,28.73,1.025,2.93046,0.1045499999999999,313.15,0
11949,10.1149/2.0571912jes,PF6,EC:0.300+EMC:0.700,4,9.07,4.772129223861382,4.297870776138618,0.7,28.73,1.025,14.27881,0.5094249999999999,313.15,0
11950,10.1149/2.0571912jes,PF6,EC:0.300+EMC:0.700,4,11.513,3.9313770554708523,7.581622944529148,0.7,28.73,1.025,28.61508,1.0209,313.15,0
11951,10.1149/2.0571912jes,PF6,EC:0.300+EMC:0.700,4,10.748,3.1878281135139566,7.560171886486042,0.7,28.73,1.025,42.86516,1.5293,313.15,0
11952,10.1149/2.0571912jes,PF6,EC:0.300+EMC:0.700,4,8.312,2.594046422120031,5.717953577879968,0.7,28.73,1.025,57.51745999999999,2.0520499999999995,313.15,0
11953,10.1149/2.0571912jes,PF6,EC:0.300+EMC:0.700,4,4.373,1.8099676264223068,2.5630323735776934,0.7,28.73,1.025,86.07508,3.0708999999999995,313.15,0
11954,10.1149/2.0571912jes,PF6,EC:0.300+EMC:0.700,4,3.556,3.3411853995695706,0.21481460043042944,0.85,28.73,1.025,2.75808,0.0983999999999999,323.15,0
11955,10.1149/2.0571912jes,PF6,EC:0.300+EMC:0.700,4,9.537,5.028882839489655,4.508117160510346,0.7,28.73,1.025,14.27881,0.5094249999999999,323.15,0
11956,10.1149/2.0571912jes,PF6,EC:0.300+EMC:0.700,4,13.029,4.116789949213494,8.912210050786506,0.7,28.73,1.025,28.70127,1.023975,323.15,0
11957,10.1149/2.0571912jes,PF6,EC:0.300+EMC:0.700,4,11.934,3.3559535528965037,8.578046447103496,0.7,28.73,1.025,43.00881,1.534425,323.15,0
11958,10.1149/2.0571912jes,PF6,EC:0.300+EMC:0.700,4,9.44,2.7707125204058793,6.66928747959412,0.7,28.73,1.025,57.25889,2.042825,323.15,0
11959,10.1149/2.0571912jes,PF6,EC:0.300+EMC:0.700,4,5.617,1.8952448710160823,3.7217551289839177,0.7,28.73,1.025,86.07508,3.0708999999999995,323.15,0
127,10.1016/j.jpowsour.2011.07.071,TFSI,EC:0.800+DMC:0.200,5,8.666666667,6.44990375280694,2.216762914193059,0.7,71.82000000000001,1.638,71.82000000000001,1.638,298.0,1
128,10.1016/j.jpowsour.2011.07.071,TFSI,EC:1.000,5,7.906666667,4.2751083350532415,3.631558331946758,0.7,89.0,1.9,89.0,1.9,298.0,1
13616,10.1016/0378-7753(91)80004-H,PF6,EC:0.500+PC:0.500,5,0.01,0.1170269248216191,0.09502730988343318,0.8,76.95,2.215,76.95,2.215,213.15,0
13619,10.1016/0378-7753(91)80004-H,PF6,EC:0.500+PC:0.500,5,0.05,0.19792300987227712,0.14792300987227713,0.85,76.95,2.215,76.95,2.215,223.15,0
13622,10.1016/0378-7753(91)80004-H,PF6,EC:0.500+PC:0.500,5,0.23,0.3044561563169909,0.0744561563169909,0.85,76.95,2.215,76.95,2.215,233.15,0
13625,10.1016/0378-7753(91)80004-H,PF6,EC:0.500+PC:0.500,5,0.71,0.4887456197098336,0.22125438029016636,0.7,76.95,2.215,76.95,2.215,243.15,0
13628,10.1016/0378-7753(91)80004-H,PF6,EC:0.500+PC:0.500,5,1.36,0.5937910300650335,0.7662089699349666,0.7,76.95,2.215,76.95,2.215,253.15,0
13631,10.1016/0378-7753(91)80004-H,PF6,EC:0.500+PC:0.500,5,2.26,0.631247799017557,1.6287522009824427,0.7,76.95,2.215,76.95,2.215,263.15,0
13634,10.1016/0378-7753(91)80004-H,PF6,EC:0.500+PC:0.500,5,3.46,0.9970847112506145,2.4629152887493855,0.7,76.95,2.215,76.95,2.215,273.15,0
13637,10.1016/0378-7753(91)80004-H,PF6,EC:0.500+PC:0.500,5,6.56,1.76666104461858,4.79333895538142,0.7,76.95,2.215,76.95,2.215,293.15,0
13640,10.1016/0378-7753(91)80004-H,PF6,EC:0.500+PC:0.500,5,10.34,2.2181064491458082,8.121893550854193,0.7,76.95,2.215,76.95,2.215,313.15,0
13643,10.1016/0378-7753(91)80004-H,PF6,EC:0.500+PC:0.500,5,14.63,2.4604377270249342,12.169562272975067,0.7,76.95,2.215,76.95,2.215,333.15,0
13646,10.1016/0378-7753(91)80004-H,PF6,EC:0.500+PC:0.500,5,19.35,4.262066849398101,15.0879331506019,0.7,76.95,2.215,76.95,2.215,353.15,0
13793,10.1016/0378-7753(91)80004-H,BF4,EC:0.500+PC:0.500,5,0.02,0.11924575674077212,0.08732813980128003,0.8,76.95,2.215,76.95,2.215,213.15,0
13796,10.1016/0378-7753(91)80004-H,BF4,EC:0.500+PC:0.500,5,0.05,0.2037600539491961,0.1530574243152567,0.85,76.95,2.215,76.95,2.215,223.15,0
13799,10.1016/0378-7753(91)80004-H,BF4,EC:0.500+PC:0.500,5,0.19,0.3134580742201103,0.12345807422011029,0.85,76.95,2.215,76.95,2.215,233.15,0
13802,10.1016/0378-7753(91)80004-H,BF4,EC:0.500+PC:0.500,5,0.64,0.49982314601667366,0.14017685398332635,0.7,76.95,2.215,76.95,2.215,243.15,0
13805,10.1016/0378-7753(91)80004-H,BF4,EC:0.500+PC:0.500,5,1.11,0.6056501830522258,0.5043498169477743,0.7,76.95,2.215,76.95,2.215,253.15,0
13808,10.1016/0378-7753(91)80004-H,BF4,EC:0.500+PC:0.500,5,1.71,0.6445931728169085,1.0654068271830914,0.7,76.95,2.215,76.95,2.215,263.15,0
13811,10.1016/0378-7753(91)80004-H,BF4,EC:0.500+PC:0.500,5,2.41,1.0300660009167395,1.3799339990832606,0.7,76.95,2.215,76.95,2.215,273.15,0
13814,10.1016/0378-7753(91)80004-H,BF4,EC:0.500+PC:0.500,5,4.25,1.818120466363364,2.4318795336366357,0.7,76.95,2.215,76.95,2.215,293.15,0
13817,10.1016/0378-7753(91)80004-H,BF4,EC:0.500+PC:0.500,5,6.27,2.2665684275537914,4.003431572446209,0.7,76.95,2.215,76.95,2.215,313.15,0
13820,10.1016/0378-7753(91)80004-H,BF4,EC:0.500+PC:0.500,5,8.51,2.4856782925577185,6.024321707442281,0.7,76.95,2.215,76.95,2.215,333.15,0
13823,10.1016/0378-7753(91)80004-H,BF4,EC:0.500+PC:0.500,5,10.79,4.182106816842772,6.607893183157227,0.7,76.95,2.215,76.95,2.215,353.15,0
123,10.1016/j.jpowsour.2011.07.071,TFSI,EC:0.400+DMC:0.600,6,9.446666667,8.274838277945923,1.1718283890540775,0.7,37.46,1.114,37.46,1.114,298.0,1
10873,10.1149/1.1872737,PF6,EC:0.270+PC:0.100+DMC:0.630,6,12.29547642,10.57803645576692,1.7174399642330798,0.8,32.473,1.1377,12.621085032864,0.4421829963936,333.0,0
10874,10.1149/1.1872737,PF6,EC:0.270+PC:0.100+DMC:0.630,6,12.82483157,10.57006055231971,2.254771017680291,0.8,32.473,1.1377,12.708731445879,0.4452537112670999,333.0,0
10875,10.1149/1.1872737,PF6,EC:0.270+PC:0.100+DMC:0.630,6,19.30943215,10.562499649305696,8.746932500694303,0.8,32.473,1.1377,31.202126865154,1.0931746292146,333.0,0
10877,10.1149/1.1872737,PF6,EC:0.270+PC:0.100+DMC:0.630,6,18.21462945,10.528813570628834,7.685815879371166,0.8,32.473,1.1377,56.269004039906,1.9713991899794,333.0,0
10878,10.1149/1.1872737,PF6,EC:0.270+PC:0.100+DMC:0.630,6,15.816490216666669,10.233288646355074,5.583201570311594,0.7,32.473,1.1377,72.746531700052,2.5486936567348,333.0,0
10881,10.1149/1.1872737,PF6,EC:0.270+PC:0.100+DMC:0.630,6,7.747834456,8.91449059194023,1.1666561359402312,0.9,32.473,1.1377,108.155686909494,3.7892626180806,333.0,0
10884,10.1149/1.1872737,PF6,EC:0.270+PC:0.100+DMC:0.630,6,10.08180943,9.429763503786925,0.6520459262130753,0.7,32.473,1.1377,12.621085032864,0.4421829963936,313.0,0
10885,10.1149/1.1872737,PF6,EC:0.270+PC:0.100+DMC:0.630,6,14.96631376,9.380700506144313,5.585613253855687,0.7,32.473,1.1377,31.202126865154,1.0931746292146,313.0,0
10886,10.1149/1.1872737,PF6,EC:0.270+PC:0.100+DMC:0.630,6,14.19634264,9.423087543905073,4.7732550960949265,0.7,32.473,1.1377,56.444296898409,1.9775406208641,313.0,0
10887,10.1149/1.1872737,PF6,EC:0.270+PC:0.100+DMC:0.630,6,13.16169394,9.423087543905073,3.7386063960949265,0.7,32.473,1.1377,56.35665048539399,1.9744699059906,313.0,0
10888,10.1149/1.1872737,PF6,EC:0.270+PC:0.100+DMC:0.630,6,10.29836381,9.329865989124878,0.9684978208751218,0.7,32.473,1.1377,72.571238874022,2.5425522269878,313.0,0
10889,10.1149/1.1872737,PF6,EC:0.270+PC:0.100+DMC:0.630,6,3.970163619,6.54060572997095,2.5704421109709497,0.9,32.473,1.1377,108.243333322509,3.7923333329541,313.0,0
10891,10.1149/1.1872737,PF6,EC:0.270+PC:0.100+DMC:0.630,6,7.832050048,7.885467989845653,0.05341794184565263,0.7,32.473,1.1377,12.796377858894,0.4483244261406,293.0,0
10893,10.1149/1.1872737,PF6,EC:0.270+PC:0.100+DMC:0.630,6,10.77959577,7.898413536988483,2.8811822330115175,0.7,32.473,1.1377,31.026834006651,1.0870331983299,293.0,0
10894,10.1149/1.1872737,PF6,EC:0.270+PC:0.100+DMC:0.630,6,8.54186718,7.834320808664986,0.707546371335015,0.7,32.473,1.1377,56.35665048539399,1.9744699059906,293.0,0
10895,10.1149/1.1872737,PF6,EC:0.270+PC:0.100+DMC:0.630,6,6.207892204,6.257476613229842,0.04958440922984142,0.85,32.473,1.1377,72.658885287037,2.5456229418612994,293.0,0
10897,10.1149/1.1872737,PF6,EC:0.270+PC:0.100+DMC:0.630,6,1.588065448,5.467467287218863,3.879401839218863,0.9,32.473,1.1377,108.243333322509,3.7923333329541,293.0,0
10899,10.1149/1.1872737,PF6,EC:0.270+PC:0.100+DMC:0.630,6,4.234841193,4.243655145422231,0.00881395242223082,0.8,32.473,1.1377,12.708731445879,0.4452537112670999,263.0,0
10900,10.1149/1.1872737,PF6,EC:0.270+PC:0.100+DMC:0.630,6,5.221366699,4.588408146032005,0.6329585529679944,0.7,32.473,1.1377,31.026834006651,1.0870331983299,263.0,0
10901,10.1149/1.1872737,PF6,EC:0.270+PC:0.100+DMC:0.630,6,2.935514918,3.4774181731243115,0.5419032551243115,0.9,32.473,1.1377,56.444296898409,1.9775406208641,263.0,0
10902,10.1149/1.1872737,PF6,EC:0.270+PC:0.100+DMC:0.630,6,1.347449471,3.274719305106613,1.927269834106613,0.9,32.473,1.1377,72.571238874022,2.5425522269878,263.0,0
10903,10.1149/1.1872737,PF6,EC:0.270+PC:0.100+DMC:0.630,6,0.144369586,3.2606036450834996,3.1162340590835,0.9,32.473,1.1377,108.068040496479,3.7861919032071,263.0,0
