original_row_index,doi,conductivity,anion_name,composition_summary,solvent_entropy,weighted_permittivity,weighted_viscosity_mPa_s_25C,salt_conc_x_weighted_permittivity,salt_conc_x_weighted_viscosity,anion_PF6,anion_ClO4,anion_TFSI,anion_FSI,anion_BF4,has_EC,frac_EC,has_PC,frac_PC,has_DME,frac_DME,has_DMC,frac_DMC,has_DEC,frac_DEC,has_EMC,frac_EMC
23,10.1016/j.electacta.2008.04.023,4.534450652,PF6,EC:0.300+EMC:0.700,0.6108643020548935,28.73,1.025,5.80149254087,0.20697980697499999,1,0,0,0,0,1,0.3,0,0.0,0,0.0,0,0.0,0,0.0,1,0.7
24,10.1016/j.electacta.2008.04.023,7.802607076,PF6,EC:0.300+EMC:0.700,0.6108643020548935,28.73,1.025,14.32716417015,0.511150131375,1,0,0,0,0,1,0.3,0,0.0,0,0.0,0,0.0,0,0.0,1,0.7
25,10.1016/j.electacta.2008.04.023,9.348230912,PF6,EC:0.300+EMC:0.700,0.6108643020548935,28.73,1.025,22.95373133612,0.8189201051,1,0,0,0,0,1,0.3,0,0.0,0,0.0,0,0.0,0,0.0,1,0.7
26,10.1016/j.electacta.2008.04.023,9.506517691,PF6,EC:0.300+EMC:0.700,0.6108643020548935,28.73,1.025,28.75522387699,1.0258999120749999,1,0,0,0,0,1,0.3,0,0.0,0,0.0,0,0.0,0,0.0,1,0.7
27,10.1016/j.electacta.2008.04.023,9.217877095,PF6,EC:0.300+EMC:0.700,0.6108643020548935,28.73,1.025,34.50626866388,1.2310798949,1,0,0,0,0,1,0.3,0,0.0,0,0.0,0,0.0,0,0.0,1,0.7
28,10.1016/j.electacta.2008.04.023,7.774674115,PF6,EC:0.300+EMC:0.700,0.6108643020548935,28.73,1.025,45.957910454949996,1.6396400353749998,1,0,0,0,0,1,0.3,0,0.0,0,0.0,0,0.0,0,0.0,1,0.7
29,10.1016/j.electacta.2008.04.023,5.931098696,PF6,EC:0.300+EMC:0.700,0.6108643020548935,28.73,1.025,57.40955224602,2.04820017585,1,0,0,0,0,1,0.3,0,0.0,0,0.0,0,0.0,0,0.0,1,0.7
30,10.1016/j.electacta.2008.04.023,5.158286778,PF6,EC:0.300+EMC:0.700,0.6108643020548935,28.73,1.025,63.21104478689,2.2551799828249997,1,0,0,0,0,1,0.3,0,0.0,0,0.0,0,0.0,0,0.0,1,0.7
31,10.1016/j.jpowsour.2010.12.040,15.58303956,FSI,EC:0.300+EMC:0.700,0.6108643020548935,28.73,1.025,28.73,1.025,0,0,0,1,0,1,0.3,0,0.0,0,0.0,0,0.0,0,0.0,1,0.7
32,10.1016/j.jpowsour.2010.12.040,13.92880901,FSI,EC:0.300+EMC:0.700,0.6108643020548935,28.73,1.025,28.73,1.025,0,0,0,1,0,1,0.3,0,0.0,0,0.0,0,0.0,0,0.0,1,0.7
33,10.1016/j.jpowsour.2010.12.040,12.2868877,FSI,EC:0.300+EMC:0.700,0.6108643020548935,28.73,1.025,28.73,1.025,0,0,0,1,0,1,0.3,0,0.0,0,0.0,0,0.0,0,0.0,1,0.7
34,10.1016/j.jpowsour.2010.12.040,10.69635701,FSI,EC:0.300+EMC:0.700,0.6108643020548935,28.73,1.025,28.73,1.025,0,0,0,1,0,1,0.3,0,0.0,0,0.0,0,0.0,0,0.0,1,0.7
35,10.1016/j.jpowsour.2010.12.040,9.009384647,FSI,EC:0.300+EMC:0.700,0.6108643020548935,28.73,1.025,28.73,1.025,0,0,0,1,0,1,0.3,0,0.0,0,0.0,0,0.0,0,0.0,1,0.7
36,10.1016/j.jpowsour.2010.12.040,7.439667245,FSI,EC:0.300+EMC:0.700,0.6108643020548935,28.73,1.025,28.73,1.025,0,0,0,1,0,1,0.3,0,0.0,0,0.0,0,0.0,0,0.0,1,0.7
37,10.1016/j.jpowsour.2010.12.040,5.943977157,FSI,EC:0.300+EMC:0.700,0.6108643020548935,28.73,1.025,28.73,1.025,0,0,0,1,0,1,0.3,0,0.0,0,0.0,0,0.0,0,0.0,1,0.7
38,10.1016/j.jpowsour.2010.12.040,4.534527977,FSI,EC:0.300+EMC:0.700,0.6108643020548935,28.73,1.025,28.73,1.025,0,0,0,1,0,1,0.3,0,0.0,0,0.0,0,0.0,0,0.0,1,0.7
39,10.1016/j.jpowsour.2010.12.040,3.346973534,FSI,EC:0.300+EMC:0.700,0.6108643020548935,28.73,1.025,28.73,1.025,0,0,0,1,0,1,0.3,0,0.0,0,0.0,0,0.0,0,0.0,1,0.7
40,10.1016/j.jpowsour.2010.12.040,12.3682667,FSI,EC:0.300+EMC:0.700,0.6108643020548935,28.73,1.025,28.73,1.025,0,0,0,1,0,1,0.3,0,0.0,0,0.0,0,0.0,0,0.0,1,0.7
41,10.1016/j.jpowsour.2010.12.040,10.9825629,FSI,EC:0.300+EMC:0.700,0.6108643020548935,28.73,1.025,28.73,1.025,0,0,0,1,0,1,0.3,0,0.0,0,0.0,0,0.0,0,0.0,1,0.7
42,10.1016/j.jpowsour.2010.12.040,9.624200289,FSI,EC:0.300+EMC:0.700,0.6108643020548935,28.73,1.025,28.73,1.025,0,0,0,1,0,1,0.3,0,0.0,0,0.0,0,0.0,0,0.0,1,0.7
43,10.1016/j.jpowsour.2010.12.040,8.268462264,FSI,EC:0.300+EMC:0.700,0.6108643020548935,28.73,1.025,28.73,1.025,0,0,0,1,0,1,0.3,0,0.0,0,0.0,0,0.0,0,0.0,1,0.7
44,10.1016/j.jpowsour.2010.12.040,7.638732831,FSI,EC:0.300+EMC:0.700,0.6108643020548935,28.73,1.025,28.73,1.025,0,0,0,1,0,1,0.3,0,0.0,0,0.0,0,0.0,0,0.0,1,0.7
45,10.1016/j.jpowsour.2010.12.040,6.964404506,FSI,EC:0.300+EMC:0.700,0.6108643020548935,28.73,1.025,28.73,1.025,0,0,0,1,0,1,0.3,0,0.0,0,0.0,0,0.0,0,0.0,1,0.7
46,10.1016/j.jpowsour.2010.12.040,5.675556682,FSI,EC:0.300+EMC:0.700,0.6108643020548935,28.73,1.025,28.73,1.025,0,0,0,1,0,1,0.3,0,0.0,0,0.0,0,0.0,0,0.0,1,0.7
47,10.1016/j.jpowsour.2010.12.040,4.504692324,FSI,EC:0.300+EMC:0.700,0.6108643020548935,28.73,1.025,28.73,1.025,0,0,0,1,0,1,0.3,0,0.0,0,0.0,0,0.0,0,0.0,1,0.7
48,10.1016/j.jpowsour.2010.12.040,3.391455968,FSI,EC:0.300+EMC:0.700,0.6108643020548935,28.73,1.025,28.73,1.025,0,0,0,1,0,1,0.3,0,0.0,0,0.0,0,0.0,0,0.0,1,0.7
49,10.1016/j.jpowsour.2010.12.040,2.406050072,FSI,EC:0.300+EMC:0.700,0.6108643020548935,28.73,1.025,28.73,1.025,0,0,0,1,0,1,0.3,0,0.0,0,0.0,0,0.0,0,0.0,1,0.7
50,10.1016/j.jpowsour.2010.12.040,15.68624976,PF6,EC:0.300+EMC:0.700,0.6108643020548935,28.73,1.025,28.73,1.025,1,0,0,0,0,1,0.3,0,0.0,0,0.0,0,0.0,0,0.0,1,0.7
51,10.1016/j.jpowsour.2010.12.040,13.83716218,PF6,EC:0.300+EMC:0.700,0.6108643020548935,28.73,1.025,28.73,1.025,1,0,0,0,0,1,0.3,0,0.0,0,0.0,0,0.0,0,0.0,1,0.7
52,10.1016/j.jpowsour.2010.12.040,12.04594933,PF6,EC:0.300+EMC:0.700,0.6108643020548935,28.73,1.025,28.73,1.025,1,0,0,0,0,1,0.3,0,0.0,0,0.0,0,0.0,0,0.0,1,0.7
53,10.1016/j.jpowsour.2010.12.040,10.21332669,PF6,EC:0.300+EMC:0.700,0.6108643020548935,28.73,1.025,28.73,1.025,1,0,0,0,0,1,0.3,0,0.0,0,0.0,0,0.0,0,0.0,1,0.7
54,10.1016/j.jpowsour.2010.12.040,9.373393367,PF6,EC:0.300+EMC:0.700,0.6108643020548935,28.73,1.025,28.73,1.025,1,0,0,0,0,1,0.3,0,0.0,0,0.0,0,0.0,0,0.0,1,0.7
55,10.1016/j.jpowsour.2010.12.040,8.545933527,PF6,EC:0.300+EMC:0.700,0.6108643020548935,28.73,1.025,28.73,1.025,1,0,0,0,0,1,0.3,0,0.0,0,0.0,0,0.0,0,0.0,1,0.7
56,10.1016/j.jpowsour.2010.12.040,6.873059177,PF6,EC:0.300+EMC:0.700,0.6108643020548935,28.73,1.025,28.73,1.025,1,0,0,0,0,1,0.3,0,0.0,0,0.0,0,0.0,0,0.0,1,0.7
57,10.1016/j.jpowsour.2010.12.040,5.348178506,PF6,EC:0.300+EMC:0.700,0.6108643020548935,28.73,1.025,28.73,1.025,1,0,0,0,0,1,0.3,0,0.0,0,0.0,0,0.0,0,0.0,1,0.7
58,10.1016/j.jpowsour.2010.12.040,4.0,PF6,EC:0.300+EMC:0.700,0.6108643020548935,28.73,1.025,28.73,1.025,1,0,0,0,0,1,0.3,0,0.0,0,0.0,0,0.0,0,0.0,1,0.7
59,10.1016/j.jpowsour.2010.12.040,2.76382576,PF6,EC:0.300+EMC:0.700,0.6108643020548935,28.73,1.025,28.73,1.025,1,0,0,0,0,1,0.3,0,0.0,0,0.0,0,0.0,0,0.0,1,0.7
60,10.1016/j.jpowsour.2010.12.040,6.103022078,BF4,EC:0.300+EMC:0.700,0.6108643020548935,28.73,1.025,28.73,1.025,0,0,0,0,1,1,0.3,0,0.0,0,0.0,0,0.0,0,0.0,1,0.7
61,10.1016/j.jpowsour.2010.12.040,5.419257645,BF4,EC:0.300+EMC:0.700,0.6108643020548935,28.73,1.025,28.73,1.025,0,0,0,0,1,1,0.3,0,0.0,0,0.0,0,0.0,0,0.0,1,0.7
62,10.1016/j.jpowsour.2010.12.040,4.748984501,BF4,EC:0.300+EMC:0.700,0.6108643020548935,28.73,1.025,28.73,1.025,0,0,0,0,1,1,0.3,0,0.0,0,0.0,0,0.0,0,0.0,1,0.7
63,10.1016/j.jpowsour.2010.12.040,4.080006438,BF4,EC:0.300+EMC:0.700,0.6108643020548935,28.73,1.025,28.73,1.025,0,0,0,0,1,1,0.3,0,0.0,0,0.0,0,0.0,0,0.0,1,0.7
64,10.1016/j.jpowsour.2010.12.040,3.719833623,BF4,EC:0.300+EMC:0.700,0.6108643020548935,28.73,1.025,28.73,1.025,0,0,0,0,1,1,0.3,0,0.0,0,0.0,0,0.0,0,0.0,1,0.7
65,10.1016/j.jpowsour.2010.12.040,3.436529588,BF4,EC:0.300+EMC:0.700,0.6108643020548935,28.73,1.025,28.73,1.025,0,0,0,0,1,1,0.3,0,0.0,0,0.0,0,0.0,0,0.0,1,0.7
66,10.1016/j.jpowsour.2010.12.040,2.856573625,BF4,EC:0.300+EMC:0.700,0.6108643020548935,28.73,1.025,28.73,1.025,0,0,0,0,1,1,0.3,0,0.0,0,0.0,0,0.0,0,0.0,1,0.7
67,10.1016/j.jpowsour.2010.12.040,2.29739671,BF4,EC:0.300+EMC:0.700,0.6108643020548935,28.73,1.025,28.73,1.025,0,0,0,0,1,1,0.3,0,0.0,0,0.0,0,0.0,0,0.0,1,0.7
68,10.1016/j.jpowsour.2010.12.040,1.764240962,BF4,EC:0.300+EMC:0.700,0.6108643020548935,28.73,1.025,28.73,1.025,0,0,0,0,1,1,0.3,0,0.0,0,0.0,0,0.0,0,0.0,1,0.7
69,10.1016/j.jpowsour.2010.12.040,1.293633165,BF4,EC:0.300+EMC:0.700,0.6108643020548935,28.73,1.025,28.73,1.025,0,0,0,0,1,1,0.3,0,0.0,0,0.0,0,0.0,0,0.0,1,0.7
70,10.1016/j.jpowsour.2010.12.040,10.48660798,BF4,EC:0.300+EMC:0.700,0.6108643020548935,28.73,1.025,28.73,1.025,0,0,0,0,1,1,0.3,0,0.0,0,0.0,0,0.0,0,0.0,1,0.7
71,10.1016/j.jpowsour.2010.12.040,9.311719622,BF4,EC:0.300+EMC:0.700,0.6108643020548935,28.73,1.025,28.73,1.025,0,0,0,0,1,1,0.3,0,0.0,0,0.0,0,0.0,0,0.0,1,0.7
72,10.1016/j.jpowsour.2010.12.040,8.052985912,BF4,EC:0.300+EMC:0.700,0.6108643020548935,28.73,1.025,28.73,1.025,0,0,0,0,1,1,0.3,0,0.0,0,0.0,0,0.0,0,0.0,1,0.7
73,10.1016/j.jpowsour.2010.12.040,6.827836782,BF4,EC:0.300+EMC:0.700,0.6108643020548935,28.73,1.025,28.73,1.025,0,0,0,0,1,1,0.3,0,0.0,0,0.0,0,0.0,0,0.0,1,0.7
74,10.1016/j.jpowsour.2010.12.040,6.266322617,BF4,EC:0.300+EMC:0.700,0.6108643020548935,28.73,1.025,28.73,1.025,0,0,0,0,1,1,0.3,0,0.0,0,0.0,0,0.0,0,0.0,1,0.7
75,10.1016/j.jpowsour.2010.12.040,5.75098679,BF4,EC:0.300+EMC:0.700,0.6108643020548935,28.73,1.025,28.73,1.025,0,0,0,0,1,1,0.3,0,0.0,0,0.0,0,0.0,0,0.0,1,0.7
76,10.1016/j.jpowsour.2010.12.040,4.717737796,BF4,EC:0.300+EMC:0.700,0.6108643020548935,28.73,1.025,28.73,1.025,0,0,0,0,1,1,0.3,0,0.0,0,0.0,0,0.0,0,0.0,1,0.7
77,10.1016/j.jpowsour.2010.12.040,3.695358381,BF4,EC:0.300+EMC:0.700,0.6108643020548935,28.73,1.025,28.73,1.025,0,0,0,0,1,1,0.3,0,0.0,0,0.0,0,0.0,0,0.0,1,0.7
78,10.1016/j.jpowsour.2010.12.040,2.800557959,BF4,EC:0.300+EMC:0.700,0.6108643020548935,28.73,1.025,28.73,1.025,0,0,0,0,1,1,0.3,0,0.0,0,0.0,0,0.0,0,0.0,1,0.7
79,10.1016/j.jpowsour.2010.12.040,1.973767943,BF4,EC:0.300+EMC:0.700,0.6108643020548935,28.73,1.025,28.73,1.025,0,0,0,0,1,1,0.3,0,0.0,0,0.0,0,0.0,0,0.0,1,0.7
106,10.1016/j.jpowsour.2011.06.030,3.307854125,PF6,EC:0.500+DMC:0.500,0.6931471805599453,46.05,1.2449999999999999,46.05,1.2449999999999999,1,0,0,0,0,1,0.5,0,0.0,0,0.0,1,0.5,0,0.0,0,0.0
107,10.1016/j.jpowsour.2011.06.030,4.071672861,PF6,EC:0.500+DMC:0.500,0.6931471805599453,46.05,1.2449999999999999,46.05,1.2449999999999999,1,0,0,0,0,1,0.5,0,0.0,0,0.0,1,0.5,0,0.0,0,0.0
108,10.1016/j.jpowsour.2011.06.030,4.838902914,PF6,EC:0.500+DMC:0.500,0.6931471805599453,46.05,1.2449999999999999,46.05,1.2449999999999999,1,0,0,0,0,1,0.5,0,0.0,0,0.0,1,0.5,0,0.0,0,0.0
109,10.1016/j.jpowsour.2011.06.030,5.818420512,PF6,EC:0.500+DMC:0.500,0.6931471805599453,46.05,1.2449999999999999,46.05,1.2449999999999999,1,0,0,0,0,1,0.5,0,0.0,0,0.0,1,0.5,0,0.0,0,0.0
110,10.1016/j.jpowsour.2011.06.030,6.715351084,PF6,EC:0.500+DMC:0.500,0.6931471805599453,46.05,1.2449999999999999,46.05,1.2449999999999999,1,0,0,0,0,1,0.5,0,0.0,0,0.0,1,0.5,0,0.0,0,0.0
111,10.1016/j.jpowsour.2011.06.030,7.705930369,PF6,EC:0.500+DMC:0.500,0.6931471805599453,46.05,1.2449999999999999,46.05,1.2449999999999999,1,0,0,0,0,1,0.5,0,0.0,0,0.0,1,0.5,0,0.0,0,0.0
112,10.1016/j.jpowsour.2011.06.030,8.7903169,PF6,EC:0.500+DMC:0.500,0.6931471805599453,46.05,1.2449999999999999,46.05,1.2449999999999999,1,0,0,0,0,1,0.5,0,0.0,0,0.0,1,0.5,0,0.0,0,0.0
113,10.1016/j.jpowsour.2011.06.030,9.795252881,PF6,EC:0.500+DMC:0.500,0.6931471805599453,46.05,1.2449999999999999,46.05,1.2449999999999999,1,0,0,0,0,1,0.5,0,0.0,0,0.0,1,0.5,0,0.0,0,0.0
114,10.1016/j.jpowsour.2011.06.030,10.91507623,PF6,EC:0.500+DMC:0.500,0.6931471805599453,46.05,1.2449999999999999,46.05,1.2449999999999999,1,0,0,0,0,1,0.5,0,0.0,0,0.0,1,0.5,0,0.0,0,0.0
115,10.1016/j.jpowsour.2011.06.030,12.09193518,PF6,EC:0.500+DMC:0.500,0.6931471805599453,46.05,1.2449999999999999,46.05,1.2449999999999999,1,0,0,0,0,1,0.5,0,0.0,0,0.0,1,0.5,0,0.0,0,0.0
116,10.1016/j.jpowsour.2011.06.030,13.31856972,PF6,EC:0.500+DMC:0.500,0.6931471805599453,46.05,1.2449999999999999,46.05,1.2449999999999999,1,0,0,0,0,1,0.5,0,0.0,0,0.0,1,0.5,0,0.0,0,0.0
117,10.1016/j.jpowsour.2011.06.030,15.68921029,PF6,EC:0.500+DMC:0.500,0.6931471805599453,46.05,1.2449999999999999,46.05,1.2449999999999999,1,0,0,0,0,1,0.5,0,0.0,0,0.0,1,0.5,0,0.0,0,0.0
118,10.1016/j.jpowsour.2011.06.030,16.97859662,PF6,EC:0.500+DMC:0.500,0.6931471805599453,46.05,1.2449999999999999,46.05,1.2449999999999999,1,0,0,0,0,1,0.5,0,0.0,0,0.0,1,0.5,0,0.0,0,0.0
119,10.1016/j.jpowsour.2011.07.071,8.373333333,TFSI,EC:0.100+DMC:0.900,0.3250829733914482,11.690000000000001,0.7210000000000001,11.690000000000001,0.7210000000000001,0,0,1,0,0,1,0.1,0,0.0,0,0.0,1,0.9,0,0.0,0,0.0
120,10.1016/j.jpowsour.2011.07.071,9.066666667,TFSI,EC:0.200+DMC:0.800,0.5004024235381879,20.28,0.852,20.28,0.852,0,0,1,0,0,1,0.2,0,0.0,0,0.0,1,0.8,0,0.0,0,0.0
121,10.1016/j.jpowsour.2011.07.071,9.3,TFSI,EC:0.250+DMC:0.750,0.5623351446188083,24.575,0.9175,24.575,0.9175,0,0,1,0,0,1,0.25,0,0.0,0,0.0,1,0.75,0,0.0,0,0.0
122,10.1016/j.jpowsour.2011.07.071,9.373333333,TFSI,EC:0.300+DMC:0.700,0.6108643020548935,28.869999999999997,0.9829999999999999,28.869999999999997,0.9829999999999999,0,0,1,0,0,1,0.3,0,0.0,0,0.0,1,0.7,0,0.0,0,0.0
123,10.1016/j.jpowsour.2011.07.071,9.446666667,TFSI,EC:0.400+DMC:0.600,0.6730116670092565,37.46,1.1139999999999999,37.46,1.1139999999999999,0,0,1,0,0,1,0.4,0,0.0,0,0.0,1,0.6,0,0.0,0,0.0
124,10.1016/j.jpowsour.2011.07.071,9.313333333,TFSI,EC:0.500+DMC:0.500,0.6931471805599453,46.05,1.2449999999999999,46.05,1.2449999999999999,0,0,1,0,0,1,0.5,0,0.0,0,0.0,1,0.5,0,0.0,0,0.0
125,10.1016/j.jpowsour.2011.07.071,9.093333333,TFSI,EC:0.600+DMC:0.400,0.6730116670092565,54.64,1.376,54.64,1.376,0,0,1,0,0,1,0.6,0,0.0,0,0.0,1,0.4,0,0.0,0,0.0
126,10.1016/j.jpowsour.2011.07.071,8.886666667,TFSI,EC:0.700+DMC:0.300,0.6108643020548935,63.23,1.507,63.23,1.507,0,0,1,0,0,1,0.7,0,0.0,0,0.0,1,0.3,0,0.0,0,0.0
127,10.1016/j.jpowsour.2011.07.071,8.666666667,TFSI,EC:0.800+DMC:0.200,0.5004024235381879,71.82000000000001,1.638,71.82000000000001,1.638,0,0,1,0,0,1,0.8,0,0.0,0,0.0,1,0.2,0,0.0,0,0.0
128,10.1016/j.jpowsour.2011.07.071,7.906666667,TFSI,EC:1.000,-0.0,89.0,1.9,89.0,1.9,0,0,1,0,0,1,1.0,0,0.0,0,0.0,0,0.0,0,0.0,0,0.0
129,10.1016/j.jpowsour.2011.07.071,6.993333333,TFSI,DMC:1.000,-0.0,3.1,0.59,3.1,0.59,0,0,1,0,0,0,0.0,0,0.0,0,0.0,1,1.0,0,0.0,0,0.0
130,10.1016/j.jpowsour.2011.07.071,5.037117229,PF6,EC:0.500+DMC:0.500,0.6931471805599453,46.05,1.2449999999999999,46.05,1.2449999999999999,1,0,0,0,0,1,0.5,0,0.0,0,0.0,1,0.5,0,0.0,0,0.0
131,10.1016/j.jpowsour.2011.07.071,5.194092174,PF6,EC:0.500+DMC:0.500,0.6931471805599453,46.05,1.2449999999999999,46.05,1.2449999999999999,1,0,0,0,0,1,0.5,0,0.0,0,0.0,1,0.5,0,0.0,0,0.0
132,10.1016/j.jpowsour.2011.07.071,5.247448191,PF6,EC:0.500+DMC:0.500,0.6931471805599453,46.05,1.2449999999999999,46.05,1.2449999999999999,1,0,0,0,0,1,0.5,0,0.0,0,0.0,1,0.5,0,0.0,0,0.0
133,10.1016/j.jpowsour.2011.07.071,5.353386947,PF6,EC:0.500+DMC:0.500,0.6931471805599453,46.05,1.2449999999999999,46.05,1.2449999999999999,1,0,0,0,0,1,0.5,0,0.0,0,0.0,1,0.5,0,0.0,0,0.0
134,10.1016/j.jpowsour.2011.07.071,5.457005877,PF6,EC:0.500+DMC:0.500,0.6931471805599453,46.05,1.2449999999999999,46.05,1.2449999999999999,1,0,0,0,0,1,0.5,0,0.0,0,0.0,1,0.5,0,0.0,0,0.0
135,10.1016/j.jpowsour.2011.07.071,5.615527374,PF6,EC:0.500+DMC:0.500,0.6931471805599453,46.05,1.2449999999999999,46.05,1.2449999999999999,1,0,0,0,0,1,0.5,0,0.0,0,0.0,1,0.5,0,0.0,0,0.0
136,10.1016/j.jpowsour.2011.07.071,5.77250232,PF6,EC:0.500+DMC:0.500,0.6931471805599453,46.05,1.2449999999999999,46.05,1.2449999999999999,1,0,0,0,0,1,0.5,0,0.0,0,0.0,1,0.5,0,0.0,0,0.0
137,10.1016/j.jpowsour.2011.07.071,6.033096195,PF6,EC:0.500+DMC:0.500,0.6931471805599453,46.05,1.2449999999999999,46.05,1.2449999999999999,1,0,0,0,0,1,0.5,0,0.0,0,0.0,1,0.5,0,0.0,0,0.0
138,10.1016/j.jpowsour.2011.07.071,6.143674606,PF6,EC:0.500+DMC:0.500,0.6931471805599453,46.05,1.2449999999999999,46.05,1.2449999999999999,1,0,0,0,0,1,0.5,0,0.0,0,0.0,1,0.5,0,0.0,0,0.0
139,10.1016/j.jpowsour.2011.07.071,6.196257346,PF6,EC:0.500+DMC:0.500,0.6931471805599453,46.05,1.2449999999999999,46.05,1.2449999999999999,1,0,0,0,0,1,0.5,0,0.0,0,0.0,1,0.5,0,0.0,0,0.0
140,10.1016/j.jpowsour.2011.07.071,6.405041757,PF6,EC:0.500+DMC:0.500,0.6931471805599453,46.05,1.2449999999999999,46.05,1.2449999999999999,1,0,0,0,0,1,0.5,0,0.0,0,0.0,1,0.5,0,0.0,0,0.0
141,10.1016/j.jpowsour.2011.07.071,6.562789978,PF6,EC:0.500+DMC:0.500,0.6931471805599453,46.05,1.2449999999999999,46.05,1.2449999999999999,1,0,0,0,0,1,0.5,0,0.0,0,0.0,1,0.5,0,0.0,0,0.0
142,10.1016/j.jpowsour.2011.07.071,6.670275286,PF6,EC:0.500+DMC:0.500,0.6931471805599453,46.05,1.2449999999999999,46.05,1.2449999999999999,1,0,0,0,0,1,0.5,0,0.0,0,0.0,1,0.5,0,0.0,0,0.0
143,10.1016/j.jpowsour.2011.07.071,6.880606248,PF6,EC:0.500+DMC:0.500,0.6931471805599453,46.05,1.2449999999999999,46.05,1.2449999999999999,1,0,0,0,0,1,0.5,0,0.0,0,0.0,1,0.5,0,0.0,0,0.0
144,10.1016/j.jpowsour.2011.07.071,6.98731828,PF6,EC:0.500+DMC:0.500,0.6931471805599453,46.05,1.2449999999999999,46.05,1.2449999999999999,1,0,0,0,0,1,0.5,0,0.0,0,0.0,1,0.5,0,0.0,0,0.0
145,10.1016/j.jpowsour.2011.07.071,7.039127745,PF6,EC:0.500+DMC:0.500,0.6931471805599453,46.05,1.2449999999999999,46.05,1.2449999999999999,1,0,0,0,0,1,0.5,0,0.0,0,0.0,1,0.5,0,0.0,0,0.0
146,10.1016/j.jpowsour.2011.07.071,7.091710486,PF6,EC:0.500+DMC:0.500,0.6931471805599453,46.05,1.2449999999999999,46.05,1.2449999999999999,1,0,0,0,0,1,0.5,0,0.0,0,0.0,1,0.5,0,0.0,0,0.0
147,10.1016/j.jpowsour.2011.07.071,7.302041448,PF6,EC:0.500+DMC:0.500,0.6931471805599453,46.05,1.2449999999999999,46.05,1.2449999999999999,1,0,0,0,0,1,0.5,0,0.0,0,0.0,1,0.5,0,0.0,0,0.0
148,10.1016/j.jpowsour.2011.07.071,7.455150015,PF6,EC:0.500+DMC:0.500,0.6931471805599453,46.05,1.2449999999999999,46.05,1.2449999999999999,1,0,0,0,0,1,0.5,0,0.0,0,0.0,1,0.5,0,0.0,0,0.0
149,10.1016/j.jpowsour.2011.07.071,7.508506032,PF6,EC:0.500+DMC:0.500,0.6931471805599453,46.05,1.2449999999999999,46.05,1.2449999999999999,1,0,0,0,0,1,0.5,0,0.0,0,0.0,1,0.5,0,0.0,0,0.0
150,10.1016/j.jpowsour.2011.07.071,7.667800804,PF6,EC:0.500+DMC:0.500,0.6931471805599453,46.05,1.2449999999999999,46.05,1.2449999999999999,1,0,0,0,0,1,0.5,0,0.0,0,0.0,1,0.5,0,0.0,0,0.0
151,10.1016/j.jpowsour.2011.07.071,7.772966285,PF6,EC:0.500+DMC:0.500,0.6931471805599453,46.05,1.2449999999999999,46.05,1.2449999999999999,1,0,0,0,0,1,0.5,0,0.0,0,0.0,1,0.5,0,0.0,0,0.0
152,10.1016/j.jpowsour.2011.07.071,7.982523972,PF6,EC:0.500+DMC:0.500,0.6931471805599453,46.05,1.2449999999999999,46.05,1.2449999999999999,1,0,0,0,0,1,0.5,0,0.0,0,0.0,1,0.5,0,0.0,0,0.0
153,10.1016/j.jpowsour.2011.07.071,8.242344572,PF6,EC:0.500+DMC:0.500,0.6931471805599453,46.05,1.2449999999999999,46.05,1.2449999999999999,1,0,0,0,0,1,0.5,0,0.0,0,0.0,1,0.5,0,0.0,0,0.0
154,10.1016/j.jpowsour.2011.07.071,8.501391896,PF6,EC:0.500+DMC:0.500,0.6931471805599453,46.05,1.2449999999999999,46.05,1.2449999999999999,1,0,0,0,0,1,0.5,0,0.0,0,0.0,1,0.5,0,0.0,0,0.0
155,10.1016/j.jpowsour.2011.07.071,8.813795237,PF6,EC:0.500+DMC:0.500,0.6931471805599453,46.05,1.2449999999999999,46.05,1.2449999999999999,1,0,0,0,0,1,0.5,0,0.0,0,0.0,1,0.5,0,0.0,0,0.0
156,10.1016/j.jpowsour.2011.07.071,8.92205382,PF6,EC:0.500+DMC:0.500,0.6931471805599453,46.05,1.2449999999999999,46.05,1.2449999999999999,1,0,0,0,0,1,0.5,0,0.0,0,0.0,1,0.5,0,0.0,0,0.0
157,10.1016/j.jpowsour.2011.07.071,9.07825549,PF6,EC:0.500+DMC:0.500,0.6931471805599453,46.05,1.2449999999999999,46.05,1.2449999999999999,1,0,0,0,0,1,0.5,0,0.0,0,0.0,1,0.5,0,0.0,0,0.0
158,10.1016/j.jpowsour.2011.07.071,9.182647696,PF6,EC:0.500+DMC:0.500,0.6931471805599453,46.05,1.2449999999999999,46.05,1.2449999999999999,1,0,0,0,0,1,0.5,0,0.0,0,0.0,1,0.5,0,0.0,0,0.0
159,10.1016/j.jpowsour.2011.07.071,9.341169193,PF6,EC:0.500+DMC:0.500,0.6931471805599453,46.05,1.2449999999999999,46.05,1.2449999999999999,1,0,0,0,0,1,0.5,0,0.0,0,0.0,1,0.5,0,0.0,0,0.0
160,10.1016/j.jpowsour.2011.07.071,9.500463965,PF6,EC:0.500+DMC:0.500,0.6931471805599453,46.05,1.2449999999999999,46.05,1.2449999999999999,1,0,0,0,0,1,0.5,0,0.0,0,0.0,1,0.5,0,0.0,0,0.0
161,10.1016/j.jpowsour.2011.07.071,9.658985462,PF6,EC:0.500+DMC:0.500,0.6931471805599453,46.05,1.2449999999999999,46.05,1.2449999999999999,1,0,0,0,0,1,0.5,0,0.0,0,0.0,1,0.5,0,0.0,0,0.0
162,10.1016/j.jpowsour.2011.07.071,9.612588927,PF6,EC:0.500+DMC:0.500,0.6931471805599453,46.05,1.2449999999999999,46.05,1.2449999999999999,1,0,0,0,0,1,0.5,0,0.0,0,0.0,1,0.5,0,0.0,0,0.0
163,10.1016/j.jpowsour.2011.07.071,9.821373337,PF6,EC:0.500+DMC:0.500,0.6931471805599453,46.05,1.2449999999999999,46.05,1.2449999999999999,1,0,0,0,0,1,0.5,0,0.0,0,0.0,1,0.5,0,0.0,0,0.0
164,10.1016/j.jpowsour.2011.07.071,9.976028457,PF6,EC:0.500+DMC:0.500,0.6931471805599453,46.05,1.2449999999999999,46.05,1.2449999999999999,1,0,0,0,0,1,0.5,0,0.0,0,0.0,1,0.5,0,0.0,0,0.0
165,10.1016/j.jpowsour.2011.07.071,10.1299103,PF6,EC:0.500+DMC:0.500,0.6931471805599453,46.05,1.2449999999999999,46.05,1.2449999999999999,1,0,0,0,0,1,0.5,0,0.0,0,0.0,1,0.5,0,0.0,0,0.0
166,10.1016/j.jpowsour.2011.07.071,10.28456542,PF6,EC:0.500+DMC:0.500,0.6931471805599453,46.05,1.2449999999999999,46.05,1.2449999999999999,1,0,0,0,0,1,0.5,0,0.0,0,0.0,1,0.5,0,0.0,0,0.0
167,10.1016/j.jpowsour.2011.07.071,10.33792144,PF6,EC:0.500+DMC:0.500,0.6931471805599453,46.05,1.2449999999999999,46.05,1.2449999999999999,1,0,0,0,0,1,0.5,0,0.0,0,0.0,1,0.5,0,0.0,0,0.0
168,10.1016/j.jpowsour.2011.07.071,10.2915249,PF6,EC:0.500+DMC:0.500,0.6931471805599453,46.05,1.2449999999999999,46.05,1.2449999999999999,1,0,0,0,0,1,0.5,0,0.0,0,0.0,1,0.5,0,0.0,0,0.0
169,10.1016/j.jpowsour.2011.07.071,10.39978348,PF6,EC:0.500+DMC:0.500,0.6931471805599453,46.05,1.2449999999999999,46.05,1.2449999999999999,1,0,0,0,0,1,0.5,0,0.0,0,0.0,1,0.5,0,0.0,0,0.0
170,10.1016/j.jpowsour.2011.07.071,10.55907826,PF6,EC:0.500+DMC:0.500,0.6931471805599453,46.05,1.2449999999999999,46.05,1.2449999999999999,1,0,0,0,0,1,0.5,0,0.0,0,0.0,1,0.5,0,0.0,0,0.0
171,10.1016/j.jpowsour.2011.07.071,10.66269719,PF6,EC:0.500+DMC:0.500,0.6931471805599453,46.05,1.2449999999999999,46.05,1.2449999999999999,1,0,0,0,0,1,0.5,0,0.0,0,0.0,1,0.5,0,0.0,0,0.0
172,10.1016/j.jpowsour.2011.07.071,10.82044541,PF6,EC:0.500+DMC:0.500,0.6931471805599453,46.05,1.2449999999999999,46.05,1.2449999999999999,1,0,0,0,0,1,0.5,0,0.0,0,0.0,1,0.5,0,0.0,0,0.0
173,10.1016/j.jpowsour.2011.07.071,11.03077637,PF6,EC:0.500+DMC:0.500,0.6931471805599453,46.05,1.2449999999999999,46.05,1.2449999999999999,1,0,0,0,0,1,0.5,0,0.0,0,0.0,1,0.5,0,0.0,0,0.0
174,10.1016/j.jpowsour.2011.07.071,11.24188061,PF6,EC:0.500+DMC:0.500,0.6931471805599453,46.05,1.2449999999999999,46.05,1.2449999999999999,1,0,0,0,0,1,0.5,0,0.0,0,0.0,1,0.5,0,0.0,0,0.0
175,10.1016/j.jpowsour.2011.07.071,11.40426848,PF6,EC:0.500+DMC:0.500,0.6931471805599453,46.05,1.2449999999999999,46.05,1.2449999999999999,1,0,0,0,0,1,0.5,0,0.0,0,0.0,1,0.5,0,0.0,0,0.0
176,10.1016/j.jpowsour.2011.07.071,12.03448809,PF6,EC:0.500+DMC:0.500,0.6931471805599453,46.05,1.2449999999999999,46.05,1.2449999999999999,1,0,0,0,0,1,0.5,0,0.0,0,0.0,1,0.5,0,0.0,0,0.0
177,10.1016/j.jpowsour.2011.07.071,13.49520569,PF6,EC:0.500+DMC:0.500,0.6931471805599453,46.05,1.2449999999999999,46.05,1.2449999999999999,1,0,0,0,0,1,0.5,0,0.0,0,0.0,1,0.5,0,0.0,0,0.0
178,10.1016/j.jpowsour.2011.07.071,14.12387875,PF6,EC:0.500+DMC:0.500,0.6931471805599453,46.05,1.2449999999999999,46.05,1.2449999999999999,1,0,0,0,0,1,0.5,0,0.0,0,0.0,1,0.5,0,0.0,0,0.0
179,10.1016/j.jpowsour.2011.07.071,14.59480359,PF6,EC:0.500+DMC:0.500,0.6931471805599453,46.05,1.2449999999999999,46.05,1.2449999999999999,1,0,0,0,0,1,0.5,0,0.0,0,0.0,1,0.5,0,0.0,0,0.0
180,10.1016/j.jpowsour.2011.07.071,15.06418187,PF6,EC:0.500+DMC:0.500,0.6931471805599453,46.05,1.2449999999999999,46.05,1.2449999999999999,1,0,0,0,0,1,0.5,0,0.0,0,0.0,1,0.5,0,0.0,0,0.0
181,10.1016/j.jpowsour.2011.07.071,15.38045159,PF6,EC:0.500+DMC:0.500,0.6931471805599453,46.05,1.2449999999999999,46.05,1.2449999999999999,1,0,0,0,0,1,0.5,0,0.0,0,0.0,1,0.5,0,0.0,0,0.0
182,10.1016/j.jpowsour.2011.07.071,15.85137643,PF6,EC:0.500+DMC:0.500,0.6931471805599453,46.05,1.2449999999999999,46.05,1.2449999999999999,1,0,0,0,0,1,0.5,0,0.0,0,0.0,1,0.5,0,0.0,0,0.0
183,10.1016/j.jpowsour.2011.07.071,16.90303124,PF6,EC:0.500+DMC:0.500,0.6931471805599453,46.05,1.2449999999999999,46.05,1.2449999999999999,1,0,0,0,0,1,0.5,0,0.0,0,0.0,1,0.5,0,0.0,0,0.0
184,10.1016/j.jpowsour.2011.07.071,17.68171976,PF6,EC:0.500+DMC:0.500,0.6931471805599453,46.05,1.2449999999999999,46.05,1.2449999999999999,1,0,0,0,0,1,0.5,0,0.0,0,0.0,1,0.5,0,0.0,0,0.0
185,10.1016/j.jpowsour.2011.07.071,18.36452212,PF6,EC:0.500+DMC:0.500,0.6931471805599453,46.05,1.2449999999999999,46.05,1.2449999999999999,1,0,0,0,0,1,0.5,0,0.0,0,0.0,1,0.5,0,0.0,0,0.0
186,10.1016/j.jpowsour.2011.07.071,18.89189607,PF6,EC:0.500+DMC:0.500,0.6931471805599453,46.05,1.2449999999999999,46.05,1.2449999999999999,1,0,0,0,0,1,0.5,0,0.0,0,0.0,1,0.5,0,0.0,0,0.0
187,10.1016/j.jpowsour.2011.07.071,19.67445097,PF6,EC:0.500+DMC:0.500,0.6931471805599453,46.05,1.2449999999999999,46.05,1.2449999999999999,1,0,0,0,0,1,0.5,0,0.0,0,0.0,1,0.5,0,0.0,0,0.0
188,10.1016/j.jpowsour.2011.07.071,20.20027838,PF6,EC:0.500+DMC:0.500,0.6931471805599453,46.05,1.2449999999999999,46.05,1.2449999999999999,1,0,0,0,0,1,0.5,0,0.0,0,0.0,1,0.5,0,0.0,0,0.0
189,10.1016/j.jpowsour.2011.07.071,20.82817816,PF6,EC:0.500+DMC:0.500,0.6931471805599453,46.05,1.2449999999999999,46.05,1.2449999999999999,1,0,0,0,0,1,0.5,0,0.0,0,0.0,1,0.5,0,0.0,0,0.0
190,10.1016/j.jpowsour.2011.07.071,21.40194865,PF6,EC:0.500+DMC:0.500,0.6931471805599453,46.05,1.2449999999999999,46.05,1.2449999999999999,1,0,0,0,0,1,0.5,0,0.0,0,0.0,1,0.5,0,0.0,0,0.0
191,10.1016/j.jpowsour.2011.07.071,21.92932261,PF6,EC:0.500+DMC:0.500,0.6931471805599453,46.05,1.2449999999999999,46.05,1.2449999999999999,1,0,0,0,0,1,0.5,0,0.0,0,0.0,1,0.5,0,0.0,0,0.0
192,10.1016/j.jpowsour.2011.07.071,22.55335602,PF6,EC:0.500+DMC:0.500,0.6931471805599453,46.05,1.2449999999999999,46.05,1.2449999999999999,1,0,0,0,0,1,0.5,0,0.0,0,0.0,1,0.5,0,0.0,0,0.0
193,10.1016/j.jpowsour.2011.07.071,3.379987628,TFSI,EC:0.500+DMC:0.500,0.6931471805599453,46.05,1.2449999999999999,46.05,1.2449999999999999,0,0,1,0,0,1,0.5,0,0.0,0,0.0,1,0.5,0,0.0,0,0.0
194,10.1016/j.jpowsour.2011.07.071,3.48669966,TFSI,EC:0.500+DMC:0.500,0.6931471805599453,46.05,1.2449999999999999,46.05,1.2449999999999999,0,0,1,0,0,1,0.5,0,0.0,0,0.0,1,0.5,0,0.0,0,0.0
195,10.1016/j.jpowsour.2011.07.071,3.543148778,TFSI,EC:0.500+DMC:0.500,0.6931471805599453,46.05,1.2449999999999999,46.05,1.2449999999999999,0,0,1,0,0,1,0.5,0,0.0,0,0.0,1,0.5,0,0.0,0,0.0
196,10.1016/j.jpowsour.2011.07.071,3.598824621,TFSI,EC:0.500+DMC:0.500,0.6931471805599453,46.05,1.2449999999999999,46.05,1.2449999999999999,0,0,1,0,0,1,0.5,0,0.0,0,0.0,1,0.5,0,0.0,0,0.0
197,10.1016/j.jpowsour.2011.07.071,3.603464275,TFSI,EC:0.500+DMC:0.500,0.6931471805599453,46.05,1.2449999999999999,46.05,1.2449999999999999,0,0,1,0,0,1,0.5,0,0.0,0,0.0,1,0.5,0,0.0,0,0.0
198,10.1016/j.jpowsour.2011.07.071,3.712496134,TFSI,EC:0.500+DMC:0.500,0.6931471805599453,46.05,1.2449999999999999,46.05,1.2449999999999999,0,0,1,0,0,1,0.5,0,0.0,0,0.0,1,0.5,0,0.0,0,0.0
199,10.1016/j.jpowsour.2011.07.071,3.718682338,TFSI,EC:0.500+DMC:0.500,0.6931471805599453,46.05,1.2449999999999999,46.05,1.2449999999999999,0,0,1,0,0,1,0.5,0,0.0,0,0.0,1,0.5,0,0.0,0,0.0
200,10.1016/j.jpowsour.2011.07.071,3.774358181,TFSI,EC:0.500+DMC:0.500,0.6931471805599453,46.05,1.2449999999999999,46.05,1.2449999999999999,0,0,1,0,0,1,0.5,0,0.0,0,0.0,1,0.5,0,0.0,0,0.0
201,10.1016/j.jpowsour.2011.07.071,3.778224559,TFSI,EC:0.500+DMC:0.500,0.6931471805599453,46.05,1.2449999999999999,46.05,1.2449999999999999,0,0,1,0,0,1,0.5,0,0.0,0,0.0,1,0.5,0,0.0,0,0.0
202,10.1016/j.jpowsour.2011.07.071,3.884163316,TFSI,EC:0.500+DMC:0.500,0.6931471805599453,46.05,1.2449999999999999,46.05,1.2449999999999999,0,0,1,0,0,1,0.5,0,0.0,0,0.0,1,0.5,0,0.0,0,0.0
203,10.1016/j.jpowsour.2011.07.071,4.041911537,TFSI,EC:0.500+DMC:0.500,0.6931471805599453,46.05,1.2449999999999999,46.05,1.2449999999999999,0,0,1,0,0,1,0.5,0,0.0,0,0.0,1,0.5,0,0.0,0,0.0
204,10.1016/j.jpowsour.2011.07.071,4.20120631,TFSI,EC:0.500+DMC:0.500,0.6931471805599453,46.05,1.2449999999999999,46.05,1.2449999999999999,0,0,1,0,0,1,0.5,0,0.0,0,0.0,1,0.5,0,0.0,0,0.0
205,10.1016/j.jpowsour.2011.07.071,4.20816579,TFSI,EC:0.500+DMC:0.500,0.6931471805599453,46.05,1.2449999999999999,46.05,1.2449999999999999,0,0,1,0,0,1,0.5,0,0.0,0,0.0,1,0.5,0,0.0,0,0.0
206,10.1016/j.jpowsour.2011.07.071,4.215125271,TFSI,EC:0.500+DMC:0.500,0.6931471805599453,46.05,1.2449999999999999,46.05,1.2449999999999999,0,0,1,0,0,1,0.5,0,0.0,0,0.0,1,0.5,0,0.0,0,0.0
207,10.1016/j.jpowsour.2011.07.071,4.323383854,TFSI,EC:0.500+DMC:0.500,0.6931471805599453,46.05,1.2449999999999999,46.05,1.2449999999999999,0,0,1,0,0,1,0.5,0,0.0,0,0.0,1,0.5,0,0.0,0,0.0
208,10.1016/j.jpowsour.2011.07.071,4.531394989,TFSI,EC:0.500+DMC:0.500,0.6931471805599453,46.05,1.2449999999999999,46.05,1.2449999999999999,0,0,1,0,0,1,0.5,0,0.0,0,0.0,1,0.5,0,0.0,0,0.0
209,10.1016/j.jpowsour.2011.07.071,4.739406124,TFSI,EC:0.500+DMC:0.500,0.6931471805599453,46.05,1.2449999999999999,46.05,1.2449999999999999,0,0,1,0,0,1,0.5,0,0.0,0,0.0,1,0.5,0,0.0,0,0.0
210,10.1016/j.jpowsour.2011.07.071,4.94741726,TFSI,EC:0.500+DMC:0.500,0.6931471805599453,46.05,1.2449999999999999,46.05,1.2449999999999999,0,0,1,0,0,1,0.5,0,0.0,0,0.0,1,0.5,0,0.0,0,0.0
211,10.1016/j.jpowsour.2011.07.071,4.95437674,TFSI,EC:0.500+DMC:0.500,0.6931471805599453,46.05,1.2449999999999999,46.05,1.2449999999999999,0,0,1,0,0,1,0.5,0,0.0,0,0.0,1,0.5,0,0.0,0,0.0
212,10.1016/j.jpowsour.2011.07.071,5.010052583,TFSI,EC:0.500+DMC:0.500,0.6931471805599453,46.05,1.2449999999999999,46.05,1.2449999999999999,0,0,1,0,0,1,0.5,0,0.0,0,0.0,1,0.5,0,0.0,0,0.0
213,10.1016/j.jpowsour.2011.07.071,5.119857717,TFSI,EC:0.500+DMC:0.500,0.6931471805599453,46.05,1.2449999999999999,46.05,1.2449999999999999,0,0,1,0,0,1,0.5,0,0.0,0,0.0,1,0.5,0,0.0,0,0.0
214,10.1016/j.jpowsour.2011.07.071,5.276059388,TFSI,EC:0.500+DMC:0.500,0.6931471805599453,46.05,1.2449999999999999,46.05,1.2449999999999999,0,0,1,0,0,1,0.5,0,0.0,0,0.0,1,0.5,0,0.0,0,0.0
215,10.1016/j.jpowsour.2011.07.071,5.43535416,TFSI,EC:0.500+DMC:0.500,0.6931471805599453,46.05,1.2449999999999999,46.05,1.2449999999999999,0,0,1,0,0,1,0.5,0,0.0,0,0.0,1,0.5,0,0.0,0,0.0
216,10.1016/j.jpowsour.2011.07.071,5.647231673,TFSI,EC:0.500+DMC:0.500,0.6931471805599453,46.05,1.2449999999999999,46.05,1.2449999999999999,0,0,1,0,0,1,0.5,0,0.0,0,0.0,1,0.5,0,0.0,0,0.0
217,10.1016/j.jpowsour.2011.07.071,5.856016084,TFSI,EC:0.500+DMC:0.500,0.6931471805599453,46.05,1.2449999999999999,46.05,1.2449999999999999,0,0,1,0,0,1,0.5,0,0.0,0,0.0,1,0.5,0,0.0,0,0.0
218,10.1016/j.jpowsour.2011.07.071,5.910918651,TFSI,EC:0.500+DMC:0.500,0.6931471805599453,46.05,1.2449999999999999,46.05,1.2449999999999999,0,0,1,0,0,1,0.5,0,0.0,0,0.0,1,0.5,0,0.0,0,0.0
219,10.1016/j.jpowsour.2011.07.071,6.170739251,TFSI,EC:0.500+DMC:0.500,0.6931471805599453,46.05,1.2449999999999999,46.05,1.2449999999999999,0,0,1,0,0,1,0.5,0,0.0,0,0.0,1,0.5,0,0.0,0,0.0
220,10.1016/j.jpowsour.2011.07.071,6.484689143,TFSI,EC:0.500+DMC:0.500,0.6931471805599453,46.05,1.2449999999999999,46.05,1.2449999999999999,0,0,1,0,0,1,0.5,0,0.0,0,0.0,1,0.5,0,0.0,0,0.0
221,10.1016/j.jpowsour.2011.07.071,6.596040829,TFSI,EC:0.500+DMC:0.500,0.6931471805599453,46.05,1.2449999999999999,46.05,1.2449999999999999,0,0,1,0,0,1,0.5,0,0.0,0,0.0,1,0.5,0,0.0,0,0.0
222,10.1016/j.jpowsour.2011.07.071,7.065419115,TFSI,EC:0.500+DMC:0.500,0.6931471805599453,46.05,1.2449999999999999,46.05,1.2449999999999999,0,0,1,0,0,1,0.5,0,0.0,0,0.0,1,0.5,0,0.0,0,0.0
223,10.1016/j.jpowsour.2011.07.071,7.226260439,TFSI,EC:0.500+DMC:0.500,0.6931471805599453,46.05,1.2449999999999999,46.05,1.2449999999999999,0,0,1,0,0,1,0.5,0,0.0,0,0.0,1,0.5,0,0.0,0,0.0
224,10.1016/j.jpowsour.2011.07.071,7.696412001,TFSI,EC:0.500+DMC:0.500,0.6931471805599453,46.05,1.2449999999999999,46.05,1.2449999999999999,0,0,1,0,0,1,0.5,0,0.0,0,0.0,1,0.5,0,0.0,0,0.0
225,10.1016/j.jpowsour.2011.07.071,8.064491185,TFSI,EC:0.500+DMC:0.500,0.6931471805599453,46.05,1.2449999999999999,46.05,1.2449999999999999,0,0,1,0,0,1,0.5,0,0.0,0,0.0,1,0.5,0,0.0,0,0.0
226,10.1016/j.jpowsour.2011.07.071,8.638261676,TFSI,EC:0.500+DMC:0.500,0.6931471805599453,46.05,1.2449999999999999,46.05,1.2449999999999999,0,0,1,0,0,1,0.5,0,0.0,0,0.0,1,0.5,0,0.0,0,0.0
227,10.1016/j.jpowsour.2011.07.071,8.849365914,TFSI,EC:0.500+DMC:0.500,0.6931471805599453,46.05,1.2449999999999999,46.05,1.2449999999999999,0,0,1,0,0,1,0.5,0,0.0,0,0.0,1,0.5,0,0.0,0,0.0
228,10.1016/j.jpowsour.2011.07.071,8.9607176,TFSI,EC:0.500+DMC:0.500,0.6931471805599453,46.05,1.2449999999999999,46.05,1.2449999999999999,0,0,1,0,0,1,0.5,0,0.0,0,0.0,1,0.5,0,0.0,0,0.0
229,10.1016/j.jpowsour.2011.07.071,9.638107021,TFSI,EC:0.500+DMC:0.500,0.6931471805599453,46.05,1.2449999999999999,46.05,1.2449999999999999,0,0,1,0,0,1,0.5,0,0.0,0,0.0,1,0.5,0,0.0,0,0.0
230,10.1016/j.jpowsour.2011.07.071,9.799721621,TFSI,EC:0.500+DMC:0.500,0.6931471805599453,46.05,1.2449999999999999,46.05,1.2449999999999999,0,0,1,0,0,1,0.5,0,0.0,0,0.0,1,0.5,0,0.0,0,0.0
231,10.1016/j.jpowsour.2011.07.071,10.11444479,TFSI,EC:0.500+DMC:0.500,0.6931471805599453,46.05,1.2449999999999999,46.05,1.2449999999999999,0,0,1,0,0,1,0.5,0,0.0,0,0.0,1,0.5,0,0.0,0,0.0
232,10.1016/j.jpowsour.2011.07.071,10.78951438,TFSI,EC:0.500+DMC:0.500,0.6931471805599453,46.05,1.2449999999999999,46.05,1.2449999999999999,0,0,1,0,0,1,0.5,0,0.0,0,0.0,1,0.5,0,0.0,0,0.0
233,10.1016/j.jpowsour.2011.07.071,11.15682029,TFSI,EC:0.500+DMC:0.500,0.6931471805599453,46.05,1.2449999999999999,46.05,1.2449999999999999,0,0,1,0,0,1,0.5,0,0.0,0,0.0,1,0.5,0,0.0,0,0.0
234,10.1016/j.jpowsour.2011.07.071,11.83343644,TFSI,EC:0.500+DMC:0.500,0.6931471805599453,46.05,1.2449999999999999,46.05,1.2449999999999999,0,0,1,0,0,1,0.5,0,0.0,0,0.0,1,0.5,0,0.0,0,0.0
235,10.1016/j.jpowsour.2011.07.071,12.0437674,TFSI,EC:0.500+DMC:0.500,0.6931471805599453,46.05,1.2449999999999999,46.05,1.2449999999999999,0,0,1,0,0,1,0.5,0,0.0,0,0.0,1,0.5,0,0.0,0,0.0
236,10.1016/j.jpowsour.2011.07.071,12.46288277,TFSI,EC:0.500+DMC:0.500,0.6931471805599453,46.05,1.2449999999999999,46.05,1.2449999999999999,0,0,1,0,0,1,0.5,0,0.0,0,0.0,1,0.5,0,0.0,0,0.0
237,10.1016/j.jpowsour.2011.07.071,12.88122487,TFSI,EC:0.500+DMC:0.500,0.6931471805599453,46.05,1.2449999999999999,46.05,1.2449999999999999,0,0,1,0,0,1,0.5,0,0.0,0,0.0,1,0.5,0,0.0,0,0.0
238,10.1016/j.jpowsour.2011.07.071,13.24930405,TFSI,EC:0.500+DMC:0.500,0.6931471805599453,46.05,1.2449999999999999,46.05,1.2449999999999999,0,0,1,0,0,1,0.5,0,0.0,0,0.0,1,0.5,0,0.0,0,0.0
239,10.1016/j.jpowsour.2011.07.071,13.41014538,TFSI,EC:0.500+DMC:0.500,0.6931471805599453,46.05,1.2449999999999999,46.05,1.2449999999999999,0,0,1,0,0,1,0.5,0,0.0,0,0.0,1,0.5,0,0.0,0,0.0
240,10.1016/j.jpowsour.2011.07.071,14.20275286,TFSI,EC:0.500+DMC:0.500,0.6931471805599453,46.05,1.2449999999999999,46.05,1.2449999999999999,0,0,1,0,0,1,0.5,0,0.0,0,0.0,1,0.5,0,0.0,0,0.0
241,10.1016/j.jpowsour.2011.07.071,14.97757501,TFSI,EC:0.500+DMC:0.500,0.6931471805599453,46.05,1.2449999999999999,46.05,1.2449999999999999,0,0,1,0,0,1,0.5,0,0.0,0,0.0,1,0.5,0,0.0,0,0.0
242,10.1016/j.jpowsour.2011.07.071,15.08815342,TFSI,EC:0.500+DMC:0.500,0.6931471805599453,46.05,1.2449999999999999,46.05,1.2449999999999999,0,0,1,0,0,1,0.5,0,0.0,0,0.0,1,0.5,0,0.0,0,0.0
243,10.1016/j.jpowsour.2011.07.071,15.24435509,TFSI,EC:0.500+DMC:0.500,0.6931471805599453,46.05,1.2449999999999999,46.05,1.2449999999999999,0,0,1,0,0,1,0.5,0,0.0,0,0.0,1,0.5,0,0.0,0,0.0
244,10.1016/j.jpowsour.2011.07.071,15.40287659,TFSI,EC:0.500+DMC:0.500,0.6931471805599453,46.05,1.2449999999999999,46.05,1.2449999999999999,0,0,1,0,0,1,0.5,0,0.0,0,0.0,1,0.5,0,0.0,0,0.0
245,10.1016/j.jpowsour.2011.07.071,15.50881534,TFSI,EC:0.500+DMC:0.500,0.6931471805599453,46.05,1.2449999999999999,46.05,1.2449999999999999,0,0,1,0,0,1,0.5,0,0.0,0,0.0,1,0.5,0,0.0,0,0.0
246,10.1016/j.jpowsour.2011.07.071,15.6147541,TFSI,EC:0.500+DMC:0.500,0.6931471805599453,46.05,1.2449999999999999,46.05,1.2449999999999999,0,0,1,0,0,1,0.5,0,0.0,0,0.0,1,0.5,0,0.0,0,0.0
247,10.1016/j.jpowsour.2011.07.071,15.87380142,TFSI,EC:0.500+DMC:0.500,0.6931471805599453,46.05,1.2449999999999999,46.05,1.2449999999999999,0,0,1,0,0,1,0.5,0,0.0,0,0.0,1,0.5,0,0.0,0,0.0
248,10.1016/j.jpowsour.2011.07.071,14.02618827,TFSI,EC:0.500+DMC:0.500,0.6931471805599453,46.05,1.2449999999999999,46.05,1.2449999999999999,0,0,1,0,0,1,0.5,0,0.0,0,0.0,1,0.5,0,0.0,0,0.0
249,10.1016/j.jpowsour.2011.07.071,14.2478606,TFSI,EC:0.500+DMC:0.500,0.6931471805599453,46.05,1.2449999999999999,46.05,1.2449999999999999,0,0,1,0,0,1,0.5,0,0.0,0,0.0,1,0.5,0,0.0,0,0.0
3593,10.1149/1.1344281,16.88831057,TFSI,PC:1.000,-0.0,64.9,2.53,64.9,2.53,0,0,1,0,0,0,0.0,1,1.0,0,0.0,0,0.0,0,0.0,0,0.0
3594,10.1149/1.1344281,15.5992403,TFSI,PC:1.000,-0.0,64.9,2.53,64.9,2.53,0,0,1,0,0,0,0.0,1,1.0,0,0.0,0,0.0,0,0.0,0,0.0
3595,10.1149/1.1344281,15.11159636,TFSI,PC:1.000,-0.0,64.9,2.53,64.9,2.53,0,0,1,0,0,0,0.0,1,1.0,0,0.0,0,0.0,0,0.0,0,0.0
3596,10.1149/1.1344281,14.18156428,TFSI,PC:1.000,-0.0,64.9,2.53,64.9,2.53,0,0,1,0,0,0,0.0,1,1.0,0,0.0,0,0.0,0,0.0,0,0.0
3597,10.1149/1.1344281,13.73823796,TFSI,PC:1.000,-0.0,64.9,2.53,64.9,2.53,0,0,1,0,0,0,0.0,1,1.0,0,0.0,0,0.0,0,0.0,0,0.0
3598,10.1149/1.1344281,12.89272821,TFSI,PC:1.000,-0.0,64.9,2.53,64.9,2.53,0,0,1,0,0,0,0.0,1,1.0,0,0.0,0,0.0,0,0.0,0,0.0
3599,10.1149/1.1344281,11.90863732,TFSI,PC:1.000,-0.0,64.9,2.53,64.9,2.53,0,0,1,0,0,0,0.0,1,1.0,0,0.0,0,0.0,0,0.0,0,0.0
3600,10.1149/1.1344281,10.99966124,TFSI,PC:1.000,-0.0,64.9,2.53,64.9,2.53,0,0,1,0,0,0,0.0,1,1.0,0,0.0,0,0.0,0,0.0,0,0.0
3601,10.1149/1.1344281,10.48792698,TFSI,PC:1.000,-0.0,64.9,2.53,64.9,2.53,0,0,1,0,0,0,0.0,1,1.0,0,0.0,0,0.0,0,0.0,0,0.0
3602,10.1149/1.1344281,9.842455236,TFSI,PC:1.000,-0.0,64.9,2.53,64.9,2.53,0,0,1,0,0,0,0.0,1,1.0,0,0.0,0,0.0,0,0.0,0,0.0
3603,10.1149/1.1344281,8.947962141,TFSI,PC:1.000,-0.0,64.9,2.53,64.9,2.53,0,0,1,0,0,0,0.0,1,1.0,0,0.0,0,0.0,0,0.0,0,0.0
3604,10.1149/1.1344281,8.397266396,TFSI,PC:1.000,-0.0,64.9,2.53,64.9,2.53,0,0,1,0,0,0,0.0,1,1.0,0,0.0,0,0.0,0,0.0,0,0.0
3605,10.1149/1.1344281,7.395465531,TFSI,PC:1.000,-0.0,64.9,2.53,64.9,2.53,0,0,1,0,0,0,0.0,1,1.0,0,0.0,0,0.0,0,0.0,0,0.0
3606,10.1149/1.1344281,6.830975986,TFSI,PC:1.000,-0.0,64.9,2.53,64.9,2.53,0,0,1,0,0,0,0.0,1,1.0,0,0.0,0,0.0,0,0.0,0,0.0
3607,10.1149/1.1344281,6.112331451,TFSI,PC:1.000,-0.0,64.9,2.53,64.9,2.53,0,0,1,0,0,0,0.0,1,1.0,0,0.0,0,0.0,0,0.0,0,0.0
3608,10.1149/1.1344281,5.469291042,TFSI,PC:1.000,-0.0,64.9,2.53,64.9,2.53,0,0,1,0,0,0,0.0,1,1.0,0,0.0,0,0.0,0,0.0,0,0.0
3609,10.1149/1.1344281,4.893900918,TFSI,PC:1.000,-0.0,64.9,2.53,64.9,2.53,0,0,1,0,0,0,0.0,1,1.0,0,0.0,0,0.0,0,0.0,0,0.0
3610,10.1149/1.1344281,4.175318937,TFSI,PC:1.000,-0.0,64.9,2.53,64.9,2.53,0,0,1,0,0,0,0.0,1,1.0,0,0.0,0,0.0,0,0.0,0,0.0
3611,10.1149/1.1344281,3.677199915,TFSI,PC:1.000,-0.0,64.9,2.53,64.9,2.53,0,0,1,0,0,0,0.0,1,1.0,0,0.0,0,0.0,0,0.0,0,0.0
3612,10.1149/1.1344281,3.087842728,TFSI,PC:1.000,-0.0,64.9,2.53,64.9,2.53,0,0,1,0,0,0,0.0,1,1.0,0,0.0,0,0.0,0,0.0,0,0.0
3613,10.1149/1.1344281,2.634448149,TFSI,PC:1.000,-0.0,64.9,2.53,64.9,2.53,0,0,1,0,0,0,0.0,1,1.0,0,0.0,0,0.0,0,0.0,0,0.0
3614,10.1149/1.1344281,2.109297952,TFSI,PC:1.000,-0.0,64.9,2.53,64.9,2.53,0,0,1,0,0,0,0.0,1,1.0,0,0.0,0,0.0,0,0.0,0,0.0
3615,10.1149/1.1344281,1.715863589,TFSI,PC:1.000,-0.0,64.9,2.53,64.9,2.53,0,0,1,0,0,0,0.0,1,1.0,0,0.0,0,0.0,0,0.0,0,0.0
3616,10.1149/1.1344281,1.395814116,TFSI,PC:1.000,-0.0,64.9,2.53,64.9,2.53,0,0,1,0,0,0,0.0,1,1.0,0,0.0,0,0.0,0,0.0,0,0.0
3617,10.1149/1.1344281,1.016006653,TFSI,PC:1.000,-0.0,64.9,2.53,64.9,2.53,0,0,1,0,0,0,0.0,1,1.0,0,0.0,0,0.0,0,0.0,0,0.0
3618,10.1149/1.1344281,0.763411364,TFSI,PC:1.000,-0.0,64.9,2.53,64.9,2.53,0,0,1,0,0,0,0.0,1,1.0,0,0.0,0,0.0,0,0.0,0,0.0
3619,10.1149/1.1344281,0.538312523,TFSI,PC:1.000,-0.0,64.9,2.53,64.9,2.53,0,0,1,0,0,0,0.0,1,1.0,0,0.0,0,0.0,0,0.0,0,0.0
3620,10.1149/1.1344281,0.367719991,TFSI,PC:1.000,-0.0,64.9,2.53,64.9,2.53,0,0,1,0,0,0,0.0,1,1.0,0,0.0,0,0.0,0,0.0,0,0.0
3621,10.1149/1.1344281,0.243336298,TFSI,PC:1.000,-0.0,64.9,2.53,64.9,2.53,0,0,1,0,0,0,0.0,1,1.0,0,0.0,0,0.0,0,0.0,0,0.0
3622,10.1149/1.1344281,0.146391965,TFSI,PC:1.000,-0.0,64.9,2.53,64.9,2.53,0,0,1,0,0,0,0.0,1,1.0,0,0.0,0,0.0,0,0.0,0,0.0
3623,10.1149/1.1344281,0.078804628,TFSI,PC:1.000,-0.0,64.9,2.53,64.9,2.53,0,0,1,0,0,0,0.0,1,1.0,0,0.0,0,0.0,0,0.0,0,0.0
3624,10.1149/1.1344281,0.038566204,TFSI,PC:1.000,-0.0,64.9,2.53,64.9,2.53,0,0,1,0,0,0,0.0,1,1.0,0,0.0,0,0.0,0,0.0,0,0.0
3625,10.1149/1.1344281,0.018873918,TFSI,PC:1.000,-0.0,64.9,2.53,64.9,2.53,0,0,1,0,0,0,0.0,1,1.0,0,0.0,0,0.0,0,0.0,0,0.0
3724,10.1149/1.1344281,15.11159636,ClO4,PC:1.000,-0.0,64.9,2.53,64.9,2.53,0,1,0,0,0,0,0.0,1,1.0,0,0.0,0,0.0,0,0.0,0,0.0
3725,10.1149/1.1344281,14.63919654,ClO4,PC:1.000,-0.0,64.9,2.53,64.9,2.53,0,1,0,0,0,0,0.0,1,1.0,0,0.0,0,0.0,0,0.0,0,0.0
3726,10.1149/1.1344281,14.18156428,ClO4,PC:1.000,-0.0,64.9,2.53,64.9,2.53,0,1,0,0,0,0,0.0,1,1.0,0,0.0,0,0.0,0,0.0,0,0.0
3727,10.1149/1.1344281,13.73823796,ClO4,PC:1.000,-0.0,64.9,2.53,64.9,2.53,0,1,0,0,0,0,0.0,1,1.0,0,0.0,0,0.0,0,0.0,0,0.0
3728,10.1149/1.1344281,13.30877035,ClO4,PC:1.000,-0.0,64.9,2.53,64.9,2.53,0,1,0,0,0,0,0.0,1,1.0,0,0.0,0,0.0,0,0.0,0,0.0
3729,10.1149/1.1344281,12.48969187,ClO4,PC:1.000,-0.0,64.9,2.53,64.9,2.53,0,1,0,0,0,0,0.0,1,1.0,0,0.0,0,0.0,0,0.0,0,0.0
3730,10.1149/1.1344281,11.72102298,ClO4,PC:1.000,-0.0,64.9,2.53,64.9,2.53,0,1,0,0,0,0,0.0,1,1.0,0,0.0,0,0.0,0,0.0,0,0.0
3731,10.1149/1.1344281,11.175729,ClO4,PC:1.000,-0.0,64.9,2.53,64.9,2.53,0,1,0,0,0,0,0.0,1,1.0,0,0.0,0,0.0,0,0.0,0,0.0
3732,10.1149/1.1344281,10.48792698,ClO4,PC:1.000,-0.0,64.9,2.53,64.9,2.53,0,1,0,0,0,0,0.0,1,1.0,0,0.0,0,0.0,0,0.0,0,0.0
3733,10.1149/1.1344281,9.687392507,ClO4,PC:1.000,-0.0,64.9,2.53,64.9,2.53,0,1,0,0,0,0,0.0,1,1.0,0,0.0,0,0.0,0,0.0,0,0.0
3734,10.1149/1.1344281,9.091189065,ClO4,PC:1.000,-0.0,64.9,2.53,64.9,2.53,0,1,0,0,0,0,0.0,1,1.0,0,0.0,0,0.0,0,0.0,0,0.0
3735,10.1149/1.1344281,8.397266396,ClO4,PC:1.000,-0.0,64.9,2.53,64.9,2.53,0,1,0,0,0,0,0.0,1,1.0,0,0.0,0,0.0,0,0.0,0,0.0
3736,10.1149/1.1344281,7.880462816,ClO4,PC:1.000,-0.0,64.9,2.53,64.9,2.53,0,1,0,0,0,0,0.0,1,1.0,0,0.0,0,0.0,0,0.0,0,0.0
3737,10.1149/1.1344281,7.51384218,ClO4,PC:1.000,-0.0,64.9,2.53,64.9,2.53,0,1,0,0,0,0,0.0,1,1.0,0,0.0,0,0.0,0,0.0,0,0.0
3738,10.1149/1.1344281,6.940317048,ClO4,PC:1.000,-0.0,64.9,2.53,64.9,2.53,0,1,0,0,0,0,0.0,1,1.0,0,0.0,0,0.0,0,0.0,0,0.0
3739,10.1149/1.1344281,6.309573445,ClO4,PC:1.000,-0.0,64.9,2.53,64.9,2.53,0,1,0,0,0,0,0.0,1,1.0,0,0.0,0,0.0,0,0.0,0,0.0
3740,10.1149/1.1344281,5.645782431,ClO4,PC:1.000,-0.0,64.9,2.53,64.9,2.53,0,1,0,0,0,0,0.0,1,1.0,0,0.0,0,0.0,0,0.0,0,0.0
3741,10.1149/1.1344281,5.214844698,ClO4,PC:1.000,-0.0,64.9,2.53,64.9,2.53,0,1,0,0,0,0,0.0,1,1.0,0,0.0,0,0.0,0,0.0,0,0.0
3742,10.1149/1.1344281,4.740913909,ClO4,PC:1.000,-0.0,64.9,2.53,64.9,2.53,0,1,0,0,0,0,0.0,1,1.0,0,0.0,0,0.0,0,0.0,0,0.0
3743,10.1149/1.1344281,4.175318937,ClO4,PC:1.000,-0.0,64.9,2.53,64.9,2.53,0,1,0,0,0,0,0.0,1,1.0,0,0.0,0,0.0,0,0.0,0,0.0
3744,10.1149/1.1344281,3.736059577,ClO4,PC:1.000,-0.0,64.9,2.53,64.9,2.53,0,1,0,0,0,0,0.0,1,1.0,0,0.0,0,0.0,0,0.0,0,0.0
3745,10.1149/1.1344281,3.343011965,ClO4,PC:1.000,-0.0,64.9,2.53,64.9,2.53,0,1,0,0,0,0,0.0,1,1.0,0,0.0,0,0.0,0,0.0,0,0.0
3746,10.1149/1.1344281,2.897803719,ClO4,PC:1.000,-0.0,64.9,2.53,64.9,2.53,0,1,0,0,0,0,0.0,1,1.0,0,0.0,0,0.0,0,0.0,0,0.0
3747,10.1149/1.1344281,2.39502662,ClO4,PC:1.000,-0.0,64.9,2.53,64.9,2.53,0,1,0,0,0,0,0.0,1,1.0,0,0.0,0,0.0,0,0.0,0,0.0
3748,10.1149/1.1344281,2.043359718,ClO4,PC:1.000,-0.0,64.9,2.53,64.9,2.53,0,1,0,0,0,0,0.0,1,1.0,0,0.0,0,0.0,0,0.0,0,0.0
3749,10.1149/1.1344281,1.743328822,ClO4,PC:1.000,-0.0,64.9,2.53,64.9,2.53,0,1,0,0,0,0,0.0,1,1.0,0,0.0,0,0.0,0,0.0,0,0.0
3750,10.1149/1.1344281,1.395814116,ClO4,PC:1.000,-0.0,64.9,2.53,64.9,2.53,0,1,0,0,0,0,0.0,1,1.0,0,0.0,0,0.0,0,0.0,0,0.0
3751,10.1149/1.1344281,1.099966124,ClO4,PC:1.000,-0.0,64.9,2.53,64.9,2.53,0,1,0,0,0,0,0.0,1,1.0,0,0.0,0,0.0,0,0.0,0,0.0
3752,10.1149/1.1344281,0.83972664,ClO4,PC:1.000,-0.0,64.9,2.53,64.9,2.53,0,1,0,0,0,0,0.0,1,1.0,0,0.0,0,0.0,0,0.0,0,0.0
3753,10.1149/1.1344281,0.601603487,ClO4,PC:1.000,-0.0,64.9,2.53,64.9,2.53,0,1,0,0,0,0,0.0,1,1.0,0,0.0,0,0.0,0,0.0,0,0.0
3754,10.1149/1.1344281,0.437904401,ClO4,PC:1.000,-0.0,64.9,2.53,64.9,2.53,0,1,0,0,0,0,0.0,1,1.0,0,0.0,0,0.0,0,0.0,0,0.0
3755,10.1149/1.1344281,0.308784273,ClO4,PC:1.000,-0.0,64.9,2.53,64.9,2.53,0,1,0,0,0,0,0.0,1,1.0,0,0.0,0,0.0,0,0.0,0,0.0
3756,10.1149/1.1344281,0.204335972,ClO4,PC:1.000,-0.0,64.9,2.53,64.9,2.53,0,1,0,0,0,0,0.0,1,1.0,0,0.0,0,0.0,0,0.0,0,0.0
3757,10.1149/1.1344281,0.135217992,ClO4,PC:1.000,-0.0,64.9,2.53,64.9,2.53,0,1,0,0,0,0,0.0,1,1.0,0,0.0,0,0.0,0,0.0,0,0.0
3758,10.1149/1.1344281,0.077563103,ClO4,PC:1.000,-0.0,64.9,2.53,64.9,2.53,0,1,0,0,0,0,0.0,1,1.0,0,0.0,0,0.0,0,0.0,0,0.0
3759,10.1149/1.1344281,0.038566204,ClO4,PC:1.000,-0.0,64.9,2.53,64.9,2.53,0,1,0,0,0,0,0.0,1,1.0,0,0.0,0,0.0,0,0.0,0,0.0
3760,10.1149/1.1344281,0.016360369,ClO4,PC:1.000,-0.0,64.9,2.53,64.9,2.53,0,1,0,0,0,0,0.0,1,1.0,0,0.0,0,0.0,0,0.0,0,0.0
3786,10.1149/1.1344281,2.579896064,ClO4,DME:1.000,-0.0,7.2,0.39,3.6,0.195,0,1,0,0,0,0,0.0,0,0.0,1,1.0,0,0.0,0,0.0,0,0.0
3787,10.1149/1.1344281,2.62959886,ClO4,DME:1.000,-0.0,7.2,0.39,3.6,0.195,0,1,0,0,0,0,0.0,0,0.0,1,1.0,0,0.0,0,0.0,0,0.0
3788,10.1149/1.1344281,2.680259201,ClO4,DME:1.000,-0.0,7.2,0.39,3.6,0.195,0,1,0,0,0,0,0.0,0,0.0,1,1.0,0,0.0,0,0.0,0,0.0
3789,10.1149/1.1344281,2.714573827,ClO4,DME:1.000,-0.0,7.2,0.39,3.6,0.195,0,1,0,0,0,0,0.0,0,0.0,1,1.0,0,0.0,0,0.0,0,0.0
3790,10.1149/1.1344281,2.749327774,ClO4,DME:1.000,-0.0,7.2,0.39,3.6,0.195,0,1,0,0,0,0,0.0,0,0.0,1,1.0,0,0.0,0,0.0,0,0.0
3791,10.1149/1.1344281,2.784526666,ClO4,DME:1.000,-0.0,7.2,0.39,3.6,0.195,0,1,0,0,0,0,0.0,0,0.0,1,1.0,0,0.0,0,0.0,0,0.0
3792,10.1149/1.1344281,2.820176199,ClO4,DME:1.000,-0.0,7.2,0.39,3.6,0.195,0,1,0,0,0,0,0.0,0,0.0,1,1.0,0,0.0,0,0.0,0,0.0
3793,10.1149/1.1344281,2.911309636,ClO4,DME:1.000,-0.0,7.2,0.39,3.6,0.195,0,1,0,0,0,0,0.0,0,0.0,1,1.0,0,0.0,0,0.0,0,0.0
3794,10.1149/1.1344281,2.948582337,ClO4,DME:1.000,-0.0,7.2,0.39,3.6,0.195,0,1,0,0,0,0,0.0,0,0.0,1,1.0,0,0.0,0,0.0,0,0.0
3795,10.1149/1.1344281,2.986332231,ClO4,DME:1.000,-0.0,7.2,0.39,3.6,0.195,0,1,0,0,0,0,0.0,0,0.0,1,1.0,0,0.0,0,0.0,0,0.0
3796,10.1149/1.1344281,2.986332231,ClO4,DME:1.000,-0.0,7.2,0.39,3.6,0.195,0,1,0,0,0,0,0.0,0,0.0,1,1.0,0,0.0,0,0.0,0,0.0
3797,10.1149/1.1344281,2.986332231,ClO4,DME:1.000,-0.0,7.2,0.39,3.6,0.195,0,1,0,0,0,0,0.0,0,0.0,1,1.0,0,0.0,0,0.0,0,0.0
3798,10.1149/1.1344281,2.911309636,ClO4,DME:1.000,-0.0,7.2,0.39,3.6,0.195,0,1,0,0,0,0,0.0,0,0.0,1,1.0,0,0.0,0,0.0,0,0.0
3799,10.1149/1.1344281,2.802294743,ClO4,DME:1.000,-0.0,7.2,0.39,3.6,0.195,0,1,0,0,0,0,0.0,0,0.0,1,1.0,0,0.0,0,0.0,0,0.0
3800,10.1149/1.1344281,2.784526666,ClO4,DME:1.000,-0.0,7.2,0.39,3.6,0.195,0,1,0,0,0,0,0.0,0,0.0,1,1.0,0,0.0,0,0.0,0,0.0
3801,10.1149/1.1344281,2.714573827,ClO4,DME:1.000,-0.0,7.2,0.39,3.6,0.195,0,1,0,0,0,0,0.0,0,0.0,1,1.0,0,0.0,0,0.0,0,0.0
3802,10.1149/1.1344281,2.714573827,ClO4,DME:1.000,-0.0,7.2,0.39,3.6,0.195,0,1,0,0,0,0,0.0,0,0.0,1,1.0,0,0.0,0,0.0,0,0.0
3803,10.1149/1.1344281,2.596358393,ClO4,DME:1.000,-0.0,7.2,0.39,3.6,0.195,0,1,0,0,0,0,0.0,0,0.0,1,1.0,0,0.0,0,0.0,0,0.0
3804,10.1149/1.1344281,2.531132715,ClO4,DME:1.000,-0.0,7.2,0.39,3.6,0.195,0,1,0,0,0,0,0.0,0,0.0,1,1.0,0,0.0,0,0.0,0,0.0
3805,10.1149/1.1344281,2.271713669,ClO4,DME:1.000,-0.0,7.2,0.39,3.6,0.195,0,1,0,0,0,0,0.0,0,0.0,1,1.0,0,0.0,0,0.0,0,0.0
3806,10.1149/1.1344281,1.541151395,ClO4,DME:1.000,-0.0,7.2,0.39,3.6,0.195,0,1,0,0,0,0,0.0,0,0.0,1,1.0,0,0.0,0,0.0,0,0.0
3807,10.1149/1.1344281,0.575000879,ClO4,DME:1.000,-0.0,7.2,0.39,3.6,0.195,0,1,0,0,0,0,0.0,0,0.0,1,1.0,0,0.0,0,0.0,0,0.0
3808,10.1149/1.1344281,0.454421178,ClO4,DME:1.000,-0.0,7.2,0.39,3.6,0.195,0,1,0,0,0,0,0.0,0,0.0,1,1.0,0,0.0,0,0.0,0,0.0
3809,10.1149/1.1344281,0.363725275,ClO4,DME:1.000,-0.0,7.2,0.39,3.6,0.195,0,1,0,0,0,0,0.0,0,0.0,1,1.0,0,0.0,0,0.0,0,0.0
3810,10.1149/1.1344281,0.308283497,ClO4,DME:1.000,-0.0,7.2,0.39,3.6,0.195,0,1,0,0,0,0,0.0,0,0.0,1,1.0,0,0.0,0,0.0,0,0.0
3811,10.1149/1.1344281,0.262959886,ClO4,DME:1.000,-0.0,7.2,0.39,3.6,0.195,0,1,0,0,0,0,0.0,0,0.0,1,1.0,0,0.0,0,0.0,0,0.0
3812,10.1149/1.1344281,0.220060166,ClO4,DME:1.000,-0.0,7.2,0.39,3.6,0.195,0,1,0,0,0,0,0.0,0,0.0,1,1.0,0,0.0,0,0.0,0,0.0
3813,10.1149/1.1344281,10.25769363,TFSI,DME:1.000,-0.0,7.2,0.39,3.6,0.195,0,0,1,0,0,0,0.0,0,0.0,1,1.0,0,0.0,0,0.0,0,0.0
3814,10.1149/1.1344281,10.25769363,TFSI,DME:1.000,-0.0,7.2,0.39,3.6,0.195,0,0,1,0,0,0,0.0,0,0.0,1,1.0,0,0.0,0,0.0,0,0.0
3815,10.1149/1.1344281,10.25769363,TFSI,DME:1.000,-0.0,7.2,0.39,3.6,0.195,0,0,1,0,0,0,0.0,0,0.0,1,1.0,0,0.0,0,0.0,0,0.0
3816,10.1149/1.1344281,10.32314802,TFSI,DME:1.000,-0.0,7.2,0.39,3.6,0.195,0,0,1,0,0,0,0.0,0,0.0,1,1.0,0,0.0,0,0.0,0,0.0
3817,10.1149/1.1344281,10.32314802,TFSI,DME:1.000,-0.0,7.2,0.39,3.6,0.195,0,0,1,0,0,0,0.0,0,0.0,1,1.0,0,0.0,0,0.0,0,0.0
3818,10.1149/1.1344281,10.0,TFSI,DME:1.000,-0.0,7.2,0.39,3.6,0.195,0,0,1,0,0,0,0.0,0,0.0,1,1.0,0,0.0,0,0.0,0,0.0
3819,10.1149/1.1344281,10.0,TFSI,DME:1.000,-0.0,7.2,0.39,3.6,0.195,0,0,1,0,0,0,0.0,0,0.0,1,1.0,0,0.0,0,0.0,0,0.0
3820,10.1149/1.1344281,9.873591112,TFSI,DME:1.000,-0.0,7.2,0.39,3.6,0.195,0,0,1,0,0,0,0.0,0,0.0,1,1.0,0,0.0,0,0.0,0,0.0
3821,10.1149/1.1344281,9.748780144,TFSI,DME:1.000,-0.0,7.2,0.39,3.6,0.195,0,0,1,0,0,0,0.0,0,0.0,1,1.0,0,0.0,0,0.0,0,0.0
3822,10.1149/1.1344281,9.4436117,TFSI,DME:1.000,-0.0,7.2,0.39,3.6,0.195,0,0,1,0,0,0,0.0,0,0.0,1,1.0,0,0.0,0,0.0,0,0.0
3823,10.1149/1.1344281,9.147996017,TFSI,DME:1.000,-0.0,7.2,0.39,3.6,0.195,0,0,1,0,0,0,0.0,0,0.0,1,1.0,0,0.0,0,0.0,0,0.0
3824,10.1149/1.1344281,8.749615134,TFSI,DME:1.000,-0.0,7.2,0.39,3.6,0.195,0,0,1,0,0,0,0.0,0,0.0,1,1.0,0,0.0,0,0.0,0,0.0
3825,10.1149/1.1344281,8.421983081,TFSI,DME:1.000,-0.0,7.2,0.39,3.6,0.195,0,0,1,0,0,0,0.0,0,0.0,1,1.0,0,0.0,0,0.0,0,0.0
3826,10.1149/1.1344281,8.106619313,TFSI,DME:1.000,-0.0,7.2,0.39,3.6,0.195,0,0,1,0,0,0,0.0,0,0.0,1,1.0,0,0.0,0,0.0,0,0.0
3827,10.1149/1.1344281,7.558803207,TFSI,DME:1.000,-0.0,7.2,0.39,3.6,0.195,0,0,1,0,0,0,0.0,0,0.0,1,1.0,0,0.0,0,0.0,0,0.0
3828,10.1149/1.1344281,7.13824024,TFSI,DME:1.000,-0.0,7.2,0.39,3.6,0.195,0,0,1,0,0,0,0.0,0,0.0,1,1.0,0,0.0,0,0.0,0,0.0
3829,10.1149/1.1344281,6.741076905,TFSI,DME:1.000,-0.0,7.2,0.39,3.6,0.195,0,0,1,0,0,0,0.0,0,0.0,1,1.0,0,0.0,0,0.0,0,0.0
3830,10.1149/1.1344281,6.285539232,TFSI,DME:1.000,-0.0,7.2,0.39,3.6,0.195,0,0,1,0,0,0,0.0,0,0.0,1,1.0,0,0.0,0,0.0,0,0.0
3831,10.1149/1.1344281,5.713550593,TFSI,DME:1.000,-0.0,7.2,0.39,3.6,0.195,0,0,1,0,0,0,0.0,0,0.0,1,1.0,0,0.0,0,0.0,0,0.0
3832,10.1149/1.1344281,4.904646766,TFSI,DME:1.000,-0.0,7.2,0.39,3.6,0.195,0,0,1,0,0,0,0.0,0,0.0,1,1.0,0,0.0,0,0.0,0,0.0
3833,10.1149/1.1344281,4.130685208,TFSI,DME:1.000,-0.0,7.2,0.39,3.6,0.195,0,0,1,0,0,0,0.0,0,0.0,1,1.0,0,0.0,0,0.0,0,0.0
3834,10.1149/1.1344281,3.456798248,TFSI,DME:1.000,-0.0,7.2,0.39,3.6,0.195,0,0,1,0,0,0,0.0,0,0.0,1,1.0,0,0.0,0,0.0,0,0.0
3835,10.1149/1.1344281,3.005388031,TFSI,DME:1.000,-0.0,7.2,0.39,3.6,0.195,0,0,1,0,0,0,0.0,0,0.0,1,1.0,0,0.0,0,0.0,0,0.0
3836,10.1149/1.1344281,2.62959886,TFSI,DME:1.000,-0.0,7.2,0.39,3.6,0.195,0,0,1,0,0,0,0.0,0,0.0,1,1.0,0,0.0,0,0.0,0,0.0
3837,10.1149/1.1344281,2.420905854,TFSI,DME:1.000,-0.0,7.2,0.39,3.6,0.195,0,0,1,0,0,0,0.0,0,0.0,1,1.0,0,0.0,0,0.0,0,0.0
3838,10.1149/1.1344281,2.271713669,TFSI,DME:1.000,-0.0,7.2,0.39,3.6,0.195,0,0,1,0,0,0,0.0,0,0.0,1,1.0,0,0.0,0,0.0,0,0.0
4363,10.1149/1.1466857,0.551948052,PF6,EC:0.300+EMC:0.700,0.6108643020548935,28.73,1.025,28.73,1.025,1,0,0,0,0,1,0.3,0,0.0,0,0.0,0,0.0,0,0.0,1,0.7
4364,10.1149/1.1466857,1.038961039,PF6,EC:0.300+EMC:0.700,0.6108643020548935,28.73,1.025,28.73,1.025,1,0,0,0,0,1,0.3,0,0.0,0,0.0,0,0.0,0,0.0,1,0.7
4365,10.1149/1.1466857,1.818181818,PF6,EC:0.300+EMC:0.700,0.6108643020548935,28.73,1.025,28.73,1.025,1,0,0,0,0,1,0.3,0,0.0,0,0.0,0,0.0,0,0.0,1,0.7
4366,10.1149/1.1466857,2.824675325,PF6,EC:0.300+EMC:0.700,0.6108643020548935,28.73,1.025,28.73,1.025,1,0,0,0,0,1,0.3,0,0.0,0,0.0,0,0.0,0,0.0,1,0.7
4367,10.1149/1.1466857,3.928571429,PF6,EC:0.300+EMC:0.700,0.6108643020548935,28.73,1.025,28.73,1.025,1,0,0,0,0,1,0.3,0,0.0,0,0.0,0,0.0,0,0.0,1,0.7
4368,10.1149/1.1466857,5.162337662,PF6,EC:0.300+EMC:0.700,0.6108643020548935,28.73,1.025,28.73,1.025,1,0,0,0,0,1,0.3,0,0.0,0,0.0,0,0.0,0,0.0,1,0.7
4369,10.1149/1.1466857,6.493506494,PF6,EC:0.300+EMC:0.700,0.6108643020548935,28.73,1.025,28.73,1.025,1,0,0,0,0,1,0.3,0,0.0,0,0.0,0,0.0,0,0.0,1,0.7
4370,10.1149/1.1466857,7.954545455,PF6,EC:0.300+EMC:0.700,0.6108643020548935,28.73,1.025,28.73,1.025,1,0,0,0,0,1,0.3,0,0.0,0,0.0,0,0.0,0,0.0,1,0.7
4371,10.1149/1.1466857,9.545454545,PF6,EC:0.300+EMC:0.700,0.6108643020548935,28.73,1.025,28.73,1.025,1,0,0,0,0,1,0.3,0,0.0,0,0.0,0,0.0,0,0.0,1,0.7
4372,10.1149/1.1466857,11.16883117,PF6,EC:0.300+EMC:0.700,0.6108643020548935,28.73,1.025,28.73,1.025,1,0,0,0,0,1,0.3,0,0.0,0,0.0,0,0.0,0,0.0,1,0.7
4373,10.1149/1.1466857,12.5974026,PF6,EC:0.300+EMC:0.700,0.6108643020548935,28.73,1.025,28.73,1.025,1,0,0,0,0,1,0.3,0,0.0,0,0.0,0,0.0,0,0.0,1,0.7
4374,10.1149/1.1466857,14.05844156,PF6,EC:0.300+EMC:0.700,0.6108643020548935,28.73,1.025,28.73,1.025,1,0,0,0,0,1,0.3,0,0.0,0,0.0,0,0.0,0,0.0,1,0.7
4375,10.1149/1.1466857,0.12987013,BF4,EC:0.300+EMC:0.700,0.6108643020548935,28.73,1.025,28.73,1.025,0,0,0,0,1,1,0.3,0,0.0,0,0.0,0,0.0,0,0.0,1,0.7
4376,10.1149/1.1466857,0.454545455,BF4,EC:0.300+EMC:0.700,0.6108643020548935,28.73,1.025,28.73,1.025,0,0,0,0,1,1,0.3,0,0.0,0,0.0,0,0.0,0,0.0,1,0.7
4377,10.1149/1.1466857,0.714285714,BF4,EC:0.300+EMC:0.700,0.6108643020548935,28.73,1.025,28.73,1.025,0,0,0,0,1,1,0.3,0,0.0,0,0.0,0,0.0,0,0.0,1,0.7
4378,10.1149/1.1466857,0.974025974,BF4,EC:0.300+EMC:0.700,0.6108643020548935,28.73,1.025,28.73,1.025,0,0,0,0,1,1,0.3,0,0.0,0,0.0,0,0.0,0,0.0,1,0.7
4379,10.1149/1.1466857,1.233766234,BF4,EC:0.300+EMC:0.700,0.6108643020548935,28.73,1.025,28.73,1.025,0,0,0,0,1,1,0.3,0,0.0,0,0.0,0,0.0,0,0.0,1,0.7
4380,10.1149/1.1466857,1.720779221,BF4,EC:0.300+EMC:0.700,0.6108643020548935,28.73,1.025,28.73,1.025,0,0,0,0,1,1,0.3,0,0.0,0,0.0,0,0.0,0,0.0,1,0.7
4381,10.1149/1.1466857,2.045454545,BF4,EC:0.300+EMC:0.700,0.6108643020548935,28.73,1.025,28.73,1.025,0,0,0,0,1,1,0.3,0,0.0,0,0.0,0,0.0,0,0.0,1,0.7
4382,10.1149/1.1466857,2.564935065,BF4,EC:0.300+EMC:0.700,0.6108643020548935,28.73,1.025,28.73,1.025,0,0,0,0,1,1,0.3,0,0.0,0,0.0,0,0.0,0,0.0,1,0.7
4383,10.1149/1.1466857,3.084415584,BF4,EC:0.300+EMC:0.700,0.6108643020548935,28.73,1.025,28.73,1.025,0,0,0,0,1,1,0.3,0,0.0,0,0.0,0,0.0,0,0.0,1,0.7
4384,10.1149/1.1466857,3.506493506,BF4,EC:0.300+EMC:0.700,0.6108643020548935,28.73,1.025,28.73,1.025,0,0,0,0,1,1,0.3,0,0.0,0,0.0,0,0.0,0,0.0,1,0.7
4385,10.1149/1.1466857,3.928571429,BF4,EC:0.300+EMC:0.700,0.6108643020548935,28.73,1.025,28.73,1.025,0,0,0,0,1,1,0.3,0,0.0,0,0.0,0,0.0,0,0.0,1,0.7
4386,10.1149/1.1466857,4.220779221,BF4,EC:0.300+EMC:0.700,0.6108643020548935,28.73,1.025,28.73,1.025,0,0,0,0,1,1,0.3,0,0.0,0,0.0,0,0.0,0,0.0,1,0.7
10873,10.1149/1.1872737,12.29547642,PF6,EC:0.270+PC:0.100+DMC:0.630,0.8748608452408524,32.473,1.1377,12.621085032864,0.4421829963936,1,0,0,0,0,1,0.27,1,0.1,0,0.0,1,0.63,0,0.0,0,0.0
10874,10.1149/1.1872737,12.82483157,PF6,EC:0.270+PC:0.100+DMC:0.630,0.8748608452408524,32.473,1.1377,12.708731445879,0.44525371126709995,1,0,0,0,0,1,0.27,1,0.1,0,0.0,1,0.63,0,0.0,0,0.0
10875,10.1149/1.1872737,19.30943215,PF6,EC:0.270+PC:0.100+DMC:0.630,0.8748608452408524,32.473,1.1377,31.202126865154,1.0931746292146,1,0,0,0,0,1,0.27,1,0.1,0,0.0,1,0.63,0,0.0,0,0.0
10877,10.1149/1.1872737,18.21462945,PF6,EC:0.270+PC:0.100+DMC:0.630,0.8748608452408524,32.473,1.1377,56.269004039905994,1.9713991899794,1,0,0,0,0,1,0.27,1,0.1,0,0.0,1,0.63,0,0.0,0,0.0
10878,10.1149/1.1872737,15.816490216666669,PF6,EC:0.270+PC:0.100+DMC:0.630,0.8748608452408524,32.473,1.1377,72.746531700052,2.5486936567348,1,0,0,0,0,1,0.27,1,0.1,0,0.0,1,0.63,0,0.0,0,0.0
10881,10.1149/1.1872737,7.747834456,PF6,EC:0.270+PC:0.100+DMC:0.630,0.8748608452408524,32.473,1.1377,108.155686909494,3.7892626180805995,1,0,0,0,0,1,0.27,1,0.1,0,0.0,1,0.63,0,0.0,0,0.0
10884,10.1149/1.1872737,10.08180943,PF6,EC:0.270+PC:0.100+DMC:0.630,0.8748608452408524,32.473,1.1377,12.621085032864,0.4421829963936,1,0,0,0,0,1,0.27,1,0.1,0,0.0,1,0.63,0,0.0,0,0.0
10885,10.1149/1.1872737,14.96631376,PF6,EC:0.270+PC:0.100+DMC:0.630,0.8748608452408524,32.473,1.1377,31.202126865154,1.0931746292146,1,0,0,0,0,1,0.27,1,0.1,0,0.0,1,0.63,0,0.0,0,0.0
10886,10.1149/1.1872737,14.19634264,PF6,EC:0.270+PC:0.100+DMC:0.630,0.8748608452408524,32.473,1.1377,56.444296898409,1.9775406208641,1,0,0,0,0,1,0.27,1,0.1,0,0.0,1,0.63,0,0.0,0,0.0
10887,10.1149/1.1872737,13.16169394,PF6,EC:0.270+PC:0.100+DMC:0.630,0.8748608452408524,32.473,1.1377,56.35665048539399,1.9744699059905997,1,0,0,0,0,1,0.27,1,0.1,0,0.0,1,0.63,0,0.0,0,0.0
10888,10.1149/1.1872737,10.29836381,PF6,EC:0.270+PC:0.100+DMC:0.630,0.8748608452408524,32.473,1.1377,72.571238874022,2.5425522269878,1,0,0,0,0,1,0.27,1,0.1,0,0.0,1,0.63,0,0.0,0,0.0
10889,10.1149/1.1872737,3.970163619,PF6,EC:0.270+PC:0.100+DMC:0.630,0.8748608452408524,32.473,1.1377,108.243333322509,3.7923333329541,1,0,0,0,0,1,0.27,1,0.1,0,0.0,1,0.63,0,0.0,0,0.0
10891,10.1149/1.1872737,7.832050048,PF6,EC:0.270+PC:0.100+DMC:0.630,0.8748608452408524,32.473,1.1377,12.796377858894,0.4483244261406,1,0,0,0,0,1,0.27,1,0.1,0,0.0,1,0.63,0,0.0,0,0.0
10893,10.1149/1.1872737,10.77959577,PF6,EC:0.270+PC:0.100+DMC:0.630,0.8748608452408524,32.473,1.1377,31.026834006650997,1.0870331983299,1,0,0,0,0,1,0.27,1,0.1,0,0.0,1,0.63,0,0.0,0,0.0
10894,10.1149/1.1872737,8.54186718,PF6,EC:0.270+PC:0.100+DMC:0.630,0.8748608452408524,32.473,1.1377,56.35665048539399,1.9744699059905997,1,0,0,0,0,1,0.27,1,0.1,0,0.0,1,0.63,0,0.0,0,0.0
10895,10.1149/1.1872737,6.207892204,PF6,EC:0.270+PC:0.100+DMC:0.630,0.8748608452408524,32.473,1.1377,72.658885287037,2.5456229418612994,1,0,0,0,0,1,0.27,1,0.1,0,0.0,1,0.63,0,0.0,0,0.0
10897,10.1149/1.1872737,1.588065448,PF6,EC:0.270+PC:0.100+DMC:0.630,0.8748608452408524,32.473,1.1377,108.243333322509,3.7923333329541,1,0,0,0,0,1,0.27,1,0.1,0,0.0,1,0.63,0,0.0,0,0.0
10899,10.1149/1.1872737,4.234841193,PF6,EC:0.270+PC:0.100+DMC:0.630,0.8748608452408524,32.473,1.1377,12.708731445879,0.44525371126709995,1,0,0,0,0,1,0.27,1,0.1,0,0.0,1,0.63,0,0.0,0,0.0
10900,10.1149/1.1872737,5.221366699,PF6,EC:0.270+PC:0.100+DMC:0.630,0.8748608452408524,32.473,1.1377,31.026834006650997,1.0870331983299,1,0,0,0,0,1,0.27,1,0.1,0,0.0,1,0.63,0,0.0,0,0.0
10901,10.1149/1.1872737,2.935514918,PF6,EC:0.270+PC:0.100+DMC:0.630,0.8748608452408524,32.473,1.1377,56.444296898409,1.9775406208641,1,0,0,0,0,1,0.27,1,0.1,0,0.0,1,0.63,0,0.0,0,0.0
10902,10.1149/1.1872737,1.347449471,PF6,EC:0.270+PC:0.100+DMC:0.630,0.8748608452408524,32.473,1.1377,72.571238874022,2.5425522269878,1,0,0,0,0,1,0.27,1,0.1,0,0.0,1,0.63,0,0.0,0,0.0
10903,10.1149/1.1872737,0.144369586,PF6,EC:0.270+PC:0.100+DMC:0.630,0.8748608452408524,32.473,1.1377,108.068040496479,3.7861919032071,1,0,0,0,0,1,0.27,1,0.1,0,0.0,1,0.63,0,0.0,0,0.0
11883,10.1149/2.0571912jes,4.959,PF6,EC:0.500+DMC:0.500,0.6931471805599453,46.05,1.2449999999999999,23.163149999999998,0.626235,1,0,0,0,0,1,0.5,0,0.0,0,0.0,1,0.5,0,0.0,0,0.0
11884,10.1149/2.0571912jes,4.962,PF6,EC:0.500+DMC:0.500,0.6931471805599453,46.05,1.2449999999999999,46.18814999999999,1.2487349999999997,1,0,0,0,0,1,0.5,0,0.0,0,0.0,1,0.5,0,0.0,0,0.0
11885,10.1149/2.0571912jes,2.955,PF6,EC:0.500+DMC:0.500,0.6931471805599453,46.05,1.2449999999999999,69.21314999999998,1.8712349999999998,1,0,0,0,0,1,0.5,0,0.0,0,0.0,1,0.5,0,0.0,0,0.0
11886,10.1149/2.0571912jes,1.824,PF6,EC:0.500+DMC:0.500,0.6931471805599453,46.05,1.2449999999999999,92.1,2.4899999999999998,1,0,0,0,0,1,0.5,0,0.0,0,0.0,1,0.5,0,0.0,0,0.0
11887,10.1149/2.0571912jes,0.756,PF6,EC:0.500+DMC:0.500,0.6931471805599453,46.05,1.2449999999999999,138.14999999999998,3.7349999999999994,1,0,0,0,0,1,0.5,0,0.0,0,0.0,1,0.5,0,0.0,0,0.0
11888,10.1149/2.0571912jes,6.352,PF6,EC:0.500+DMC:0.500,0.6931471805599453,46.05,1.2449999999999999,23.2092,0.6274799999999999,1,0,0,0,0,1,0.5,0,0.0,0,0.0,1,0.5,0,0.0,0,0.0
11889,10.1149/2.0571912jes,6.813,PF6,EC:0.500+DMC:0.500,0.6931471805599453,46.05,1.2449999999999999,46.234199999999994,1.2499799999999999,1,0,0,0,0,1,0.5,0,0.0,0,0.0,1,0.5,0,0.0,0,0.0
11890,10.1149/2.0571912jes,4.488,PF6,EC:0.500+DMC:0.500,0.6931471805599453,46.05,1.2449999999999999,69.21314999999998,1.8712349999999998,1,0,0,0,0,1,0.5,0,0.0,0,0.0,1,0.5,0,0.0,0,0.0
11891,10.1149/2.0571912jes,2.978,PF6,EC:0.500+DMC:0.500,0.6931471805599453,46.05,1.2449999999999999,92.23815,2.493735,1,0,0,0,0,1,0.5,0,0.0,0,0.0,1,0.5,0,0.0,0,0.0
11892,10.1149/2.0571912jes,1.413,PF6,EC:0.500+DMC:0.500,0.6931471805599453,46.05,1.2449999999999999,138.14999999999998,3.7349999999999994,1,0,0,0,0,1,0.5,0,0.0,0,0.0,1,0.5,0,0.0,0,0.0
11893,10.1149/2.0571912jes,7.864,PF6,EC:0.500+DMC:0.500,0.6931471805599453,46.05,1.2449999999999999,23.117099999999997,0.6249899999999999,1,0,0,0,0,1,0.5,0,0.0,0,0.0,1,0.5,0,0.0,0,0.0
11894,10.1149/2.0571912jes,8.723,PF6,EC:0.500+DMC:0.500,0.6931471805599453,46.05,1.2449999999999999,46.234199999999994,1.2499799999999999,1,0,0,0,0,1,0.5,0,0.0,0,0.0,1,0.5,0,0.0,0,0.0
11895,10.1149/2.0571912jes,6.378,PF6,EC:0.500+DMC:0.500,0.6931471805599453,46.05,1.2449999999999999,69.25919999999999,1.87248,1,0,0,0,0,1,0.5,0,0.0,0,0.0,1,0.5,0,0.0,0,0.0
11896,10.1149/2.0571912jes,4.451,PF6,EC:0.500+DMC:0.500,0.6931471805599453,46.05,1.2449999999999999,92.14604999999999,2.4912449999999997,1,0,0,0,0,1,0.5,0,0.0,0,0.0,1,0.5,0,0.0,0,0.0
11897,10.1149/2.0571912jes,2.308,PF6,EC:0.500+DMC:0.500,0.6931471805599453,46.05,1.2449999999999999,138.0579,3.73251,1,0,0,0,0,1,0.5,0,0.0,0,0.0,1,0.5,0,0.0,0,0.0
11898,10.1149/2.0571912jes,9.436,PF6,EC:0.500+DMC:0.500,0.6931471805599453,46.05,1.2449999999999999,23.2092,0.6274799999999999,1,0,0,0,0,1,0.5,0,0.0,0,0.0,1,0.5,0,0.0,0,0.0
11899,10.1149/2.0571912jes,10.813,PF6,EC:0.500+DMC:0.500,0.6931471805599453,46.05,1.2449999999999999,46.280249999999995,1.2512249999999998,1,0,0,0,0,1,0.5,0,0.0,0,0.0,1,0.5,0,0.0,0,0.0
11900,10.1149/2.0571912jes,8.507,PF6,EC:0.500+DMC:0.500,0.6931471805599453,46.05,1.2449999999999999,69.25919999999999,1.87248,1,0,0,0,0,1,0.5,0,0.0,0,0.0,1,0.5,0,0.0,0,0.0
11901,10.1149/2.0571912jes,6.441,PF6,EC:0.500+DMC:0.500,0.6931471805599453,46.05,1.2449999999999999,92.37629999999999,2.4974699999999994,1,0,0,0,0,1,0.5,0,0.0,0,0.0,1,0.5,0,0.0,0,0.0
11902,10.1149/2.0571912jes,3.463,PF6,EC:0.500+DMC:0.500,0.6931471805599453,46.05,1.2449999999999999,138.38025,3.7412249999999996,1,0,0,0,0,1,0.5,0,0.0,0,0.0,1,0.5,0,0.0,0,0.0
11903,10.1149/2.0571912jes,10.909,PF6,EC:0.500+DMC:0.500,0.6931471805599453,46.05,1.2449999999999999,23.25525,0.628725,1,0,0,0,0,1,0.5,0,0.0,0,0.0,1,0.5,0,0.0,0,0.0
11904,10.1149/2.0571912jes,12.942,PF6,EC:0.500+DMC:0.500,0.6931471805599453,46.05,1.2449999999999999,46.37234999999999,1.2537149999999997,1,0,0,0,0,1,0.5,0,0.0,0,0.0,1,0.5,0,0.0,0,0.0
11905,10.1149/2.0571912jes,10.896,PF6,EC:0.500+DMC:0.500,0.6931471805599453,46.05,1.2449999999999999,69.30524999999999,1.8737249999999996,1,0,0,0,0,1,0.5,0,0.0,0,0.0,1,0.5,0,0.0,0,0.0
11906,10.1149/2.0571912jes,8.511,PF6,EC:0.500+DMC:0.500,0.6931471805599453,46.05,1.2449999999999999,92.37629999999999,2.4974699999999994,1,0,0,0,0,1,0.5,0,0.0,0,0.0,1,0.5,0,0.0,0,0.0
11907,10.1149/2.0571912jes,4.935,PF6,EC:0.500+DMC:0.500,0.6931471805599453,46.05,1.2449999999999999,138.19604999999999,3.7362449999999994,1,0,0,0,0,1,0.5,0,0.0,0,0.0,1,0.5,0,0.0,0,0.0
11908,10.1149/2.0571912jes,12.441,PF6,EC:0.500+DMC:0.500,0.6931471805599453,46.05,1.2449999999999999,23.25525,0.628725,1,0,0,0,0,1,0.5,0,0.0,0,0.0,1,0.5,0,0.0,0,0.0
11909,10.1149/2.0571912jes,15.151,PF6,EC:0.500+DMC:0.500,0.6931471805599453,46.05,1.2449999999999999,46.4184,1.2549599999999999,1,0,0,0,0,1,0.5,0,0.0,0,0.0,1,0.5,0,0.0,0,0.0
11910,10.1149/2.0571912jes,13.184,PF6,EC:0.500+DMC:0.500,0.6931471805599453,46.05,1.2449999999999999,69.21314999999998,1.8712349999999998,1,0,0,0,0,1,0.5,0,0.0,0,0.0,1,0.5,0,0.0,0,0.0
11911,10.1149/2.0571912jes,10.76,PF6,EC:0.500+DMC:0.500,0.6931471805599453,46.05,1.2449999999999999,92.19209999999998,2.4924899999999997,1,0,0,0,0,1,0.5,0,0.0,0,0.0,1,0.5,0,0.0,0,0.0
11912,10.1149/2.0571912jes,6.587,PF6,EC:0.500+DMC:0.500,0.6931471805599453,46.05,1.2449999999999999,138.19604999999999,3.7362449999999994,1,0,0,0,0,1,0.5,0,0.0,0,0.0,1,0.5,0,0.0,0,0.0
11913,10.1149/2.0571912jes,14.172,PF6,EC:0.500+DMC:0.500,0.6931471805599453,46.05,1.2449999999999999,23.07105,0.623745,1,0,0,0,0,1,0.5,0,0.0,0,0.0,1,0.5,0,0.0,0,0.0
11914,10.1149/2.0571912jes,17.36,PF6,EC:0.500+DMC:0.500,0.6931471805599453,46.05,1.2449999999999999,46.4184,1.2549599999999999,1,0,0,0,0,1,0.5,0,0.0,0,0.0,1,0.5,0,0.0,0,0.0
11915,10.1149/2.0571912jes,15.731,PF6,EC:0.500+DMC:0.500,0.6931471805599453,46.05,1.2449999999999999,69.12105,1.8687449999999997,1,0,0,0,0,1,0.5,0,0.0,0,0.0,1,0.5,0,0.0,0,0.0
11916,10.1149/2.0571912jes,13.108,PF6,EC:0.500+DMC:0.500,0.6931471805599453,46.05,1.2449999999999999,92.33024999999999,2.4962249999999995,1,0,0,0,0,1,0.5,0,0.0,0,0.0,1,0.5,0,0.0,0,0.0
11917,10.1149/2.0571912jes,7.98,PF6,EC:0.500+DMC:0.500,0.6931471805599453,46.05,1.2449999999999999,138.14999999999998,3.7349999999999994,1,0,0,0,0,1,0.5,0,0.0,0,0.0,1,0.5,0,0.0,0,0.0
11918,10.1149/2.0571912jes,1.417,PF6,EC:0.300+EMC:0.700,0.6108643020548935,28.73,1.025,3.1890300000000003,0.11377499999999999,1,0,0,0,0,1,0.3,0,0.0,0,0.0,0,0.0,0,0.0,1,0.7
11919,10.1149/2.0571912jes,3.784,PF6,EC:0.300+EMC:0.700,0.6108643020548935,28.73,1.025,14.33627,0.5114749999999999,1,0,0,0,0,1,0.3,0,0.0,0,0.0,0,0.0,0,0.0,1,0.7
11920,10.1149/2.0571912jes,4.185,PF6,EC:0.300+EMC:0.700,0.6108643020548935,28.73,1.025,28.58635,1.0198749999999999,1,0,0,0,0,1,0.3,0,0.0,0,0.0,0,0.0,0,0.0,1,0.7
11921,10.1149/2.0571912jes,3.11,PF6,EC:0.300+EMC:0.700,0.6108643020548935,28.73,1.025,43.095,1.5374999999999999,1,0,0,0,0,1,0.3,0,0.0,0,0.0,0,0.0,0,0.0,1,0.7
11922,10.1149/2.0571912jes,1.665,PF6,EC:0.300+EMC:0.700,0.6108643020548935,28.73,1.025,57.373810000000006,2.046925,1,0,0,0,0,1,0.3,0,0.0,0,0.0,0,0.0,0,0.0,1,0.7
11923,10.1149/2.0571912jes,0.35,PF6,EC:0.300+EMC:0.700,0.6108643020548935,28.73,1.025,86.24745999999999,3.0770499999999994,1,0,0,0,0,1,0.3,0,0.0,0,0.0,0,0.0,0,0.0,1,0.7
11924,10.1149/2.0571912jes,1.631,PF6,EC:0.300+EMC:0.700,0.6108643020548935,28.73,1.025,2.98792,0.10659999999999999,1,0,0,0,0,1,0.3,0,0.0,0,0.0,0,0.0,0,0.0,1,0.7
11925,10.1149/2.0571912jes,4.697,PF6,EC:0.300+EMC:0.700,0.6108643020548935,28.73,1.025,14.02024,0.5002,1,0,0,0,0,1,0.3,0,0.0,0,0.0,0,0.0,0,0.0,1,0.7
11926,10.1149/2.0571912jes,5.39,PF6,EC:0.300+EMC:0.700,0.6108643020548935,28.73,1.025,28.61508,1.0209,1,0,0,0,0,1,0.3,0,0.0,0,0.0,0,0.0,0,0.0,1,0.7
11927,10.1149/2.0571912jes,4.276,PF6,EC:0.300+EMC:0.700,0.6108643020548935,28.73,1.025,42.98008,1.5333999999999999,1,0,0,0,0,1,0.3,0,0.0,0,0.0,0,0.0,0,0.0,1,0.7
11928,10.1149/2.0571912jes,2.637,PF6,EC:0.300+EMC:0.700,0.6108643020548935,28.73,1.025,57.431270000000005,2.048975,1,0,0,0,0,1,0.3,0,0.0,0,0.0,0,0.0,0,0.0,1,0.7
11929,10.1149/2.0571912jes,0.855,PF6,EC:0.300+EMC:0.700,0.6108643020548935,28.73,1.025,86.13254,3.07295,1,0,0,0,0,1,0.3,0,0.0,0,0.0,0,0.0,0,0.0,1,0.7
11930,10.1149/2.0571912jes,2.137,PF6,EC:0.300+EMC:0.700,0.6108643020548935,28.73,1.025,2.93046,0.10454999999999999,1,0,0,0,0,1,0.3,0,0.0,0,0.0,0,0.0,0,0.0,1,0.7
11931,10.1149/2.0571912jes,5.63,PF6,EC:0.300+EMC:0.700,0.6108643020548935,28.73,1.025,14.27881,0.5094249999999999,1,0,0,0,0,1,0.3,0,0.0,0,0.0,0,0.0,0,0.0,1,0.7
11932,10.1149/2.0571912jes,6.77,PF6,EC:0.300+EMC:0.700,0.6108643020548935,28.73,1.025,28.55762,1.0188499999999998,1,0,0,0,0,1,0.3,0,0.0,0,0.0,0,0.0,0,0.0,1,0.7
11933,10.1149/2.0571912jes,5.656,PF6,EC:0.300+EMC:0.700,0.6108643020548935,28.73,1.025,43.03754,1.5354499999999998,1,0,0,0,0,1,0.3,0,0.0,0,0.0,0,0.0,0,0.0,1,0.7
11934,10.1149/2.0571912jes,3.725,PF6,EC:0.300+EMC:0.700,0.6108643020548935,28.73,1.025,57.373810000000006,2.046925,1,0,0,0,0,1,0.3,0,0.0,0,0.0,0,0.0,0,0.0,1,0.7
11935,10.1149/2.0571912jes,1.399,PF6,EC:0.300+EMC:0.700,0.6108643020548935,28.73,1.025,86.19,3.0749999999999997,1,0,0,0,0,1,0.3,0,0.0,0,0.0,0,0.0,0,0.0,1,0.7
11936,10.1149/2.0571912jes,2.467,PF6,EC:0.300+EMC:0.700,0.6108643020548935,28.73,1.025,2.93046,0.10454999999999999,1,0,0,0,0,1,0.3,0,0.0,0,0.0,0,0.0,0,0.0,1,0.7
11937,10.1149/2.0571912jes,6.796,PF6,EC:0.300+EMC:0.700,0.6108643020548935,28.73,1.025,14.27881,0.5094249999999999,1,0,0,0,0,1,0.3,0,0.0,0,0.0,0,0.0,0,0.0,1,0.7
11938,10.1149/2.0571912jes,8.267,PF6,EC:0.300+EMC:0.700,0.6108643020548935,28.73,1.025,28.67254,1.0229499999999998,1,0,0,0,0,1,0.3,0,0.0,0,0.0,0,0.0,0,0.0,1,0.7
11939,10.1149/2.0571912jes,7.172,PF6,EC:0.300+EMC:0.700,0.6108643020548935,28.73,1.025,43.06627,1.536475,1,0,0,0,0,1,0.3,0,0.0,0,0.0,0,0.0,0,0.0,1,0.7
11940,10.1149/2.0571912jes,5.047,PF6,EC:0.300+EMC:0.700,0.6108643020548935,28.73,1.025,57.54619,2.0530749999999998,1,0,0,0,0,1,0.3,0,0.0,0,0.0,0,0.0,0,0.0,1,0.7
11941,10.1149/2.0571912jes,2.216,PF6,EC:0.300+EMC:0.700,0.6108643020548935,28.73,1.025,86.19,3.0749999999999997,1,0,0,0,0,1,0.3,0,0.0,0,0.0,0,0.0,0,0.0,1,0.7
11942,10.1149/2.0571912jes,2.739,PF6,EC:0.300+EMC:0.700,0.6108643020548935,28.73,1.025,2.93046,0.10454999999999999,1,0,0,0,0,1,0.3,0,0.0,0,0.0,0,0.0,0,0.0,1,0.7
11943,10.1149/2.0571912jes,7.613,PF6,EC:0.300+EMC:0.700,0.6108643020548935,28.73,1.025,14.33627,0.5114749999999999,1,0,0,0,0,1,0.3,0,0.0,0,0.0,0,0.0,0,0.0,1,0.7
11944,10.1149/2.0571912jes,9.764,PF6,EC:0.300+EMC:0.700,0.6108643020548935,28.73,1.025,28.61508,1.0209,1,0,0,0,0,1,0.3,0,0.0,0,0.0,0,0.0,0,0.0,1,0.7
11945,10.1149/2.0571912jes,8.688,PF6,EC:0.300+EMC:0.700,0.6108643020548935,28.73,1.025,43.123729999999995,1.5385249999999997,1,0,0,0,0,1,0.3,0,0.0,0,0.0,0,0.0,0,0.0,1,0.7
11946,10.1149/2.0571912jes,6.466,PF6,EC:0.300+EMC:0.700,0.6108643020548935,28.73,1.025,57.57492,2.0541,1,0,0,0,0,1,0.3,0,0.0,0,0.0,0,0.0,0,0.0,1,0.7
11947,10.1149/2.0571912jes,3.246,PF6,EC:0.300+EMC:0.700,0.6108643020548935,28.73,1.025,86.07508,3.0708999999999995,1,0,0,0,0,1,0.3,0,0.0,0,0.0,0,0.0,0,0.0,1,0.7
11948,10.1149/2.0571912jes,3.381,PF6,EC:0.300+EMC:0.700,0.6108643020548935,28.73,1.025,2.93046,0.10454999999999999,1,0,0,0,0,1,0.3,0,0.0,0,0.0,0,0.0,0,0.0,1,0.7
11949,10.1149/2.0571912jes,9.07,PF6,EC:0.300+EMC:0.700,0.6108643020548935,28.73,1.025,14.27881,0.5094249999999999,1,0,0,0,0,1,0.3,0,0.0,0,0.0,0,0.0,0,0.0,1,0.7
11950,10.1149/2.0571912jes,11.513,PF6,EC:0.300+EMC:0.700,0.6108643020548935,28.73,1.025,28.61508,1.0209,1,0,0,0,0,1,0.3,0,0.0,0,0.0,0,0.0,0,0.0,1,0.7
11951,10.1149/2.0571912jes,10.748,PF6,EC:0.300+EMC:0.700,0.6108643020548935,28.73,1.025,42.86516,1.5292999999999999,1,0,0,0,0,1,0.3,0,0.0,0,0.0,0,0.0,0,0.0,1,0.7
11952,10.1149/2.0571912jes,8.312,PF6,EC:0.300+EMC:0.700,0.6108643020548935,28.73,1.025,57.51745999999999,2.0520499999999995,1,0,0,0,0,1,0.3,0,0.0,0,0.0,0,0.0,0,0.0,1,0.7
11953,10.1149/2.0571912jes,4.373,PF6,EC:0.300+EMC:0.700,0.6108643020548935,28.73,1.025,86.07508,3.0708999999999995,1,0,0,0,0,1,0.3,0,0.0,0,0.0,0,0.0,0,0.0,1,0.7
11954,10.1149/2.0571912jes,3.556,PF6,EC:0.300+EMC:0.700,0.6108643020548935,28.73,1.025,2.75808,0.09839999999999999,1,0,0,0,0,1,0.3,0,0.0,0,0.0,0,0.0,0,0.0,1,0.7
11955,10.1149/2.0571912jes,9.537,PF6,EC:0.300+EMC:0.700,0.6108643020548935,28.73,1.025,14.27881,0.5094249999999999,1,0,0,0,0,1,0.3,0,0.0,0,0.0,0,0.0,0,0.0,1,0.7
11956,10.1149/2.0571912jes,13.029,PF6,EC:0.300+EMC:0.700,0.6108643020548935,28.73,1.025,28.70127,1.0239749999999999,1,0,0,0,0,1,0.3,0,0.0,0,0.0,0,0.0,0,0.0,1,0.7
11957,10.1149/2.0571912jes,11.934,PF6,EC:0.300+EMC:0.700,0.6108643020548935,28.73,1.025,43.008810000000004,1.534425,1,0,0,0,0,1,0.3,0,0.0,0,0.0,0,0.0,0,0.0,1,0.7
11958,10.1149/2.0571912jes,9.44,PF6,EC:0.300+EMC:0.700,0.6108643020548935,28.73,1.025,57.25889,2.042825,1,0,0,0,0,1,0.3,0,0.0,0,0.0,0,0.0,0,0.0,1,0.7
11959,10.1149/2.0571912jes,5.617,PF6,EC:0.300+EMC:0.700,0.6108643020548935,28.73,1.025,86.07508,3.0708999999999995,1,0,0,0,0,1,0.3,0,0.0,0,0.0,0,0.0,0,0.0,1,0.7
12002,10.1149/2.0641503jes,5.095238095,PF6,EC:0.500+DEC:0.500,0.6931471805599453,45.9,1.255,23.056250008499998,0.6304050928249999,1,0,0,0,0,1,0.5,0,0.0,0,0.0,0,0.0,1,0.5,0,0.0
12003,10.1149/2.0641503jes,6.80952381,PF6,EC:0.500+DEC:0.500,0.6931471805599453,45.9,1.255,23.056250008499998,0.6304050928249999,1,0,0,0,0,1,0.5,0,0.0,0,0.0,0,0.0,1,0.5,0,0.0
12004,10.1149/2.0641503jes,8.738205467,PF6,EC:0.500+DEC:0.500,0.6931471805599453,45.9,1.255,22.95,0.6275,1,0,0,0,0,1,0.5,0,0.0,0,0.0,0,0.0,1,0.5,0,0.0
12005,10.1149/2.0641503jes,5.581018519,PF6,EC:0.500+DEC:0.500,0.6931471805599453,45.9,1.255,36.7625000034,1.0051620371299999,1,0,0,0,0,1,0.5,0,0.0,0,0.0,0,0.0,1,0.5,0,0.0
12006,10.1149/2.0641503jes,7.84292328,PF6,EC:0.500+DEC:0.500,0.6931471805599453,45.9,1.255,36.7625000034,1.0051620371299999,1,0,0,0,0,1,0.5,0,0.0,0,0.0,0,0.0,1,0.5,0,0.0
12007,10.1149/2.0641503jes,10.31911376,PF6,EC:0.500+DEC:0.500,0.6931471805599453,45.9,1.255,36.7625000034,1.0051620371299999,1,0,0,0,0,1,0.5,0,0.0,0,0.0,0,0.0,1,0.5,0,0.0
12008,10.1149/2.0641503jes,5.452491182,PF6,EC:0.500+DEC:0.500,0.6931471805599453,45.9,1.255,45.9,1.255,1,0,0,0,0,1,0.5,0,0.0,0,0.0,0,0.0,1,0.5,0,0.0
12009,10.1149/2.0641503jes,7.88106261,PF6,EC:0.500+DEC:0.500,0.6931471805599453,45.9,1.255,45.9,1.255,1,0,0,0,0,1,0.5,0,0.0,0,0.0,0,0.0,1,0.5,0,0.0
12010,10.1149/2.0641503jes,10.64296737,PF6,EC:0.500+DEC:0.500,0.6931471805599453,45.9,1.255,45.9,1.255,1,0,0,0,0,1,0.5,0,0.0,0,0.0,0,0.0,1,0.5,0,0.0
12011,10.1149/2.0641503jes,4.919091711,PF6,EC:0.500+DEC:0.500,0.6931471805599453,45.9,1.255,55.143750005099996,1.5077430556949998,1,0,0,0,0,1,0.5,0,0.0,0,0.0,0,0.0,1,0.5,0,0.0
12012,10.1149/2.0641503jes,7.490520282,PF6,EC:0.500+DEC:0.500,0.6931471805599453,45.9,1.255,55.143750005099996,1.5077430556949998,1,0,0,0,0,1,0.5,0,0.0,0,0.0,0,0.0,1,0.5,0,0.0
12013,10.1149/2.0641503jes,10.204806,PF6,EC:0.500+DEC:0.500,0.6931471805599453,45.9,1.255,55.143750005099996,1.5077430556949998,1,0,0,0,0,1,0.5,0,0.0,0,0.0,0,0.0,1,0.5,0,0.0
12014,10.1149/2.0641503jes,3.785824515,PF6,EC:0.500+DEC:0.500,0.6931471805599453,45.9,1.255,68.85,1.8824999999999998,1,0,0,0,0,1,0.5,0,0.0,0,0.0,0,0.0,1,0.5,0,0.0
12015,10.1149/2.0641503jes,6.404872134,PF6,EC:0.500+DEC:0.500,0.6931471805599453,45.9,1.255,68.85,1.8824999999999998,1,0,0,0,0,1,0.5,0,0.0,0,0.0,0,0.0,1,0.5,0,0.0
12016,10.1149/2.0641503jes,9.095238095,PF6,EC:0.500+DEC:0.500,0.6931471805599453,45.9,1.255,68.9562500085,1.885405092825,1,0,0,0,0,1,0.5,0,0.0,0,0.0,0,0.0,1,0.5,0,0.0
13615,10.1016/0378-7753(91)80004-H,0.01,PF6,EC:0.150+PC:0.850,0.42270908780599087,68.515,2.4354999999999998,68.515,2.4354999999999998,1,0,0,0,0,1,0.15,1,0.85,0,0.0,0,0.0,0,0.0,0,0.0
13616,10.1016/0378-7753(91)80004-H,0.01,PF6,EC:0.500+PC:0.500,0.6931471805599453,76.95,2.215,76.95,2.215,1,0,0,0,0,1,0.5,1,0.5,0,0.0,0,0.0,0,0.0,0,0.0
13618,10.1016/0378-7753(91)80004-H,0.06,PF6,EC:0.150+PC:0.850,0.42270908780599087,68.515,2.4354999999999998,68.515,2.4354999999999998,1,0,0,0,0,1,0.15,1,0.85,0,0.0,0,0.0,0,0.0,0,0.0
13619,10.1016/0378-7753(91)80004-H,0.05,PF6,EC:0.500+PC:0.500,0.6931471805599453,76.95,2.215,76.95,2.215,1,0,0,0,0,1,0.5,1,0.5,0,0.0,0,0.0,0,0.0,0,0.0
13621,10.1016/0378-7753(91)80004-H,0.21,PF6,EC:0.150+PC:0.850,0.42270908780599087,68.515,2.4354999999999998,68.515,2.4354999999999998,1,0,0,0,0,1,0.15,1,0.85,0,0.0,0,0.0,0,0.0,0,0.0
13622,10.1016/0378-7753(91)80004-H,0.23,PF6,EC:0.500+PC:0.500,0.6931471805599453,76.95,2.215,76.95,2.215,1,0,0,0,0,1,0.5,1,0.5,0,0.0,0,0.0,0,0.0,0,0.0
13624,10.1016/0378-7753(91)80004-H,0.56,PF6,EC:0.150+PC:0.850,0.42270908780599087,68.515,2.4354999999999998,68.515,2.4354999999999998,1,0,0,0,0,1,0.15,1,0.85,0,0.0,0,0.0,0,0.0,0,0.0
13625,10.1016/0378-7753(91)80004-H,0.71,PF6,EC:0.500+PC:0.500,0.6931471805599453,76.95,2.215,76.95,2.215,1,0,0,0,0,1,0.5,1,0.5,0,0.0,0,0.0,0,0.0,0,0.0
13627,10.1016/0378-7753(91)80004-H,1.12,PF6,EC:0.150+PC:0.850,0.42270908780599087,68.515,2.4354999999999998,68.515,2.4354999999999998,1,0,0,0,0,1,0.15,1,0.85,0,0.0,0,0.0,0,0.0,0,0.0
13628,10.1016/0378-7753(91)80004-H,1.36,PF6,EC:0.500+PC:0.500,0.6931471805599453,76.95,2.215,76.95,2.215,1,0,0,0,0,1,0.5,1,0.5,0,0.0,0,0.0,0,0.0,0,0.0
13630,10.1016/0378-7753(91)80004-H,1.9,PF6,EC:0.150+PC:0.850,0.42270908780599087,68.515,2.4354999999999998,68.515,2.4354999999999998,1,0,0,0,0,1,0.15,1,0.85,0,0.0,0,0.0,0,0.0,0,0.0
13631,10.1016/0378-7753(91)80004-H,2.26,PF6,EC:0.500+PC:0.500,0.6931471805599453,76.95,2.215,76.95,2.215,1,0,0,0,0,1,0.5,1,0.5,0,0.0,0,0.0,0,0.0,0,0.0
13633,10.1016/0378-7753(91)80004-H,2.92,PF6,EC:0.150+PC:0.850,0.42270908780599087,68.515,2.4354999999999998,68.515,2.4354999999999998,1,0,0,0,0,1,0.15,1,0.85,0,0.0,0,0.0,0,0.0,0,0.0
13634,10.1016/0378-7753(91)80004-H,3.46,PF6,EC:0.500+PC:0.500,0.6931471805599453,76.95,2.215,76.95,2.215,1,0,0,0,0,1,0.5,1,0.5,0,0.0,0,0.0,0,0.0,0,0.0
13636,10.1016/0378-7753(91)80004-H,5.64,PF6,EC:0.150+PC:0.850,0.42270908780599087,68.515,2.4354999999999998,68.515,2.4354999999999998,1,0,0,0,0,1,0.15,1,0.85,0,0.0,0,0.0,0,0.0,0,0.0
13637,10.1016/0378-7753(91)80004-H,6.56,PF6,EC:0.500+PC:0.500,0.6931471805599453,76.95,2.215,76.95,2.215,1,0,0,0,0,1,0.5,1,0.5,0,0.0,0,0.0,0,0.0,0,0.0
13639,10.1016/0378-7753(91)80004-H,8.95,PF6,EC:0.150+PC:0.850,0.42270908780599087,68.515,2.4354999999999998,68.515,2.4354999999999998,1,0,0,0,0,1,0.15,1,0.85,0,0.0,0,0.0,0,0.0,0,0.0
13640,10.1016/0378-7753(91)80004-H,10.34,PF6,EC:0.500+PC:0.500,0.6931471805599453,76.95,2.215,76.95,2.215,1,0,0,0,0,1,0.5,1,0.5,0,0.0,0,0.0,0,0.0,0,0.0
13642,10.1016/0378-7753(91)80004-H,12.8,PF6,EC:0.150+PC:0.850,0.42270908780599087,68.515,2.4354999999999998,68.515,2.4354999999999998,1,0,0,0,0,1,0.15,1,0.85,0,0.0,0,0.0,0,0.0,0,0.0
13643,10.1016/0378-7753(91)80004-H,14.63,PF6,EC:0.500+PC:0.500,0.6931471805599453,76.95,2.215,76.95,2.215,1,0,0,0,0,1,0.5,1,0.5,0,0.0,0,0.0,0,0.0,0,0.0
13645,10.1016/0378-7753(91)80004-H,16.88,PF6,EC:0.150+PC:0.850,0.42270908780599087,68.515,2.4354999999999998,68.515,2.4354999999999998,1,0,0,0,0,1,0.15,1,0.85,0,0.0,0,0.0,0,0.0,0,0.0
13646,10.1016/0378-7753(91)80004-H,19.35,PF6,EC:0.500+PC:0.500,0.6931471805599453,76.95,2.215,76.95,2.215,1,0,0,0,0,1,0.5,1,0.5,0,0.0,0,0.0,0,0.0,0,0.0
13793,10.1016/0378-7753(91)80004-H,0.02,BF4,EC:0.500+PC:0.500,0.6931471805599453,76.95,2.215,76.95,2.215,0,0,0,0,1,1,0.5,1,0.5,0,0.0,0,0.0,0,0.0,0,0.0
13796,10.1016/0378-7753(91)80004-H,0.05,BF4,EC:0.500+PC:0.500,0.6931471805599453,76.95,2.215,76.95,2.215,0,0,0,0,1,1,0.5,1,0.5,0,0.0,0,0.0,0,0.0,0,0.0
13799,10.1016/0378-7753(91)80004-H,0.19,BF4,EC:0.500+PC:0.500,0.6931471805599453,76.95,2.215,76.95,2.215,0,0,0,0,1,1,0.5,1,0.5,0,0.0,0,0.0,0,0.0,0,0.0
13802,10.1016/0378-7753(91)80004-H,0.64,BF4,EC:0.500+PC:0.500,0.6931471805599453,76.95,2.215,76.95,2.215,0,0,0,0,1,1,0.5,1,0.5,0,0.0,0,0.0,0,0.0,0,0.0
13805,10.1016/0378-7753(91)80004-H,1.11,BF4,EC:0.500+PC:0.500,0.6931471805599453,76.95,2.215,76.95,2.215,0,0,0,0,1,1,0.5,1,0.5,0,0.0,0,0.0,0,0.0,0,0.0
13808,10.1016/0378-7753(91)80004-H,1.71,BF4,EC:0.500+PC:0.500,0.6931471805599453,76.95,2.215,76.95,2.215,0,0,0,0,1,1,0.5,1,0.5,0,0.0,0,0.0,0,0.0,0,0.0
13811,10.1016/0378-7753(91)80004-H,2.41,BF4,EC:0.500+PC:0.500,0.6931471805599453,76.95,2.215,76.95,2.215,0,0,0,0,1,1,0.5,1,0.5,0,0.0,0,0.0,0,0.0,0,0.0
13814,10.1016/0378-7753(91)80004-H,4.25,BF4,EC:0.500+PC:0.500,0.6931471805599453,76.95,2.215,76.95,2.215,0,0,0,0,1,1,0.5,1,0.5,0,0.0,0,0.0,0,0.0,0,0.0
13817,10.1016/0378-7753(91)80004-H,6.27,BF4,EC:0.500+PC:0.500,0.6931471805599453,76.95,2.215,76.95,2.215,0,0,0,0,1,1,0.5,1,0.5,0,0.0,0,0.0,0,0.0,0,0.0
13820,10.1016/0378-7753(91)80004-H,8.51,BF4,EC:0.500+PC:0.500,0.6931471805599453,76.95,2.215,76.95,2.215,0,0,0,0,1,1,0.5,1,0.5,0,0.0,0,0.0,0,0.0,0,0.0
13823,10.1016/0378-7753(91)80004-H,10.79,BF4,EC:0.500+PC:0.500,0.6931471805599453,76.95,2.215,76.95,2.215,0,0,0,0,1,1,0.5,1,0.5,0,0.0,0,0.0,0,0.0,0,0.0
