,E_K,G(PCM)_non_opt,G(PCM)_opt,G(Vac),ΔG_non_opt (kJ/mol),ΔG_opt (kJ/mol)
,2,-1352.22373141,-1352.22376301,-1352.18553273,-100.29061906066,-100.373584848169
,2.5,-1352.2312342,-1352.2312743,-1352.18553273,-119.989191204517,-120.09447373842
,3,-1352.23622982,-1352.23627612,-1352.18553273,-133.105189516388,-133.226750147591
,3.5,-1352.23979925,-1352.23985058,-1352.18553273,-142.476726553538,-142.611493447758
,4,-1352.24247879,-1352.24253424,-1352.18553273,-149.511857751505,-149.657441704301
,4.5,-1352.24456526,-1352.24462412,-1352.18553273,-154.989883901903,-155.144420808572
,5,-1352.24623641,-1352.24629829,-1352.18553273,-159.377487558424,-159.539953473608
,5.5,-1352.24760528,-1352.24766985,-1352.18553273,-162.971455196082,-163.140983705122
,6,-1352.24874728,-1352.24881415,-1352.18553273,-165.969775739473,-166.145342897607
,6.5,-1352.24971458,-1352.2497835,-1352.18553273,-168.509421502439,-168.690370934545
,7,-1352.25054449,-1352.25061528,-1352.18553273,-170.688349875457,-170.87420899183
,7.5,-1352.25126437,-1352.25133678,-1352.18553273,-172.578394527258,-172.768506953372
,8,-1352.25189479,-1352.25196869,-1352.18553273,-174.23356198537,-174.427586405709
,8.5,-1352.25245145,-1352.25252676,-1352.18553273,-175.695072592783,-175.892798967211
,9,-1352.25294661,-1352.25302318,-1352.18553273,-176.995114974458,-177.196149478618
,9.5,-1352.25338993,-1352.25346761,-1352.18553273,-178.159051456949,-178.363000265887
,10,-1352.25378915,-1352.25386788,-1352.18553273,-179.207203407761,-179.41390899078
,10.5,-1352.25415056,-1352.25423029,-1352.18553273,-180.156085217852,-180.365416300762
,11,-1352.25447928,-1352.25455997,-1352.18553273,-181.019139446286,-181.230991009021
,11.5,-1352.25477956,-1352.2548611,-1352.18553273,-181.807524466559,-182.021607703636
,12,-1352.25505494,-1352.25513731,-1352.18553273,-182.530534546271,-182.746796948252
,12.5,-1352.25530839,-1352.25539149,-1352.18553273,-183.195967419749,-183.414146436465
,13,-1352.25554245,-1352.25562623,-1352.18553273,-183.810491855892,-184.030456212559
,13.5,-1352.25575924,-1352.25584371,-1352.18553273,-184.379673914688,-184.601449865427
,14,-1352.25596062,-1352.25604571,-1352.18553273,-184.908397023894,-185.131800785079
,14.5,-1352.25614818,-1352.25623388,-1352.18553273,-185.400835729095,-185.625841044814
,15,-1352.25632328,-1352.25640954,-1352.18553273,-185.860560708999,-186.087036304466
,15.5,-1352.25648714,-1352.2565739,-1352.18553273,-186.29077507327,-186.518563418385
,16,-1352.2566408,-1352.25672808,-1352.18553273,-186.694209341868,-186.923362946664
,16.5,-1352.25678518,-1352.25687288,-1352.18553273,-187.073278973953,-187.303535288859
,17,-1352.25692111,-1352.25700927,-1352.18553273,-187.430163134429,-187.661627179512
,17.5,-1352.2570493,-1352.25713788,-1352.18553273,-187.766725928596,-187.999292683192
,18,-1352.25717039,-1352.25725938,-1352.18553273,-188.084647675142,-188.318290884532
,18.5,-1352.25728497,-1352.25737434,-1352.18553273,-188.385477419166,-188.620118318598
,19,-1352.25739353,-1352.25748327,-1352.18553273,-188.670501655595,-188.906113989755
,19.5,-1352.25749655,-1352.25758666,-1352.18553273,-188.940980624641,-189.177564393528
,20,-1352.25759444,-1352.25768488,-1352.18553273,-189.197990780502,-189.435440964049
,20.5,-1352.25768757,-1352.25777832,-1352.18553273,-189.442503557904,-189.680767646674
,21,-1352.25777628,-1352.25786734,-1352.18553273,-189.67541162742,-189.914489621414
,21.5,-1352.25786087,-1352.25795224,-1352.18553273,-189.897502638958,-190.13739453698
,22,-1352.25794164,-1352.25803331,-1352.18553273,-190.109564241231,-190.350243789758
,22.5,-1352.25801883,-1352.25811075,-1352.18553273,-190.312226555837,-190.55356247889
,23,-1352.25809267,-1352.25818485,-1352.18553273,-190.506093446074,-190.748111998967
,23.5,-1352.25816338,-1352.25825581,-1352.18553273,-190.69174252291,-190.934417450925
,24,-1352.25823115,-1352.25832383,-1352.18553273,-190.869672630767,-191.113003933905
,24.5,-1352.25829616,-1352.25838908,-1352.18553273,-191.04035635995,-191.284317782298
,25,-1352.25835859,-1352.2584517,-1352.18553273,-191.204266299567,-191.448726567533
,25.5,-1352.25841857,-1352.2585119,-1352.18553273,-191.361743765733,-191.606781643472
,26,-1352.25847625,-1352.25856979,-1352.18553273,-191.513182582804,-191.758771815001
,26.5,-1352.25853176,-1352.25862551,-1352.18553273,-191.658924065701,-191.905064652952
,27,-1352.25858522,-1352.25867917,-1352.18553273,-191.799283274028,-192.045948961616
,27.5,-1352.25863674,-1352.25873089,-1352.18553273,-191.93454901327,-192.181739800597
,28,-1352.25868643,-1352.25878073,-1352.18553273,-192.065010088312,-192.312594700594
,28.5,-1352.25873438,-1352.25882889,-1352.18553273,-192.190902794605,-192.439038761345
,29,-1352.25878068,-1352.25887535,-1352.18553273,-192.312463425808,-192.561019472817
,29.5,-1352.25882541,-1352.25892025,-1352.18553273,-192.429902023249,-192.678904405246
,30,-1352.25886866,-1352.25896366,-1352.18553273,-192.543454880588,-192.792877342854
,30.5,-1352.25891049,-1352.25900565,-1352.18553273,-192.653279529119,-192.903122071057
,31,-1352.25895098,-1352.25904632,-1352.18553273,-192.759586007783,-193.009901139427
,31.5,-1352.25899018,-1352.25908564,-1352.18553273,-192.862505591962,-193.113135783808
,32,-1352.25902816,-1352.25912377,-1352.18553273,-192.962222067074,-193.213246083874
,32.5,-1352.25906498,-1352.25916073,-1352.18553273,-193.058892962024,-193.31028454906
,33,-1352.25910068,-1352.25919657,-1352.18553273,-193.152623298075,-193.404382454749
,33.5,-1352.25913533,-1352.25923134,-1352.18553273,-193.243596858851,-193.495671075727
,34,-1352.25916895,-1352.2592651,-1352.18553273,-193.33186615558,-193.584307942094
,34.5,-1352.2592016,-1352.2592979,-1352.18553273,-193.417588717766,-193.670424329234
,35,-1352.25923332,-1352.25932974,-1352.18553273,-193.50086956488,-193.75402023655
,35.5,-1352.25926415,-1352.25936067,-1352.18553273,-193.581813717585,-193.835226938827
,36,-1352.25929413,-1352.25939076,-1352.18553273,-193.660526195353,-193.914228222078
,36.5,-1352.25932328,-1352.25942,-1352.18553273,-193.737059508813,-193.990997830391
,37,-1352.25935165,-1352.25944847,-1352.18553273,-193.811544932751,-194.065745803901
,37.5,-1352.25937927,-1352.25947619,-1352.18553273,-193.884061231323,-194.138524652641
,38,-1352.25940615,-1352.25950318,-1352.18553273,-193.954634660441,-194.209386886645
,38.5,-1352.25943235,-1352.25952948,-1352.18553273,-194.023422750205,-194.278437526578
,39,-1352.25945787,-1352.25955507,-1352.18553273,-194.090425500019,-194.345624061211
,39.5,-1352.25948275,-1352.25958005,-1352.18553273,-194.15574792995,-194.41120904131
,40,-1352.259507,-1352.2596044,-1352.18553273,-194.219416295313,-194.475139956244
,40.5,-1352.25953066,-1352.25962815,-1352.18553273,-194.281535616175,-194.53749557196
,41,-1352.25955374,-1352.25965133,-1352.18553273,-194.342132146659,-194.598354652612
,41.5,-1352.25957627,-1352.25967394,-1352.18553273,-194.40128465271,-194.657717198797
,42,-1352.25959826,-1352.25969602,-1352.18553273,-194.459019389046,-194.715688229986
,42.5,-1352.25961974,-1352.25971753,-1352.18553273,-194.515415120419,-194.772162726111
,43,-1352.25964072,-1352.25973859,-1352.18553273,-194.570498102144,-194.827455747971
,43.5,-1352.25966121,-1352.25975917,-1352.18553273,-194.624294588941,-194.881488529621
,44,-1352.25968125,-1352.25977928,-1352.18553273,-194.676909600875,-194.934287326375
,44.5,-1352.25970083,-1352.25979892,-1352.18553273,-194.728316882633,-194.98585213883
,45,-1352.25971998,-1352.25981813,-1352.18553273,-194.77859520016,-195.036287985861
,45.5,-1352.2597387,-1352.25983694,-1352.18553273,-194.827744552858,-195.085673633412
,46,-1352.25975702,-1352.25985533,-1352.18553273,-194.87584370548,-195.133956570854
,46.5,-1352.25977495,-1352.25987333,-1352.18553273,-194.922918913341,-195.181215563534
,47,-1352.2597925,-1352.25989095,-1352.18553273,-194.96899643116,-195.22747686677
,47.5,-1352.25980968,-1352.2599082,-1352.18553273,-195.014102514252,-195.272766734681
,48,-1352.2598265,-1352.25992508,-1352.18553273,-195.058263417335,-195.317085167864
,48.5,-1352.25984297,-1352.25994163,-1352.18553273,-195.101505395724,-195.360537186388
,49,-1352.25985911,-1352.25995783,-1352.18553273,-195.143880959454,-195.403070280219
,49.5,-1352.25987493,-1352.25997371,-1352.18553273,-195.185416363242,-195.444763213511
,50,-1352.25989043,-1352.25998927,-1352.18553273,-195.226111607088,-195.485615987458
,50.5,-1352.25990562,-1352.26000452,-1352.18553273,-195.265992945712,-195.525654856183
,51,-1352.25992051,-1352.26001945,-1352.18553273,-195.305086635024,-195.564853565562
,51.5,-1352.25993512,-1352.26003409,-1352.18553273,-195.343445183865,-195.603290879753
,52,-1352.25994944,-1352.26004846,-1352.18553273,-195.381042338114,-195.641019308787
,52.5,-1352.25996349,-1352.26006257,-1352.18553273,-195.417930607804,-195.678065107981
,53,-1352.25997728,-1352.26007642,-1352.18553273,-195.454136247056,-195.714428277334
,53.5,-1352.25999081,-1352.26009001,-1352.18553273,-195.489659257065,-195.750108817444
,54,-1352.26000409,-1352.26010334,-1352.18553273,-195.524525891355,-195.785106726519
,54.5,-1352.26001713,-1352.26011643,-1352.18553273,-195.558762406434,-195.819474516384
,55,-1352.26002993,-1352.26012928,-1352.18553273,-195.59236880111,-195.853212186443
,55.5,-1352.2600425,-1352.2601419,-1352.18553273,-195.625371331294,-195.886345991412
,56,-1352.26005485,-1352.2601543,-1352.18553273,-195.657796251108,-195.918902186609
,56.5,-1352.26006697,-1352.26016648,-1352.18553273,-195.68961730643,-195.950880771435
,57,-1352.26007889,-1352.26017844,-1352.18553273,-195.720913261416,-195.982281746489
,57.5,-1352.2600906,-1352.2601902,-1352.18553273,-195.751657861944,-196.013157621802
,58,-1352.26010211,-1352.26020175,-1352.18553273,-195.781877362136,-196.043482142658
,58.5,-1352.26011342,-1352.26021311,-1352.18553273,-195.811571762587,-196.073307817895
,59,-1352.26012454,-1352.26022427,-1352.18553273,-195.840767318615,-196.102608393393
,59.5,-1352.26013547,-1352.26023528,-1352.18553273,-195.869464029024,-196.131515143937
,60,-1352.26014622,-1352.26024607,-1352.18553273,-195.897688149727,-196.159844284708
,60.5,-1352.26015679,-1352.26025669,-1352.18553273,-195.925439680725,-196.187727090491
,61,-1352.26016719,-1352.26026713,-1352.18553273,-195.952744876138,-196.215137306568
,61.5,-1352.26017742,-1352.26027744,-1352.18553273,-195.97960373716,-196.242206207128
,62,-1352.26018749,-1352.26028755,-1352.18553273,-196.006042517913,-196.268750007948
,62.5,-1352.26019739,-1352.26029749,-1352.18553273,-196.032034964276,-196.294847474378
,63,-1352.26020714,-1352.26030728,-1352.18553273,-196.057633585087,-196.320551115257
,63.5,-1352.26021674,-1352.26031692,-1352.18553273,-196.082838381542,-196.345860931182
,64,-1352.26022618,-1352.2603264,-1352.18553273,-196.107623097727,-196.370750667434
,64.5,-1352.26023548,-1352.26033574,-1352.18553273,-196.132040243677,-196.395272834048
,65,-1352.26024464,-1352.26034494,-1352.18553273,-196.156089820585,-196.419427430427
,65.5,-1352.26025366,-1352.26035402,-1352.18553273,-196.17977182666,-196.443266966603
,66,-1352.26026254,-1352.26036293,-1352.18553273,-196.203086263097,-196.466660167792
,66.5,-1352.26027128,-1352.26037171,-1352.18553273,-196.226033129895,-196.489712054658
,67,-1352.2602799,-1352.26038037,-1352.18553273,-196.248664935895,-196.512448880724
,67.5,-1352.26028839,-1352.26038889,-1352.18553273,-196.270955427571,-196.534818137749
,68,-1352.26029675,-1352.26039729,-1352.18553273,-196.292904604327,-196.556872333975
,68.5,-1352.26030499,-1352.26040557,-1352.18553273,-196.31453872088,-196.578611471194
,69,-1352.26031312,-1352.26041372,-1352.18553273,-196.335884033145,-196.600009292894
,69.5,-1352.26032112,-1352.26042177,-1352.18553273,-196.356888029892,-196.621144564427
,70,-1352.26032902,-1352.2604297,-1352.18553273,-196.37762947647,-196.641964776355
,70.5,-1352.2603368,-1352.26043751,-1352.18553273,-196.398055863444,-196.66246992808
,71,-1352.26034447,-1352.26044521,-1352.18553273,-196.418193445531,-196.68268627492
,71.5,-1352.26035203,-1352.26045281,-1352.18553273,-196.438042222135,-196.702640072187
,72,-1352.26035949,-1352.2604603,-1352.18553273,-196.457628449167,-196.722305063972
,72.5,-1352.26036685,-1352.26046769,-1352.18553273,-196.476952126628,-196.741707506184
,73,-1352.2603741,-1352.26047497,-1352.18553273,-196.495986998605,-196.760821142914
,73.5,-1352.26038126,-1352.26048216,-1352.18553273,-196.514785575729,-196.779698485387
,74,-1352.26038832,-1352.26048925,-1352.18553273,-196.533321602686,-196.798313277692
,74.5,-1352.26039528,-1352.26049624,-1352.18553273,-196.55159508007,-196.816665519829
,75,-1352.26040216,-1352.26050315,-1352.18553273,-196.56965851732,-196.834807721831
,75.5,-1352.26040894,-1352.26050996,-1352.18553273,-196.587459404402,-196.852687374262
,76,-1352.26041563,-1352.26051668,-1352.18553273,-196.605023996631,-196.870330731243
,76.5,-1352.26042224,-1352.26052331,-1352.18553273,-196.622378549323,-196.887737793968
,77,-1352.26042876,-1352.26052986,-1352.18553273,-196.639496806564,-196.904934815961
,77.5,-1352.26043519,-1352.26053632,-1352.18553273,-196.656378768952,-196.921895543698
,78,-1352.26044155,-1352.2605427,-1352.18553273,-196.673076946521,-196.938646231301
,78.355,-1352.26044601,-1352.26054718,-1352.18553273,-196.684786674475,-196.950408469288
,78.5,-1352.26044782,-1352.260549,-1352.18553273,-196.689538829237,-196.955186878769
,79,-1352.26045401,-1352.26055522,-1352.18553273,-196.705790671819,-196.971517486103
,79.5,-1352.26046015,-1352.26056136,-1352.18553273,-196.721911239018,-196.987638053898
,80,-1352.26046619,-1352.26056742,-1352.18553273,-196.737769256645,-197.003548580963
