System,E_K,G(PCM)_non_opt,G(PCM)_opt,G(Vac),ΔG_non_opt (kJ/mol),ΔG_opt (kJ/mol)
,2,-941.07080365,-941.070806414,-941.027350628,-114.085891879776,-114.093148760637
,2.5,-941.079404803,-941.07940915,-941.027350628,-136.668215640742,-136.679628687394
,3,-941.085137585,-941.08514169,-941.027350628,-151.719632488618,-151.730410164519
,3.5,-941.089236104,-941.089241488,-941.027350628,-162.480292483624,-162.494428173521
,4,-941.092314207,-941.092320707,-941.027350628,-170.561850678902,-170.578916426408
,4.5,-941.094712001,-941.094719465,-941.027350628,-176.857257866757,-176.876854595975
,5,-941.096633295,-941.096641593,-941.027350628,-181.901614495236,-181.923400890947
,5.5,-941.098207727,-941.098216746,-941.027350628,-186.03528508172,-186.058964462622
,6,-941.099521733,-941.099531378,-941.027350628,-189.485207308897,-189.510530252778
,6.5,-941.100635181,-941.100645369,-941.027350628,-192.408564587699,-192.435313177412
,7,-941.101590859,-941.101601521,-941.027350628,-194.917696794345,-194.945689871139
,7.5,-941.102420171,-941.102431252,-941.027350628,-197.095055118491,-197.124148279624
,8,-941.10314669,-941.103158137,-941.027350628,-199.002530462562,-199.032584556535
,8.5,-941.103788459,-941.103800228,-941.027350628,-200.687494715423,-200.718394219983
,9,-941.104359525,-941.10437158,-941.027350628,-202.186828269752,-202.218478667614
,9.5,-941.104870988,-941.104883296,-941.027350628,-203.52967417184,-203.561988820942
,10,-941.105331736,-941.105344273,-941.027350628,-204.739367861602,-204.772283750022
,10.5,-941.105748971,-941.105761711,-941.027350628,-205.834818187172,-205.868267052045
,11,-941.106128592,-941.106141514,-941.027350628,-206.831512970769,-206.86543967659
,11.5,-941.106475474,-941.106488561,-941.027350628,-207.742251523097,-207.776611436248
,12,-941.106793686,-941.106806921,-941.027350628,-208.577717001578,-208.612465489038
,12.5,-941.107086646,-941.107100016,-941.027350628,-209.346883364458,-209.381986294198
,13,-941.107357251,-941.107370744,-941.027350628,-210.057356683933,-210.092782549991
,13.5,-941.10760797,-941.107621574,-941.027350628,-210.715619318015,-210.751336614432
,14,-941.10784092,-941.107854624,-941.027350628,-211.327229449679,-211.363209296264
,14.5,-941.108057928,-941.108071725,-941.027350628,-211.896983867006,-211.93320788486
,15,-941.108260578,-941.108274462,-941.027350628,-212.429041360961,-212.46549379755
,15.5,-941.108450253,-941.108464214,-941.027350628,-212.927032997595,-212.963687597605
,16,-941.108628161,-941.108642194,-941.027350628,-213.394130380314,-213.430974016385
,16.5,-941.108795365,-941.108809462,-941.027350628,-213.833124415526,-213.870136083287
,17,-941.108952804,-941.108966962,-941.027350628,-214.246480446954,-214.283652270288
,17.5,-941.109101311,-941.109115525,-941.027350628,-214.636385516215,-214.673704367465
,18,-941.109241625,-941.109255892,-941.027350628,-215.004779866995,-215.042237869744
,18.5,-941.109374407,-941.109388724,-941.027350628,-215.353398954979,-215.390988232812
,19,-941.109500249,-941.109514609,-941.027350628,-215.683797075612,-215.721499249928
,19.5,-941.10961968,-941.109634082,-941.027350628,-215.997363118419,-216.035175563447
,20,-941.10973318,-941.10974762,-941.027350628,-216.295357323013,-216.333269537165
,20.5,-941.109841179,-941.109855656,-941.027350628,-216.578908654222,-216.616918012026
,21,-941.109944069,-941.10995858,-941.027350628,-216.84904630805,-216.887144932791
,21.5,-941.110042203,-941.110056743,-941.027350628,-217.106697085903,-217.144871849925
,22,-941.110135905,-941.110150477,-941.027350628,-217.352711649313,-217.390970429627
,22.5,-941.110225469,-941.110240066,-941.027350628,-217.587861895654,-217.626186313063
,23,-941.110311162,-941.110325788,-941.027350628,-217.812848832772,-217.851249389759
,23.5,-941.110393231,-941.11040788,-941.027350628,-218.028320959373,-218.066781903108
,24,-941.110471901,-941.110486571,-941.027350628,-218.234869012887,-218.273385092128
,24.5,-941.110547378,-941.11056207,-941.027350628,-218.433033846186,-218.471607686404
,25,-941.110619855,-941.110634566,-941.027350628,-218.623322180704,-218.661945905483
,25.5,-941.110689505,-941.110704235,-941.027350628,-218.806188227845,-218.844861836888
,26,-941.110756492,-941.11077124,-941.027350628,-218.982062569467,-219.0207834376
,26.5,-941.110820965,-941.110835731,-941.027350628,-219.15133640535,-219.190104532275
,27,-941.110883064,-941.110897846,-941.027350628,-219.314377304836,-219.353187439907
,27.5,-941.110942916,-941.110957714,-941.027350628,-219.471518707025,-219.510370850242
,28,-941.111000643,-941.111015456,-941.027350628,-219.623080922466,-219.661972448059
,28.5,-941.111056355,-941.111071179,-941.027350628,-219.769352756046,-219.808273162128
,29,-941.111110157,-941.111124994,-941.027350628,-219.91060988559,-219.949564423105
,29.5,-941.111162144,-941.111176995,-941.027350628,-220.047101733312,-220.086093028029
,30,-941.111212407,-941.111227267,-941.027350628,-220.179067219833,-220.218082143797
,30.5,-941.11126103,-941.111275903,-941.027350628,-220.306726886879,-220.345775942274
,31,-941.111308093,-941.111322974,-941.027350628,-220.430290774582,-220.469360834051
,31.5,-941.11135367,-941.111368562,-941.027350628,-220.54995316965,-220.589052109906
,32,-941.111397829,-941.111412729,-941.027350628,-220.665892606556,-220.705012550587
,32.5,-941.111440636,-941.111455547,-941.027350628,-220.778282367933,-220.817431192452
,33,-941.111482152,-941.111497069,-941.027350628,-220.887282609353,-220.926447187002
,33.5,-941.111522435,-941.111537362,-941.027350628,-220.993045609676,-221.032236442342
,34,-941.111561539,-941.111576472,-941.027350628,-221.095713146172,-221.134919731668
,34.5,-941.111599514,-941.111614453,-941.027350628,-221.195416493327,-221.234638831953
,35,-941.11163641,-941.111651358,-941.027350628,-221.292286926525,-221.331532894696
,35.5,-941.111672271,-941.111687224,-941.027350628,-221.386439967719,-221.42569906325
,36,-941.11170714,-941.111722099,-941.027350628,-221.477988513394,-221.517263361755
,36.5,-941.111741059,-941.111756026,-941.027350628,-221.56704283426,-221.606338686695
,37,-941.111774065,-941.111789036,-941.027350628,-221.653700073971,-221.693006428591
,37.5,-941.111806194,-941.11182117,-941.027350628,-221.738054750706,-221.777374232685
,38,-941.111837482,-941.111852465,-941.027350628,-221.820201382346,-221.859539242629
,38.5,-941.11186796,-941.111882948,-941.027350628,-221.900221359116,-221.939572347056
,39,-941.111897661,-941.111912652,-941.027350628,-221.978201322481,-222.017560187135
,39.5,-941.111926612,-941.111941607,-941.027350628,-222.054212161673,-222.093581527916
,40,-941.111954843,-941.111969841,-941.027350628,-222.128332640848,-222.167709883805
,40.5,-941.11198238,-941.111997385,-941.027350628,-222.200631023168,-222.240026644727
,41,-941.112009248,-941.112024256,-941.027350628,-222.271172946624,-222.310576444598
,41.5,-941.112035471,-941.112050482,-941.027350628,-222.340021422539,-222.379432796928
,42,-941.112061073,-941.112076086,-941.027350628,-222.407239463133,-222.446656088764
,42.5,-941.112086074,-941.11210109,-941.027350628,-222.472879578737,-222.512304080784
,43,-941.112110496,-941.112125519,-941.027350628,-222.536999530032,-222.576442410381
,43.5,-941.112134359,-941.112149384,-941.027350628,-222.599651827049,-222.639099958343
,44,-941.112157682,-941.11217271,-941.027350628,-222.660886354054,-222.700342362061
,44.5,-941.112180483,-941.112195513,-941.027350628,-222.720750370434,-222.760211629385
,45,-941.112202779,-941.112217811,-941.027350628,-222.779288509508,-222.818755019702
,45.5,-941.112224587,-941.112239621,-941.027350628,-222.836545404896,-222.876017165735
,46,-941.112245922,-941.112260962,-941.027350628,-222.892560438973,-222.932047952941
,46.5,-941.1122668,-941.112281842,-941.027350628,-222.947375619587,-222.986868384498
,47,-941.112287236,-941.11230228,-941.027350628,-223.001030329412,-223.040528345267
,47.5,-941.112307244,-941.112322289,-941.027350628,-223.053561325352,-223.093061966679
,48,-941.112326835,-941.112341882,-941.027350628,-223.104997487897,-223.144503380466
,48.5,-941.112346025,-941.112361073,-941.027350628,-223.155380825192,-223.194889343233
,49,-941.112364824,-941.112379874,-941.027350628,-223.204737592255,-223.24425136124
,49.5,-941.112383245,-941.112398296,-941.027350628,-223.253101920517,-223.292618314974
,50,-941.112401299,-941.112416351,-941.027350628,-223.300502690169,-223.340021710098
,50.5,-941.112418996,-941.112434054,-941.027350628,-223.346966156527,-223.386500929585
,51,-941.112436348,-941.112451407,-941.027350628,-223.39252382555,-223.432061224079
,51.5,-941.112453363,-941.112468424,-941.027350628,-223.437196701312,-223.476739350785
,52,-941.112470053,-941.112485115,-941.027350628,-223.481016289773,-223.520561564718
,52.5,-941.112486426,-941.112501489,-941.027350628,-223.524003594708,-223.563551495125
,53,-941.112502491,-941.112517555,-941.027350628,-223.566182245662,-223.605732771551
,53.5,-941.112518257,-941.112533322,-941.027350628,-223.607575872478,-223.647129023839
,54,-941.112533732,-941.112548797,-941.027350628,-223.648205478634,-223.687758630293
,54.5,-941.112548923,-941.11256399,-941.027350628,-223.688089443027,-223.72764784563
,55,-941.11256384,-941.112578908,-941.027350628,-223.727254020676,-223.766815048751
,55.5,-941.112578488,-941.112593557,-941.027350628,-223.76571233894,-223.805275992188
,56,-941.112592876,-941.112607946,-941.027350628,-223.803488027064,-223.843054306082
,56.5,-941.11260701,-941.11262208,-941.027350628,-223.840596838477,-223.880163117495
,57,-941.112620897,-941.112635968,-941.027350628,-223.877057151482,-223.916626055674
,57.5,-941.112634543,-941.112649615,-941.027350628,-223.91288471891,-223.952456248872
,58,-941.112647955,-941.112663031,-941.027350628,-223.948097919661,-223.98767995151
,58.5,-941.112661138,-941.112676214,-941.027350628,-223.982709880794,-224.022291912644
,59,-941.112674098,-941.112689175,-941.027350628,-224.016736355441,-224.05632101306
,59.5,-941.112686841,-941.112701919,-941.027350628,-224.050193097028,-224.089780379821
,60,-941.112699372,-941.112714451,-941.027350628,-224.083093232318,-224.122683140882
,60.5,-941.112711697,-941.112726776,-941.027350628,-224.115452515038,-224.155042423601
,61,-941.11272382,-941.1127389,-941.027350628,-224.147281446776,-224.186873980512
,61.5,-941.112735747,-941.112750828,-941.027350628,-224.178595780363,-224.21819093987
,62,-941.112747482,-941.112762563,-941.027350628,-224.209406018284,-224.249001177791
,62.5,-941.11275903,-941.112774111,-941.027350628,-224.239725287599,-224.279320447106
,63,-941.112770395,-941.112785477,-941.027350628,-224.269564090494,-224.309161875473
,63.5,-941.112781582,-941.112796664,-941.027350628,-224.298935554627,-224.338533339605
,64,-941.112792594,-941.112807677,-941.027350628,-224.327847556114,-224.367447966565
,64.5,-941.112803436,-941.112818519,-941.027350628,-224.356313222913,-224.395913633363
,65,-941.112814112,-941.112829195,-941.027350628,-224.384343056611,-224.423943467062
,65.5,-941.112824625,-941.112839709,-941.027350628,-224.411944933923,-224.451547969845
,66,-941.11283498,-941.112850063,-941.027350628,-224.439131982208,-224.478732392658
,66.5,-941.112845179,-941.112860263,-941.027350628,-224.465909452708,-224.50551248863
,67,-941.112855226,-941.112870311,-941.027350628,-224.492287847012,-224.531893508704
,67.5,-941.112865125,-941.11288021,-941.027350628,-224.518277667604,-224.557883328998
,68,-941.112874879,-941.112889964,-941.027350628,-224.543886790601,-224.583492452294
,68.5,-941.11288449,-941.112899576,-941.027350628,-224.569120467544,-224.60872875441
,69,-941.112893963,-941.112909049,-941.027350628,-224.593991825195,-224.633600112062
,69.5,-941.1129033,-941.112918386,-941.027350628,-224.618506114797,-224.658114401962
,70,-941.112912504,-941.11292759,-941.027350628,-224.642671213063,-224.682279500227
,70.5,-941.112921577,-941.112936663,-941.027350628,-224.666492370936,-224.706100658101
,71,-941.112930523,-941.11294561,-941.027350628,-224.689980090604,-224.729591002942
,71.5,-941.112939345,-941.112954431,-941.027350628,-224.713142247883,-224.752750535048
,72,-941.112948044,-941.112963131,-941.027350628,-224.735981468844,-224.77559238148
,72.5,-941.112956623,-941.11297171,-941.027350628,-224.758505629901,-224.798116542538
,73,-941.112965086,-941.112980173,-941.027350628,-224.780725233241,-224.820336145579
,73.5,-941.112973433,-941.11298852,-941.027350628,-224.802640278266,-224.842251190902
,74,-941.112981668,-941.112996755,-941.027350628,-224.82426126746,-224.863872180097
,74.5,-941.112989792,-941.11300488,-941.027350628,-224.845590826297,-224.885204364106
,75,-941.112997809,-941.113012897,-941.027350628,-224.866639456662,-224.906252994472
,75.5,-941.11300572,-941.113020807,-941.027350628,-224.887409784028,-224.927020696366
,76,-941.113013527,-941.113028614,-941.027350628,-224.907907059338,-224.947517971676
,76.5,-941.113021232,-941.11303632,-941.027350628,-224.928136533835,-224.967750071644
,77,-941.113028837,-941.113043925,-941.027350628,-224.948103458163,-224.987716996271
,77.5,-941.113036344,-941.113051432,-941.027350628,-224.967813083565,-225.007426621674
,78,-941.113043755,-941.113058847,-941.027350628,-224.987270661284,-225.02689470128
,78.355,-941.11304896,-941.113064052,-941.027350628,-225.000936386648,-225.040560426644
,78.5,-941.113051073,-941.113066165,-941.027350628,-225.006484067137,-225.046108107132
,79,-941.113058297,-941.113073389,-941.027350628,-225.025450676249,-225.065074716245
,79.5,-941.113065431,-941.113080523,-941.027350628,-225.044180990509,-225.083805030505
,80,-941.113072477,-941.113087569,-941.027350628,-225.062680260561,-225.102304300557
