system_order,system_identifier,salt_type,experimental_conductivity_mS_cm,min_calculated_conductivity_mS_cm,max_calculated_conductivity_mS_cm,experiment_within_simulated_range,coverage_fraction,covered_systems,systems_with_at_least_one_simulated_conductivity
1,"Li | PF6 | 1.0 | [""EC"",""PC""] | [0.15,0.85] | 213.15 | 13615",PF6,0.01,0.0556,0.1007,False,0.72,54,75
2,"Li | PF6 | 1.0 | [""EC"",""PC""] | [0.5,0.5] | 213.15 | 13616",PF6,0.01,0.0852,0.1638,False,0.72,54,75
3,"Li | PF6 | 3.327935223 | [""EC"",""PC"",""DMC""] | [0.27,0.1,0.63] | 263.0 | 10903",PF6,0.144369586,0.1511,1.0096,False,0.72,54,75
4,"Li | PF6 | 3.002 | [""EC"",""EMC""] | [0.3,0.7] | 263.15 | 11923",PF6,0.35,0.1751,1.1487,True,0.72,54,75
5,"Li | PF6 | 1.0 | [""EC"",""EMC""] | [0.3,0.7] | 222.7274648 | 4363",PF6,0.551948052,0.1922,1.1745,True,0.72,54,75
6,"Li | PF6 | 3.0 | [""EC"",""DMC""] | [0.5,0.5] | 263.15 | 11887",PF6,0.756,0.1485,1.5893,True,0.72,54,75
7,"Li | PF6 | 0.111 | [""EC"",""EMC""] | [0.3,0.7] | 263.15 | 11918",PF6,1.417,1.2852,1.7514,True,0.72,54,75
8,"Li | PF6 | 2.0 | [""EC"",""DMC""] | [0.5,0.5] | 263.15 | 11886",PF6,1.824,0.4956,3.6739,True,0.72,54,75
9,"Li | PF6 | 1.999 | [""EC"",""EMC""] | [0.3,0.7] | 273.15 | 11928",PF6,2.637,0.6496,3.7381,True,0.72,54,75
10,"Li | PF6 | 1.738191633 | [""EC"",""PC"",""DMC""] | [0.27,0.1,0.63] | 263.0 | 10901",PF6,2.935514918,1.0038,5.2174,True,0.72,54,75
11,"Li | PF6 | 1.0 | [""EC"",""PC""] | [0.5,0.5] | 273.15 | 13634",PF6,3.46,2.2306,4.0744,True,0.72,54,75
12,"Li | PF6 | 0.096 | [""EC"",""EMC""] | [0.3,0.7] | 323.15 | 11954",PF6,3.556,2.6653,3.3143,False,0.72,54,75
13,"Li | PF6 | 1.5 | [""EC"",""DEC""] | [0.5,0.5] | 283.15 | 12014",PF6,3.785824515,3.3234,5.807,True,0.72,54,75
14,"Li | PF6 | 0.391363023 | [""EC"",""PC"",""DMC""] | [0.27,0.1,0.63] | 263.0 | 10899",PF6,4.234841193,2.7801,4.8129,True,0.72,54,75
15,"Li | PF6 | 0.503 | [""EC"",""DMC""] | [0.5,0.5] | 263.15 | 11883",PF6,4.959,3.7251,5.1313,True,0.72,54,75
16,"Li | PF6 | 2.996 | [""EC"",""EMC""] | [0.3,0.7] | 323.15 | 11959",PF6,5.617,1.8807,8.9028,True,0.72,54,75
17,"Li | PF6 | 1.0 | [""EC"",""PC""] | [0.15,0.85] | 293.15 | 13636",PF6,5.64,3.2112,6.7708,True,0.72,54,75
18,"Li | PF6 | 2.237516869 | [""EC"",""PC"",""DMC""] | [0.27,0.1,0.63] | 293.0 | 10895",PF6,6.207892204,1.7668,7.7364,True,0.72,54,75
19,"Li | PF6 | 1.0 | [""EC"",""EMC""] | [0.3,0.7] | 283.0091549 | 4369",PF6,6.493506494,4.2728,8.9948,True,0.72,54,75
20,"Li | PF6 | 3.330634278 | [""EC"",""PC"",""DMC""] | [0.27,0.1,0.63] | 333.0 | 10881",PF6,7.747834456,2.5985,14.4882,True,0.72,54,75
21,"Li | PF6 | 3.0 | [""EC"",""DMC""] | [0.5,0.5] | 323.15 | 11917",PF6,7.98,2.7414,14.0762,True,0.72,54,75
22,"Li | PF6 | 1.004 | [""EC"",""DMC""] | [0.5,0.5] | 283.15 | 11894",PF6,8.723,6.0335,10.553,True,0.72,54,75
23,"Li | PF6 | 0.5 | [""EC"",""DEC""] | [0.5,0.5] | 313.15 | 12004",PF6,8.738205467,6.8922,10.0224,True,0.72,54,75
24,"Li | PF6 | 1.201388889 | [""EC"",""DEC""] | [0.5,0.5] | 313.15 | 12013",PF6,10.204806,7.9543,13.3322,True,0.72,54,75
25,"Li | PF6 | 1.0 | [""EC"",""PC""] | [0.5,0.5] | 313.15 | 13640",PF6,10.34,7.8835,11.3111,True,0.72,54,75
26,"Li | PF6 | 0.955465587 | [""EC"",""PC"",""DMC""] | [0.27,0.1,0.63] | 293.0 | 10893",PF6,10.77959577,7.6888,13.0705,True,0.72,54,75
27,"Li | PF6 | 1.505 | [""EC"",""DMC""] | [0.5,0.5] | 303.15 | 11905",PF6,10.896,8.104,13.8906,True,0.72,54,75
28,"Li | PF6 | 1.497 | [""EC"",""EMC""] | [0.3,0.7] | 323.15 | 11957",PF6,11.934,10.3172,19.8159,True,0.72,54,75
29,"Li | PF6 | 0.391363023 | [""EC"",""PC"",""DMC""] | [0.27,0.1,0.63] | 333.0 | 10874",PF6,12.82483157,10.7558,13.1501,True,0.72,54,75
30,"Li | PF6 | 2.005 | [""EC"",""DMC""] | [0.5,0.5] | 323.15 | 11916",PF6,13.108,9.6562,18.007,True,0.72,54,75
31,"Li | PF6 | 0.501 | [""EC"",""DMC""] | [0.5,0.5] | 323.15 | 11913",PF6,14.172,10.8937,12.4911,False,0.72,54,75
32,"Li | PF6 | 2.240215924 | [""EC"",""PC"",""DMC""] | [0.27,0.1,0.63] | 333.0 | 10878",PF6,15.816490216666669,9.0697,19.7431,True,0.72,54,75
33,"Li | PF6 | 1.0 | [""EC"",""PC""] | [0.15,0.85] | 353.15 | 13645",PF6,16.88,16.0444,21.6749,True,0.72,54,75
34,"Li | PF6 | 0.960863698 | [""EC"",""PC"",""DMC""] | [0.27,0.1,0.63] | 333.0 | 10875",PF6,19.30943215,12.8488,22.1937,True,0.72,54,75
35,"Li | PF6 | 1.0 | [""EC"",""PC""] | [0.5,0.5] | 353.15 | 13646",PF6,19.35,13.1352,22.1624,True,0.72,54,75
36,"Li | PF6 | 1.0 | [""EC"",""DMC""] | [0.5,0.5] | 354.0952676 | 192",PF6,22.55335602,20.935,26.819,True,0.72,54,75
37,"Li | ClO4 | 1.0 | [""PC""] | [1.0] | 217.5511705 | 3760",ClO4,0.016360369,0.044,0.1197,False,0.72,54,75
38,"Li | ClO4 | 0.5 | [""DME""] | [1.0] | 212.2342837 | 3812",ClO4,0.220060166,1.0565,7.9347,False,0.72,54,75
39,"Li | ClO4 | 1.0 | [""PC""] | [1.0] | 261.8047361 | 3751",ClO4,1.099966124,0.4906,1.8547,True,0.72,54,75
40,"Li | ClO4 | 0.5 | [""DME""] | [1.0] | 342.1636336 | 3786",ClO4,2.579896064,0.0419,16.1788,True,0.72,54,75
41,"Li | ClO4 | 0.5 | [""DME""] | [1.0] | 273.3744374 | 3800",ClO4,2.784526666,0.0821,12.4592,True,0.72,54,75
42,"Li | ClO4 | 1.0 | [""PC""] | [1.0] | 296.4654522 | 3744",ClO4,3.736059577,2.024,6.6423,True,0.72,54,75
43,"Li | ClO4 | 1.0 | [""PC""] | [1.0] | 321.2048223 | 3739",ClO4,6.309573445,3.1563,11.5753,True,0.72,54,75
44,"Li | ClO4 | 1.0 | [""PC""] | [1.0] | 345.6484223 | 3734",ClO4,9.091189065,4.9337,16.8038,True,0.72,54,75
45,"Li | ClO4 | 1.0 | [""PC""] | [1.0] | 393.6420782 | 3724",ClO4,15.11159636,7.9202,24.8907,True,0.72,54,75
46,"Li | TFSI | 1.0 | [""PC""] | [1.0] | 217.6928575 | 3625",TFSI,0.018873918,0.044,0.0829,False,0.72,54,75
47,"Li | TFSI | 1.0 | [""PC""] | [1.0] | 271.8869669 | 3614",TFSI,2.109297952,0.7015,2.288,True,0.72,54,75
48,"Li | TFSI | 0.5 | [""DME""] | [1.0] | 211.8374067 | 3838",TFSI,2.271713669,3.1474,5.7613,False,0.72,54,75
49,"Li | TFSI | 1.0 | [""EC"",""DMC""] | [0.5,0.5] | 256.1150634 | 193",TFSI,3.379987628,0.701,3.4558,True,0.72,54,75
50,"Li | TFSI | 0.5 | [""DME""] | [1.0] | 241.4678399 | 3832",TFSI,4.904646766,4.2876,10.1191,True,0.72,54,75
51,"Li | TFSI | 1.0 | [""PC""] | [1.0] | 310.8093421 | 3606",TFSI,6.830975986,4.0844,6.8139,False,0.72,54,75
52,"Li | TFSI | 1.0 | [""DMC""] | [1.0] | 298.0 | 129",TFSI,6.993333333,2.0188,7.1493,True,0.72,54,75
53,"Li | TFSI | 0.5 | [""DME""] | [1.0] | 267.3436967 | 3827",TFSI,7.558803207,3.6734,12.8529,True,0.72,54,75
54,"Li | TFSI | 1.0 | [""EC"",""DMC""] | [0.5,0.5] | 292.1342406 | 224",TFSI,7.696412001,4.2575,7.8057,True,0.72,54,75
55,"Li | TFSI | 1.0 | [""EC""] | [1.0] | 298.0 | 128",TFSI,7.906666667,3.7296,6.7415,False,0.72,54,75
56,"Li | TFSI | 1.0 | [""EC"",""DMC""] | [0.1,0.9] | 298.0 | 119",TFSI,8.373333333,2.9458,9.0566,True,0.72,54,75
57,"Li | TFSI | 1.0 | [""EC"",""DMC""] | [0.8,0.2] | 298.0 | 127",TFSI,8.666666667,4.5835,8.0037,False,0.72,54,75
58,"Li | TFSI | 1.0 | [""EC"",""DMC""] | [0.2,0.8] | 298.0 | 120",TFSI,9.066666667,4.1132,9.8546,True,0.72,54,75
59,"Li | TFSI | 0.5 | [""DME""] | [1.0] | 303.2356303 | 3820",TFSI,9.873591112,3.8125,17.0179,True,0.72,54,75
60,"Li | TFSI | 0.5 | [""DME""] | [1.0] | 338.3557034 | 3813",TFSI,10.25769363,4.2832,20.4721,True,0.72,54,75
61,"Li | TFSI | 1.0 | [""EC"",""DMC""] | [0.5,0.5] | 312.99103 | 234",TFSI,11.83343644,5.1968,11.4759,False,0.72,54,75
62,"Li | TFSI | 1.0 | [""PC""] | [1.0] | 345.6878836 | 3599",TFSI,11.90863732,8.4347,11.4077,False,0.72,54,75
63,"Li | TFSI | 1.0 | [""EC"",""DMC""] | [0.5,0.5] | 334.9025673 | 247",TFSI,15.87380142,10.3412,14.2488,False,0.72,54,75
64,"Li | TFSI | 1.0 | [""PC""] | [1.0] | 375.3490984 | 3593",TFSI,16.88831057,12.7515,18.5263,True,0.72,54,75
65,"Li | FSI | 1.0 | [""EC"",""EMC""] | [0.3,0.7] | 253.1626323 | 49",FSI,2.406050072,0.6247,3.2792,True,0.72,54,75
66,"Li | FSI | 1.0 | [""EC"",""EMC""] | [0.3,0.7] | 273.0531347 | 37",FSI,5.943977157,1.1238,5.9829,True,0.72,54,75
67,"Li | FSI | 1.0 | [""EC"",""EMC""] | [0.3,0.7] | 297.7574305 | 44",FSI,7.638732831,2.5724,11.3546,True,0.72,54,75
68,"Li | FSI | 1.0 | [""EC"",""EMC""] | [0.3,0.7] | 322.7762915 | 41",FSI,10.9825629,5.4292,13.8899,True,0.72,54,75
69,"Li | FSI | 1.0 | [""EC"",""EMC""] | [0.3,0.7] | 332.5420421 | 31",FSI,15.58303956,4.6843,13.8668,False,0.72,54,75
70,"Li | BF4 | 1.0 | [""EC"",""PC""] | [0.5,0.5] | 213.15 | 13793",BF4,0.02,0.1029,0.246,False,0.72,54,75
71,"Li | BF4 | 1.0 | [""EC"",""EMC""] | [0.3,0.7] | 222.4457746 | 4375",BF4,0.12987013,0.4014,1.26,False,0.72,54,75
72,"Li | BF4 | 1.0 | [""EC"",""EMC""] | [0.3,0.7] | 283.0889854 | 66",BF4,2.856573625,2.9114,9.9003,False,0.72,54,75
73,"Li | BF4 | 1.0 | [""EC"",""PC""] | [0.5,0.5] | 293.15 | 13814",BF4,4.25,4.7411,10.2492,False,0.72,54,75
74,"Li | BF4 | 1.0 | [""EC"",""EMC""] | [0.3,0.7] | 332.6559387 | 70",BF4,10.48660798,6.0376,19.2166,True,0.72,54,75
75,"Li | BF4 | 1.0 | [""EC"",""PC""] | [0.5,0.5] | 353.15 | 13823",BF4,10.79,15.7465,24.8514,False,0.72,54,75
