file,n_atoms,total_charge_e,mu_x_eA,mu_y_eA,mu_z_eA,mu_total_eA,mu_x_D,mu_y_D,mu_z_D,mu_total_D
coordinate_2,10,0.0,-1.9788590100000005,-0.33643168,1.48312971,2.495744977647053,-9.504864922344128,-1.6159502308339309,7.123775612424968,11.98757403800789
coordinate_2p5,10,0.0,-2.00777068,-0.34102178,1.5069923499999998,2.533468946101482,-9.643733591936403,-1.6379974207850996,7.238392757327334,12.168769981065058
coordinate_3,10,0.0,-2.0019820200000007,-0.19069448000000003,1.58555647,2.560915014729035,-9.615929472944938,-0.9159446249971359,7.615752308750271,12.300599067238446
coordinate_3p5,10,0.0,-2.0049453999999995,-0.18491371000000004,1.6136080799999997,2.5802577725817257,-9.63016319372607,-0.8881784032908512,7.750489934097453,12.393506292910596
coordinate_4,10,0.0,-2.010257070000001,-0.18005525999999997,1.6348722500000001,2.5973757252193455,-9.655676232101694,-0.8648422733550639,7.852626095650351,12.475727323689165
coordinate_4p5,10,0.0,-2.0150320600000002,-0.17485663999999998,1.6551908499999999,2.613538941225796,-9.678611486572166,-0.839872237272202,7.950220490923179,12.55336255898164
coordinate_5,10,0.0,-2.0195298200000007,-0.17227372000000005,1.67105293,2.626898708236284,-9.70021514860018,-0.8274659437560102,8.026409308330347,12.617532254845257
coordinate_5p5,10,0.0,-2.02367471,-0.1704958800000001,1.6840165799999998,2.6382266806901664,-9.72012390378126,-0.8189266142898146,8.088676373102457,12.671942825519611
coordinate_6,10,0.0,-2.027896359999999,-0.16864075000000006,1.69701976,2.649656471184947,-9.740401352956077,-0.8100160451313839,8.151133308556858,12.726842449087831
coordinate_6p5,10,0.0,-2.032174590000001,-0.16541043000000008,1.71208561,2.6623920279634867,-9.760950567453547,-0.794500156884274,8.223497670275734,12.78801393542372
coordinate_7,10,0.0,-2.036293530000001,-0.15786913999999996,1.73245498,2.6782110192087187,-9.78073467947234,-0.7582777972174145,8.321335924251821,12.863995788720926
coordinate_7p5,10,0.0,-2.0413653400000005,-0.14610647,1.7553661399999998,2.6962621974481036,-9.8050956211656,-0.7017792852410057,8.431382915934272,12.950699293107785
coordinate_8,10,0.0,-2.04761143,-0.13951139999999995,1.7688466699999998,2.7094269764964496,-9.835096870088735,-0.6701018139372747,8.496132661158217,13.013932421872747
coordinate_8p5,10,0.0,-1.6233864200000006,-0.06530738000000001,2.27629869,2.7966380260267143,-7.7974573028665715,-0.313684715381617,10.933528595025516,13.432824945964713
coordinate_9,10,0.0,-1.6231121500000008,-0.07514981000000003,2.2847807799999997,2.8036340271294447,-7.796139927910056,-0.36095992154076,10.97426980968596,13.466428171430493
coordinate_9p5,10,0.0,-1.6264484800000005,-0.06901297000000002,2.29236213,2.8115870221603796,-7.812165003888744,-0.3314834227324703,11.010684585733605,13.504628034642128
coordinate_10,10,0.0,-1.6303555100000002,-0.07148934,2.2967818600000003,2.8175125070079203,-7.830931268796896,-0.34337793478653783,11.031913453697896,13.5330893513861
coordinate_10p5,10,0.0,-1.6331374800000007,-0.06893485999999995,2.3023127100000003,2.8235675763352144,-7.844293640211127,-0.3311082444123711,11.058479258482414,13.562173088913898
coordinate_11,10,0.0,-1.63953545,-0.07032772999999996,2.3035854700000002,2.828343773130978,-7.875024399866007,-0.3377984841603689,11.064592585312386,13.585114139871473
coordinate_11p5,10,0.0,-1.636859190000001,-0.07100568999999997,2.31069673,2.832608196332936,-7.862169775221949,-0.3410548648273031,11.098749422856697,13.605597037491512
coordinate_12,10,0.0,-1.6383909400000007,-0.0788916600000001,2.31277472,2.8353969160882433,-7.869527084040427,-0.3789327930944914,11.108730434217373,13.618991829362242
coordinate_12p5,10,0.0,-1.6415764199999998,-0.0737369299999999,2.31625575,2.8399385516158446,-7.884827596588221,-0.35417356966646313,11.125450533917968,13.640806234531192
coordinate_13,10,0.0,-1.6449494500000008,-0.07420403000000003,2.31785541,2.843205696531613,-7.9010289501798665,-0.35641714658770535,11.13313402836848,13.656499000387262
coordinate_13p5,10,0.0,-1.628771400000001,-0.0587816300000001,2.3360462699999998,2.8484142481500707,-7.823322464179671,-0.28234020222856204,11.220508452846184,13.681516740066703
coordinate_14,10,0.0,-1.6504330700000005,-0.07672395000000007,2.3203720299999997,2.8484982430501073,-7.92736789960581,-0.3685208382070056,11.145221869412227,13.68192018476639
coordinate_14p5,10,0.0,-1.6565440600000008,-0.07271245000000003,2.31981308,2.8514834821975343,-7.956720235572281,-0.3492527825025298,11.142537118138137,13.69625889950746
coordinate_15,10,0.0,-1.6598603199999995,-0.07624752000000012,2.31943782,2.8531985151865973,-7.972648911232382,-0.366232447385796,11.140734667537698,13.704496554042741
coordinate_15p5,10,0.0,-1.6630966599999994,-0.07268835000000003,2.3205022100000003,2.8558544436549567,-7.988193714771862,-0.34913702526895685,11.145847150601712,13.717253522178215
coordinate_16,10,0.0,-1.6622732199999999,-0.07455031000000006,2.32302102,2.8574703263572316,-7.984238563883346,-0.3580804003155743,11.15794551066378,13.725014937588742
coordinate_16p5,10,0.0,-1.663289670000001,-0.07415072000000006,2.3248148599999996,2.859509571391928,-7.989120781313443,-0.35616108774447836,11.166561691405375,13.734809848949483
coordinate_17,10,0.0,-1.6747127600000002,-0.06973770999999998,2.31814725,2.860652521608562,-8.043988221033553,-0.33496449731585826,11.134535795631797,13.740299672816253
coordinate_17p5,10,0.0,-1.66570053,-0.07677552000000004,2.32641916,2.8622855979319493,-8.000700635426785,-0.3687685394740327,11.174267472725752,13.748143672708732
coordinate_18,10,0.0,-1.663014800000001,-0.0751034000000001,2.33141747,2.864745392723724,-7.987800524434098,-0.36073700481005,11.19827537887264,13.75995857064454
coordinate_18p5,10,0.0,-1.662480940000001,-0.07232683000000004,2.3343350999999997,2.8667393333355484,-7.985236285566246,-0.34740057070126845,11.212289353038175,13.769535875587842
coordinate_19,10,0.0,-1.667415350000002,-0.07590425999999992,2.3312640899999995,2.8671985741181762,-8.008937266932005,-0.36458369933615814,11.197538663333823,13.771741703079163
coordinate_19p5,10,0.0,-1.6681027800000008,-0.07521147,2.33253059,2.8686098729435203,-8.012239133947562,-0.361256087143337,11.203621922102297,13.7785204602479
coordinate_20,10,0.0,-1.6709556300000004,-0.07708975000000011,2.3309975300000003,2.8690738979416097,-8.025941956511815,-0.370277850490864,11.196258321085645,13.780749267305474
coordinate_20p5,10,0.0,-1.6686744999999998,-0.06766369999999995,2.33647355,2.871961283356296,-8.014985222145826,-0.3250026027099403,11.222560766155773,13.794617970536303
coordinate_21,10,0.0,-1.67456388,-0.07968731000000001,2.3305417499999996,2.8708777584684357,-8.043273119915945,-0.3827544629240475,11.194069116441746,13.789413578688745
coordinate_21p5,10,0.0,-1.6711938300000013,-0.07820622000000002,2.33538242,2.872806307066632,-8.027086079874353,-0.3756404844563069,11.217319845397746,13.798676792404022
coordinate_22,10,0.0,-1.66990718,-0.07593726999999999,2.3388477199999995,2.8748156664627738,-8.020906036530919,-0.36474225312372044,11.233964390688213,13.808328156924818
coordinate_22p5,10,0.0,-1.6724476000000004,-0.07735992000000015,2.3372807799999995,2.8750559953721897,-8.033108193846829,-0.3715755323080593,11.226438057095898,13.80948250587509
coordinate_23,10,0.0,-1.67237678,-0.0744257399999999,2.33902512,2.8763556450913246,-8.032768030889082,-0.3574820651045286,11.234816479204225,13.81572498953073
coordinate_23p5,10,0.0,-1.6689375700000002,-0.07349031000000011,2.3443651200000004,2.8786804709960463,-8.016248801209565,-0.35298900332025007,11.260465592369354,13.826891604272195
coordinate_24,10,0.0,-1.6763154899999986,-0.07645481000000015,2.33757896,2.8775257347625502,-8.051686461322523,-0.36722810369066483,11.227870276677095,13.821345169753691
coordinate_24p5,10,0.0,-1.6816676200000003,-0.0787972300000001,2.33281239,2.8768435193019535,-8.07739383736082,-0.3784792264734834,11.204975465190298,13.818068349238365
coordinate_25,10,0.0,-1.67779165,-0.07612794000000002,2.3387757,2.879349242271395,-8.058776759991039,-0.36565808016626633,11.233618463884815,13.83010384961358
coordinate_25p5,10,0.0,-1.6773259000000005,-0.07552373000000001,2.34033379,2.8803278037785365,-8.05653966739616,-0.3627559358468842,11.241102289115425,13.834804080856223
coordinate_26,10,0.0,-1.6785973400000014,-0.0759715,2.34030628,2.8810578235909756,-8.062646653995914,-0.36490666682103173,11.240970152953782,13.8383105154596
coordinate_26p5,10,0.0,-1.6775206899999997,-0.07592122999999999,2.34237313,2.8821088769664454,-8.057475283642118,-0.36466520972013083,11.250897656613958,13.84335893998582
coordinate_27,10,0.0,-1.6782085000000002,-0.07575997000000004,2.3427506100000004,2.8828117807415086,-8.060778975875474,-0.36389064492818196,11.25271077032886,13.846735130710686
coordinate_27p5,10,0.0,-1.6784991000000016,-0.07541468999999994,2.34353582,2.8836100193666416,-8.062174787164953,-0.3622321944050252,11.256482294701216,13.850569234236682
coordinate_28,10,0.0,-1.68006368,-0.07482867000000003,2.3430322799999996,2.884096663399323,-8.06968978519414,-0.3594174203793652,11.254063689000247,13.8529066851478
coordinate_28p5,10,0.0,-1.6807939500000009,-0.07508154999999998,2.34314164,2.884617528652438,-8.073197421499591,-0.36063205478707977,11.254588967467614,13.855408507586176
coordinate_29,10,0.0,-1.6814800900000004,-0.07530385000000012,2.3434015599999998,2.885234277195123,-8.076493092381073,-0.36169980719468475,11.255837416436506,13.858370877092872
coordinate_29p5,10,0.0,-1.6812560700000017,-0.07509421000000001,2.34459906,2.886071008384974,-8.075417078461369,-0.360692863358741,11.26158925407981,13.862389868287119
coordinate_30,10,0.0,-1.6816603000000003,-0.07479197000000007,2.3451525199999996,2.8867482649921037,-8.077358677902325,-0.35924114276641406,11.264247635760027,13.865642870414103
coordinate_30p5,10,0.0,-1.6790046400000005,-0.07431357999999993,2.3489347,2.8882647583242846,-8.06460299927534,-0.35694333766396696,11.282414220559819,13.872926898333816
coordinate_31,10,0.0,-1.6786158700000007,-0.07532693000000018,2.35025788,2.8891413063228977,-8.062735657379235,-0.3618106651594512,11.288769724971397,13.877137137811548
coordinate_31p5,10,0.0,-1.682642420000001,-0.07464266000000001,2.34702716,2.8888394780695243,-8.082076001314636,-0.35852397627078,11.273251915442401,13.87568739492256
coordinate_32,10,0.0,-1.6811273399999997,-0.07474466000000002,2.349314,2.8898187085161573,-8.07479876191871,-0.35901390315146214,11.284236076107296,13.880390839218519
coordinate_32p5,10,0.0,-1.6807632000000003,-0.07462481999999993,2.3506364499999997,2.8906790756330727,-8.073049722954677,-0.3584382870987073,11.290588074179432,13.884523358609027
coordinate_33,10,0.0,-1.68312041,-0.07460237000000004,2.34884488,2.8905937276743683,-8.084371885135193,-0.3583304551529106,11.281982796712535,13.88411341489157
coordinate_33p5,10,0.0,-1.681966870000001,-0.07355811000000001,2.3510986999999997,2.8917275882188593,-8.07883119637106,-0.35331466059976185,11.292808355557819,13.889559579202267
coordinate_34,10,0.0,-1.6830967400000008,-0.07359148999999993,2.35061142,2.8919896942128727,-8.08425819327965,-0.35347499157306705,11.290467849965477,13.890818527947905
coordinate_34p5,10,0.0,-1.6833017700000017,-0.073584,2.3511548899999997,2.8925505649360823,-8.085242994341874,-0.35343901556977025,11.293078247630618,13.893512504848768
coordinate_35,10,0.0,-1.6836077400000002,-0.07352434000000009,2.3515842499999997,2.8930761026299336,-8.08671263088777,-0.35315245637661874,11.295140551606007,13.896036769976508
coordinate_35p5,10,0.0,-1.6839100900000008,-0.07355434000000004,2.3519704399999997,2.893566723400454,-8.08816487983262,-0.3532965525179956,11.296995501233955,13.898393321973556
coordinate_36,10,0.0,-1.6845331100000003,-0.07367591999999998,2.35196192,2.8939255023245165,-8.091157372432644,-0.3538805261469496,11.296954577929805,13.900116610592384
coordinate_36p5,10,0.0,-1.6847607699999996,-0.07347696999999993,2.35242849,2.894432158095099,-8.092250870017503,-0.3529249285693835,11.299195609152548,13.902550181977297
coordinate_37,10,0.0,-1.6851539200000003,-0.07347875999999992,2.35270419,2.8948851217114058,-8.094139249950254,-0.352933526305819,11.300519852691803,13.904725858953764
coordinate_37p5,10,0.0,-1.68540993,-0.07326748000000011,2.35309978,2.8953502949391465,-8.095368918388719,-0.35191870521414803,11.30241995244405,13.90696018119341
coordinate_38,10,0.0,-1.6857131500000007,-0.07316530000000002,2.35343428,2.8957960728418244,-8.096825346121665,-0.35142791375661714,11.304026624420406,13.909101343716312
coordinate_38p5,10,0.0,-1.686457340000001,-0.07307031000000004,2.35328102,2.8961024134059232,-8.100399843036715,-0.35097165734097024,11.303290485266155,13.910572760157443
coordinate_39,10,0.0,-1.6868315800000002,-0.07344936000000013,2.3533757299999998,2.8964068972302113,-8.102197394368345,-0.3527923120872704,11.303745396784482,13.912035258297164
coordinate_39p5,10,0.0,-1.6872805900000016,-0.07278038999999996,2.35365736,2.8968803466559465,-8.104354081316343,-0.3495791122307015,11.305098123327685,13.91430933281002
coordinate_40,10,0.0,-1.6859288800000023,-0.07392660000000001,2.35550026,2.8976201968970483,-8.097861541474316,-0.3550845935042969,11.31394994929248,13.917862984974677
coordinate_40p5,10,0.0,-1.6857330300000006,-0.07312832000000016,2.35640146,2.898218666751896,-8.096920833831351,-0.35125029124634705,11.318278597379448,13.920737558201811
coordinate_41,10,0.0,-1.6891405800000014,-0.07105552000000002,2.3536208899999997,2.89789166115119,-8.113287994049674,-0.3412942085181307,11.304922950451816,13.919166883359463
coordinate_41p5,10,0.0,-1.6845761499999998,-0.07655267000000004,2.3583413899999996,2.8992121737154872,-8.09136410236347,-0.36769814530383643,11.327596478297503,13.925509575531304
coordinate_42,10,0.0,-1.68764002,-0.07176051000000004,2.3562553300000006,2.8991753289607156,-8.106080497186174,-0.3446804198084457,11.317576705074805,13.925332602631553
coordinate_42p5,10,0.0,-1.6889459100000002,-0.07213179,2.3553478099999996,2.899207579340625,-8.112352954188273,-0.34646375365412857,11.313217700734047,13.925487507808315
coordinate_43,10,0.0,-1.6885851,-0.07148193000000007,2.3563294799999994,2.8997789440879114,-8.110619909895929,-0.343342343039618,11.317932862704236,13.928231889655077
coordinate_43p5,10,0.0,-1.6894372400000006,-0.07149755000000002,2.3559245399999997,2.899946641876197,-8.114712912759702,-0.34341736909722814,11.315987852987929,13.929037376462059
coordinate_44,10,0.0,-1.6911230900000005,-0.06557642000000008,2.35532689,2.900303834281546,-8.122810395424388,-0.3149769695774872,11.313117217691463,13.930753044706726
coordinate_44p5,10,0.0,-1.6901864000000018,-0.07282624000000003,2.3559337599999997,2.900423694822058,-8.118311281602177,-0.34979933916677314,11.316032138535379,13.931328759419765
coordinate_45,10,0.0,-1.689625280000001,-0.07112991999999997,2.35726171,2.90113354083648,-8.115616107373855,-0.3416515669487457,11.322410554233437,13.934738295141434
coordinate_45p5,10,0.0,-1.6906192999999994,-0.07052309999999994,2.3567485400000003,2.901280890565102,-8.120390588922236,-0.33873688626506365,11.31994569367109,13.935446046052348
coordinate_46,10,0.0,-1.6902270699999997,-0.06982974000000004,2.3577986599999994,2.9018887404321765,-8.118506627937826,-0.33540653624555644,11.324989635003849,13.938365673398415
coordinate_46p5,10,0.0,-1.6904889800000005,-0.06898294,2.3580899,2.9022576753270024,-8.119764635284099,-0.33133918249495176,11.326388520344342,13.940137743223875
coordinate_47,10,0.0,-1.6828058499999998,-0.07118477000000001,2.3663884299999998,2.904599284223564,-8.082860989060807,-0.34191502272723034,11.366248058747745,13.951384970110835
coordinate_47p5,10,0.0,-1.6915680099999992,-0.06970492999999998,2.3577160999999993,2.9025999238477334,-8.1249474372651,-0.33480704826538027,11.324593082422778,13.94178163293152
coordinate_48,10,0.0,-1.6915894400000004,-0.07038274000000015,2.35803504,2.9028878403199156,-8.125050369942095,-0.3380627084516083,11.326125016533808,13.943164554687533
coordinate_48p5,10,0.0,-1.6918087899999987,-0.06979695000000005,2.3582775399999996,2.903198503688477,-8.12610395289579,-0.3352490391630313,11.327289793676606,13.944656734443429
coordinate_49,10,0.0,-1.6918816900000007,-0.07124688,2.3584272200000003,2.903397789298587,-8.126454106519345,-0.342213349771928,11.328008737357987,13.945613944025057
coordinate_49p5,10,0.0,-1.693160970000001,-0.07019990000000007,2.3576243,2.9034659350923757,-8.132598750244043,-0.33718449050196153,11.324152148230167,13.945941262222926
coordinate_50,10,0.0,-1.6926005400000008,-0.07172215999999994,2.3584112199999994,2.9038154450421336,-8.129906890226977,-0.34449621690771814,11.327931886082581,13.947620030060692
coordinate_50p5,10,0.0,-1.6928310299999998,-0.07051108000000009,2.3587367299999995,2.904184510320361,-8.131013980881171,-0.33867915174441926,11.32949537724857,13.94939272614432
coordinate_51,10,0.0,-1.692293900000001,-0.06939746000000004,2.35983971,2.904740626686753,-8.128434035533914,-0.3333302069124065,11.334793215982444,13.952063866896111
coordinate_51p5,10,0.0,-1.6929748899999995,-0.07003853999999997,2.3594432999999997,2.904830814551982,-8.131704969911121,-0.33640944538954076,11.332889177602333,13.952497057675396
coordinate_52,10,0.0,-1.6961606000000007,-0.06821974000000011,2.35658331,2.904324295062207,-8.147006587196008,-0.32767337665831864,11.31915206015643,13.950064140875101
coordinate_52p5,10,0.0,-1.6958206100000002,-0.06817882999999995,2.35741827,2.904802367440982,-8.145373545625779,-0.3274768775535266,11.323162543963239,13.952360420377783
coordinate_53,10,0.0,-1.6929174700000011,-0.06952419999999998,2.36077136,2.905863828332824,-8.131429169896533,-0.3339389650776774,11.33926812165291,13.957458834335688
coordinate_53p5,10,0.0,-1.6905260799999993,-0.06970663000000006,2.36371583,2.906869444336761,-8.11994283417893,-0.33481521371339196,11.35341101383293,13.962289013864833
coordinate_54,10,0.0,-1.6905348199999999,-0.07118700000000004,2.36362902,2.9068398151235635,-8.119984814188122,-0.34192573387373953,11.352994047631832,13.962146698688374
coordinate_54p5,10,0.0,-1.6911963900000009,-0.06870370000000002,2.36369358,2.907217358244124,-8.123162470329822,-0.3299979356110137,11.353304142528076,13.963960115584246
coordinate_55,10,0.0,-1.6931572800000003,-0.07005487999999999,2.36164707,2.9067277382425067,-8.13258102641865,-0.3364879297545442,11.343474336051754,13.961608370485111
coordinate_55p5,10,0.0,-1.6910355700000013,-0.07045801999999997,2.3639320199999996,2.90735966587707,-8.122390018947947,-0.3384242937023697,11.35444941865974,13.964643648277448
coordinate_56,10,0.0,-1.6923833900000007,-0.07075850000000003,2.36291442,2.9073240033257526,-8.128863874323642,-0.3398675606544031,11.34956167754423,13.964472353742899
coordinate_56p5,10,0.0,-1.6933525800000009,-0.06931616999999997,2.3624969499999997,2.907514321611405,-8.133519092299018,-0.33293975440132134,11.347556483672872,13.965386491429433
coordinate_57,10,0.0,-1.6942078200000013,-0.07004529000000007,2.36183614,2.907493152564669,-8.137626985097398,-0.33644186702135104,11.344382477966759,13.96528481216439
coordinate_57p5,10,0.0,-1.6943707100000003,-0.06917324000000004,2.3621336599999996,2.907808877444148,-8.138409379113025,-0.332253232351754,11.345811527432842,13.96680130339338
coordinate_58,10,0.0,-1.6941981000000013,-0.06840910999999988,2.36271149,2.908159657472854,-8.137580297947592,-0.328582959534737,11.34858696321191,13.968486171680334
coordinate_58p5,10,0.0,-1.6941530199999995,-0.06861360000000005,2.36301961,2.9083885501295437,-8.13736376947914,-0.32956516686641124,11.350066926647944,13.96958558996762
coordinate_59,10,0.0,-1.694162710000001,-0.06860099999999991,2.36329077,2.908614214488188,-8.137410312532813,-0.3295046464870322,11.351369363637806,13.97066950207852
coordinate_59p5,10,0.0,-1.6943646000000006,-0.06876969000000004,2.3633670799999997,2.9087977968266516,-8.138380031532233,-0.3303148990899963,11.351735896189421,13.971551285631772
coordinate_60,10,0.0,-1.6950832400000002,-0.06739505999999999,2.3631855699999997,2.9090368376659526,-8.141831806566872,-0.32371226979595563,11.350864066502043,13.972699447717599
coordinate_60p5,10,0.0,-1.6957147199999998,-0.06933889,2.3624723,2.9088712005790835,-8.144864934278763,-0.3330488832123911,11.347438084676709,13.971903858881374
coordinate_61,10,0.0,-1.69580426,-0.06870695999999997,2.3627431099999994,2.90912834684877,-8.14529501322873,-0.33001359405837644,11.348738840544916,13.973138985055751
coordinate_61p5,10,0.0,-1.6957875900000006,-0.06859468000000009,2.3630481399999996,2.909363726397882,-8.145214943806172,-0.3294742902332496,11.350203962078394,13.97426956121529
coordinate_62,10,0.0,-1.6958391700000006,-0.06850653000000005,2.36327235,2.9095738236782127,-8.145462693105246,-0.32905088773783636,11.351280888607,13.97527870146227
coordinate_62p5,10,0.0,-1.6958425900000003,-0.06839711000000011,2.3635822899999996,2.9098249941046115,-8.145479120065362,-0.3285253210781872,11.352769593875612,13.976485124438009
coordinate_63,10,0.0,-1.6960289900000003,-0.06867062000000002,2.36360797,2.9099609318372517,-8.146374437423786,-0.32983904559912186,11.352892940172634,13.977138061196042
coordinate_63p5,10,0.0,-1.6961549900000001,-0.06810744000000007,2.3637892,2.91016833800416,-8.146979641217568,-0.32713397676909683,11.353763424962692,13.978134275474352
coordinate_64,10,0.0,-1.6958488000000007,-0.06815518999999996,2.3643591,2.9104539570551857,-8.14550894796663,-0.3273633297941215,11.356500771328387,13.979506162246238
coordinate_64p5,10,0.0,-1.696133500000001,-0.06814051000000011,2.36432832,2.910594506914238,-8.146876420348299,-0.32729281874894167,11.356352928687333,13.980181251991588
coordinate_65,10,0.0,-1.6961322399999994,-0.06809817,2.36457758,2.9107952638692094,-8.146870368310354,-0.3270894510614109,11.357550175493989,13.98114552874379
coordinate_65p5,10,0.0,-1.6961016800000008,-0.06810132999999997,2.36487013,2.911015189210254,-8.146723582374344,-0.3271046291883025,11.35895535303265,13.982201875178308
coordinate_66,10,0.0,-1.6960389800000009,-0.0680509,2.36511722,2.9111782169786142,-8.146422421438867,-0.32686240357464774,11.36014217688508,13.982984930923577
coordinate_66p5,10,0.0,-1.6960121400000006,-0.06802168000000006,2.365374,2.911370517102453,-8.14629350342438,-0.3267220539329467,11.361375543791175,13.983908587784628
coordinate_67,10,0.0,-1.6960137700000013,-0.06799923999999997,2.3656364300000003,2.911584160489499,-8.146301332648065,-0.32661427001919624,11.362636048803896,13.984934760708095
coordinate_67p5,10,0.0,-1.6950325900000007,-0.06796745000000023,2.3667587,2.9119240717174106,-8.141588524248183,-0.3264615761413849,11.36802654135667,13.986567423919857
coordinate_68,10,0.0,-1.6950575899999998,-0.06784244,2.3669515499999996,2.912092455628626,-8.141708604365991,-0.32586112752026536,11.368952839385488,13.987376206315727
coordinate_68p5,10,0.0,-1.6952690500000007,-0.06778754000000001,2.36694899,2.9122121872777704,-8.142724290034517,-0.32559743158154525,11.368940543181425,13.98795130193714
coordinate_69,10,0.0,-1.6959166799999998,-0.06808972000000003,2.36651257,2.9122416347961075,-8.145834989502514,-0.3270488639815899,11.366844328580765,13.988092744395992
coordinate_69p5,10,0.0,-1.6953434100000004,-0.06771830999999998,2.3673305399999998,2.912563979203955,-8.143081456336942,-0.3252649057192939,11.370773205939505,13.989641030574834
coordinate_70,10,0.0,-1.6954474599999996,-0.06765336999999991,2.3674286799999997,2.9127028037510705,-8.14358122978728,-0.3249529856052592,11.371244592449996,13.99030783329376
coordinate_70p5,10,0.0,-1.6960390600000004,-0.06771799999999993,2.3670497299999997,2.9127407445330173,-8.146422805695241,-0.32526341672583275,11.369424418024169,13.990490070636406
coordinate_71,10,0.0,-1.6964621700000007,-0.06760622000000005,2.3668545200000004,2.9128259155102683,-8.148455089641178,-0.3247265145030622,11.36848678443223,13.990899164275712
coordinate_71p5,10,0.0,-1.6968319000000007,-0.06753081000000012,2.3667494,2.912954107011854,-8.150230978519557,-0.3243643048356876,11.367981871552843,13.99151489430024
coordinate_72,10,0.0,-1.6974196800000008,-0.06761534000000013,2.36636872,2.9129892418697776,-8.153054206185512,-0.3247703197300413,11.366153387582862,13.991683654215395
coordinate_72p5,10,0.0,-1.69791991,-0.06757686000000006,2.36609727,2.9130593787088035,-8.155456913278877,-0.3245854924127012,11.364849557663634,13.992020535811129
coordinate_73,10,0.0,-1.6954437000000007,-0.06689049000000005,2.36869162,2.91370960601436,-8.143563169737567,-0.32128871679413434,11.377310751809691,13.995143710669419
coordinate_73p5,10,0.0,-1.6953331400000002,-0.06667648000000008,2.3690279899999998,2.9139138329694805,-8.143032127424544,-0.3202607829535973,11.378926405778858,13.996124654542687
coordinate_74,10,0.0,-1.6926954199999993,-0.0663436799999999,2.37159223,2.9144586073851335,-8.130362618290098,-0.3186622764252531,11.39124297543102,13.99874131758324
coordinate_74p5,10,0.0,-1.6925019000000003,-0.06615760000000001,2.3719413299999994,2.914626079363104,-8.129433102114126,-0.3177684960923385,11.392919774196175,13.99954571977705
coordinate_75,10,0.0,-1.6960006000000005,-0.06653503000000005,2.36897566,2.914256444290704,-8.146238074441996,-0.31958136964700407,11.378675054076249,13.997770286855369
coordinate_75p5,10,0.0,-1.6985135800000006,-0.06701974000000004,2.3667290299999997,2.9139056828316914,-8.158308431820592,-0.32190953100323394,11.367884030272846,13.996085507762452
coordinate_76,10,0.0,-1.6987656599999994,-0.06712911000000005,2.36665271,2.9139931596959814,-8.15951922366453,-0.32243485750264783,11.367517449689185,13.99650567704925
coordinate_76p5,10,0.0,-1.6992915900000005,-0.06740159999999987,2.36623946,2.9139704984073505,-8.162045373119017,-0.3237436827547752,11.365532525341715,13.996396830240904
coordinate_77,10,0.0,-1.69859297,-0.06713045999999996,2.36715682,2.914301972491139,-8.15868975824272,-0.32244134182900935,11.369938793216837,13.997988968122254
coordinate_77p5,10,0.0,-1.6988093699999998,-0.06824978999999999,2.36693977,2.914277815212972,-8.15972917174252,-0.3278177129599308,11.368896257633976,13.997872935769918
coordinate_78,10,0.0,-1.699000250000001,-0.06703519000000009,2.3670958100000004,2.9144876290555706,-8.16064600745806,-0.32198374051604345,11.369645749697327,13.99888071460745
coordinate_78p5,10,0.0,-1.6988539000000005,-0.06690299000000004,2.3674300199999996,2.9146707332412953,-8.159943058448373,-0.3213487568530414,11.371251028744311,13.999760201495214
coordinate_79,10,0.0,-1.6990820900000005,-0.06695004000000002,2.36735869,2.9147468884164347,-8.161039101731735,-0.32157474763476773,11.370908416152165,14.00012599039133
coordinate_79p5,10,0.0,-1.6991535500000006,-0.0668390099999999,2.3674604999999995,2.914868686372618,-8.161382338740495,-0.32104144781553046,11.371397430423949,14.000711010908452
coordinate_80,10,0.0,-1.6991031899999998,-0.06675126999999992,2.36769407,2.9150270309943873,-8.161140449351166,-0.32062001463404965,11.372519314948669,14.001471572541943
